byte offset: 0
first index: 46374
index count: 43485
topology: trianglelist
format: DXGI_FORMAT_R16_UINT

11260 11261 11262
11261 11260 11263
11260 11264 11263
11264 11260 11265
11263 11266 11261
11266 11263 11267
11263 11268 11267
11268 11263 11264
11262 11269 11260
11269 11265 11260
11269 11262 11270
11265 11269 11271
11272 11266 11267
11268 11272 11267
11266 11272 11273
11272 11274 11273
11274 11272 11275
11272 11276 11275
11276 11272 11277
11272 11268 11277
11270 11278 11269
11278 11271 11269
11278 11270 11279
11279 11280 11278
11280 11279 11281
11280 11282 11278
11271 11278 11282
11282 11280 11283
11281 11284 11280
11284 11281 11285
11286 11284 11285
11284 11286 11287
11288 11287 11286
11287 11288 11289
11290 11287 11289
11287 11290 11291
11291 11284 11287
11292 11289 11288
11289 11292 11293
11294 11289 11293
11289 11294 11290
11284 11291 11295
11280 11295 11283
11295 11280 11284
11296 11293 11292
11293 11296 11297
11298 11297 11296
11297 11298 11299
11300 11297 11299
11297 11300 11301
11301 11293 11297
11293 11301 11294
11302 11303 11304
11303 11302 11305
11303 11306 11304
11306 11303 11307
11275 11307 11303
11305 11275 11303
11307 11275 11276
11275 11305 11274
11308 11309 11310
11309 11308 11311
11312 11309 11311
11309 11312 11313
11314 11311 11308
11311 11314 11315
11316 11311 11315
11311 11316 11312
11314 11317 11315
11317 11316 11315
11317 11314 11318
11316 11317 11319
11320 11321 11322
11321 11320 11323
11320 11324 11323
11324 11320 11325
11323 11326 11321
11326 11323 11327
11328 11323 11324
11323 11328 11327
11329 11330 11331
11330 11329 11332
11331 11333 11329
11333 11331 11334
11332 11335 11330
11335 11332 11336
11337 11333 11334
11333 11337 11338
11337 11339 11338
11339 11340 11338
11340 11341 11338
11341 11342 11338
11342 11343 11332
11343 11342 11344
11342 11341 11344
11345 11332 11343
11332 11345 11336
11339 11346 11340
11346 11339 11347
11348 11346 11347
11346 11348 11349
11350 11351 11352
11351 11350 11353
11354 11352 11351
11352 11354 11355
11356 11353 11350
11353 11356 11357
11354 11358 11355
11358 11354 11359
11360 11353 11357
11353 11360 11361
11362 11358 11359
11362 11359 11363
11364 11363 11359
11365 11364 11359
11361 11365 11353
11364 11365 11366
11365 11361 11366
11363 11367 11362
11367 11363 11368
11368 11369 11367
11369 11368 11370
11371 11372 11373
11372 11371 11374
11375 11371 11373
11371 11375 11376
11377 11378 11379
11378 11377 11380
11381 11377 11379
11377 11381 11382
11383 11379 11378
11379 11383 11384
11379 11385 11381
11385 11379 11384
11386 11380 11377
11382 11386 11377
11380 11386 11387
11386 11382 11388
11383 11389 11384
11389 11385 11384
11389 11383 11390
11391 11389 11390
11389 11391 11392
11393 11389 11392
11389 11393 11394
11385 11389 11394
11395 11392 11391
11392 11395 11396
11397 11392 11396
11392 11397 11393
11396 11398 11397
11398 11396 11399
11396 11400 11399
11400 11396 11395
11401 11386 11388
11386 11401 11402
11403 11402 11401
11402 11403 11404
11403 11405 11404
11405 11406 11404
11406 11402 11404
11406 11405 11407
11405 11403 11408
11408 11409 11405
11409 11407 11405
11409 11408 11410
11410 11411 11409
11411 11412 11409
11407 11409 11412
11412 11411 11413
11411 11410 11414
11402 11406 11415
11415 11386 11402
11386 11415 11387
11416 11417 11418
11417 11416 11419
11417 11420 11418
11420 11417 11421
11418 11422 11416
11422 11418 11423
11418 11424 11423
11424 11418 11420
11425 11423 11426
11423 11425 11427
11423 11428 11426
11428 11423 11429
11426 11430 11425
11430 11426 11431
11426 11432 11431
11432 11426 11428
11431 11433 11430
11433 11431 11434
11435 11431 11432
11431 11435 11434
11434 11436 11433
11436 11434 11437
11438 11434 11435
11434 11438 11437
11439 11440 11441
11440 11439 11442
11440 11443 11441
11443 11440 11444
11441 11445 11439
11445 11441 11446
11447 11441 11443
11441 11447 11446
11448 11445 11446
11447 11448 11446
11445 11448 11449
11448 11447 11450
11451 11452 11453
11452 11451 11454
11455 11454 11451
11454 11455 11456
11457 11458 11459
11458 11457 11460
11461 11458 11460
11458 11461 11462
11463 11460 11457
11460 11463 11464
11465 11460 11464
11460 11465 11461
11466 11467 11468
11467 11466 11469
11470 11469 11466
11469 11470 11471
11467 11472 11468
11472 11467 11473
11470 11474 11471
11474 11470 11475
11474 11475 11476
11476 11475 11477
11478 11476 11477
11476 11478 11479
11477 11475 11480
11481 11480 11475
11468 11482 11481
11480 11481 11482
11482 11468 11483
11472 11483 11468
11483 11472 11484
11485 11484 11472
11484 11485 11486
11478 11487 11479
11487 11478 11488
11473 11489 11472
11490 11491 11489
11491 11490 11492
11492 11493 11491
11493 11492 11494
11489 11473 11490
11495 11496 11497
11496 11495 11498
11498 11499 11496
11499 11498 11500
11501 11495 11497
11495 11501 11502
11503 11499 11500
11499 11503 11504
11497 11505 11501
11506 11501 11505
11501 11506 11507
11505 11497 11508
11509 11504 11503
11509 11510 11504
11511 11504 11510
11511 11512 11504
11512 11511 11513
11514 11510 11509
11510 11514 11515
11513 11497 11512
11497 11513 11508
11516 11515 11514
11515 11516 11517
11518 11519 11520
11519 11518 11521
11519 11522 11520
11522 11519 11523
11524 11521 11518
11521 11524 11525
11502 11525 11524
11525 11502 11501
11526 11527 11528
11529 11530 11531
11530 11529 11532
11529 11533 11532
11533 11529 11534
11535 11536 11537
11536 11535 11538
11539 11538 11535
11538 11539 11540
11541 11537 11536
11537 11541 11542
11543 11540 11539
11540 11543 11544
11545 11542 11541
11542 11545 11546
11547 11544 11543
11544 11547 11548
11549 11546 11545
11546 11549 11550
11551 11550 11549
11550 11551 11552
11553 11554 11555
11554 11553 11556
11557 11553 11555
11553 11557 11558
11559 11554 11556
11554 11559 11560
11557 11561 11558
11561 11557 11562
11562 11563 11561
11563 11562 11564
11559 11565 11560
11565 11559 11566
11567 11565 11566
11565 11567 11568
11569 11568 11567
11568 11569 11570
11571 11572 11573
11572 11571 11574
11572 11575 11573
11575 11572 11576
11571 11577 11574
11577 11571 11578
11579 11575 11576
11575 11579 11580
11581 11580 11579
11580 11581 11582
11583 11577 11578
11577 11583 11584
11583 11585 11584
11585 11583 11586
11586 11587 11585
11587 11586 11588
11589 11590 11591
11590 11589 11592
11591 11593 11589
11593 11591 11594
11595 11590 11592
11590 11595 11596
11594 11597 11593
11597 11594 11598
11599 11596 11595
11596 11599 11600
11598 11601 11597
11602 11601 11598
11601 11602 11603
11604 11603 11602
11603 11604 11605
11606 11605 11604
11605 11606 11607
11608 11600 11599
11600 11608 11609
11606 11610 11607
11610 11606 11611
11611 11612 11610
11612 11611 11613
11614 11609 11608
11614 11615 11609
11615 11614 11616
11613 11617 11612
11617 11613 11618
11616 11619 11615
11619 11616 11620
11618 11621 11617
11621 11618 11622
11620 11623 11619
11623 11620 11624
11625 11621 11622
11621 11625 11626
11627 11623 11624
11623 11627 11628
11622 11629 11625
11630 11626 11625
11626 11630 11631
11630 11632 11631
11633 11628 11627
11628 11633 11634
11635 11632 11630
11632 11635 11636
11637 11634 11633
11634 11637 11638
11639 11638 11637
11638 11639 11640
11639 11641 11640
11641 11642 11640
11641 11639 11643
11643 11644 11641
11644 11643 11645
11645 11646 11644
11646 11647 11644
11647 11646 11648
11649 11650 11651
11650 11649 11652
11653 11652 11649
11652 11653 11654
11653 11655 11654
11655 11653 11656
11657 11655 11656
11655 11657 11658
11657 11659 11658
11659 11657 11660
11661 11659 11660
11659 11661 11662
11661 11663 11662
11663 11661 11664
11665 11663 11664
11663 11665 11666
11667 11666 11665
11666 11667 11668
11669 11668 11667
11668 11669 11670
11671 11670 11669
11670 11671 11672
11673 11674 11675
11674 11673 11676
11677 11676 11673
11676 11677 11678
11679 11678 11677
11678 11679 11680
11681 11680 11679
11680 11681 11682
11683 11682 11681
11682 11683 11684
11685 11684 11683
11684 11685 11686
11687 11686 11685
11686 11687 11688
11689 11690 11691
11690 11689 11692
11693 11691 11690
11691 11693 11694
11689 11695 11692
11695 11689 11696
11697 11694 11693
11694 11697 11698
11696 11699 11695
11699 11696 11700
11701 11698 11697
11701 11702 11698
11702 11701 11703
11703 11704 11702
11704 11703 11705
11705 11706 11704
11706 11705 11707
11700 11708 11699
11708 11700 11709
11710 11706 11707
11706 11710 11711
11712 11711 11710
11711 11712 11713
11709 11714 11708
11715 11714 11709
11714 11715 11716
11717 11713 11712
11713 11717 11718
11719 11716 11715
11716 11719 11720
11721 11718 11717
11718 11721 11722
11723 11720 11719
11720 11723 11724
11721 11725 11722
11725 11721 11726
11723 11727 11724
11727 11723 11728
11729 11722 11725
11726 11730 11725
11730 11726 11731
11731 11732 11730
11728 11733 11727
11733 11728 11734
11732 11735 11730
11735 11732 11736
11734 11737 11733
11737 11734 11738
11738 11739 11737
11739 11738 11740
11741 11739 11740
11740 11742 11741
11739 11741 11743
11744 11743 11741
11743 11744 11745
11746 11745 11744
11747 11746 11744
11746 11747 11748
11749 11750 11751
11750 11749 11752
11752 11753 11750
11753 11752 11754
11755 11753 11754
11753 11755 11756
11755 11757 11756
11757 11755 11758
11759 11757 11758
11757 11759 11760
11759 11761 11760
11761 11759 11762
11763 11761 11762
11761 11763 11764
11765 11766 11767
11766 11765 11768
11769 11768 11765
11768 11769 11770
11768 11771 11766
11771 11768 11772
11768 11773 11772
11773 11768 11770
11767 11774 11765
11774 11769 11765
11774 11767 11775
11769 11774 11776
11777 11771 11772
11772 11773 11777
11771 11777 11778
11779 11766 11771
11778 11779 11771
11766 11779 11780
11780 11767 11766
11780 11781 11767
11781 11775 11767
11777 11773 11782
11783 11770 11769
11770 11783 11784
11784 11773 11770
11785 11778 11777
11782 11785 11777
11782 11786 11785
11787 11776 11774
11775 11787 11774
11776 11787 11788
11779 11778 11789
11775 11781 11790
11787 11775 11791
11778 11785 11792
11792 11789 11778
11786 11792 11785
11793 11786 11782
11793 11782 11773
11786 11793 11794
11795 11793 11773
11784 11795 11773
11793 11795 11796
11794 11793 11796
11791 11790 11797
11790 11791 11775
11798 11788 11787
11791 11798 11787
11788 11798 11799
11789 11792 11800
11798 11791 11801
11797 11801 11791
11800 11802 11789
11802 11803 11789
11779 11789 11803
11779 11803 11804
11779 11804 11805
11806 11779 11805
11780 11779 11806
11806 11781 11780
11781 11806 11807
11807 11790 11781
11790 11807 11808
11802 11800 11809
11810 11807 11806
11811 11809 11800
11792 11811 11800
11811 11792 11812
11792 11786 11812
11786 11794 11812
11809 11811 11813
11805 11814 11806
11806 11814 11810
11790 11808 11815
11790 11815 11797
11816 11807 11810
11816 11808 11807
11808 11816 11817
11818 11809 11813
11809 11818 11819
11802 11809 11819
11820 11802 11819
11820 11803 11802
11820 11821 11803
11803 11821 11804
11815 11822 11797
11801 11797 11822
11822 11815 11823
11804 11821 11824
11824 11805 11804
11825 11819 11818
11819 11825 11820
11824 11826 11805
11826 11814 11805
11827 11820 11825
11820 11827 11821
11814 11826 11828
11828 11829 11814
11810 11814 11829
11810 11829 11830
11828 11830 11829
11810 11830 11831
11816 11810 11831
11832 11816 11831
11832 11817 11816
11817 11832 11833
11830 11834 11831
11831 11835 11832
11835 11831 11834
11836 11827 11825
11837 11836 11825
11830 11828 11838
11830 11838 11834
11839 11827 11836
11827 11839 11840
11840 11821 11827
11821 11840 11824
11841 11824 11840
11839 11841 11840
11841 11826 11824
11842 11826 11841
11826 11842 11843
11826 11843 11828
11844 11839 11836
11841 11845 11842
11841 11839 11845
11844 11845 11839
11845 11844 11846
11846 11847 11845
11845 11847 11842
11847 11846 11848
11849 11842 11847
11849 11843 11842
11847 11850 11849
11850 11847 11848
11828 11843 11851
11849 11851 11843
11828 11851 11838
11852 11849 11850
11849 11852 11853
11851 11849 11853
11838 11851 11854
11854 11851 11853
11855 11838 11854
11838 11855 11834
11855 11835 11834
11835 11855 11856
11856 11857 11835
11857 11832 11835
11857 11833 11832
11833 11857 11858
11857 11856 11859
11859 11858 11857
11854 11860 11855
11860 11856 11855
11854 11853 11860
11861 11860 11853
11852 11861 11853
11856 11860 11862
11862 11860 11861
11862 11859 11856
11858 11863 11833
11833 11863 11864
11865 11833 11864
11833 11865 11817
11866 11817 11865
11817 11866 11808
11815 11808 11866
11866 11823 11815
11823 11866 11867
11865 11867 11866
11867 11865 11868
11864 11868 11865
11869 11823 11867
11823 11869 11870
11870 11822 11823
11822 11870 11871
11871 11801 11822
11801 11871 11872
11872 11798 11801
11798 11872 11873
11874 11798 11873
11798 11874 11799
11875 11799 11874
11799 11875 11876
11877 11799 11876
11799 11877 11788
11878 11788 11877
11788 11878 11776
11878 11769 11776
11769 11878 11783
11873 11879 11874
11879 11873 11880
11874 11881 11875
11881 11874 11879
11880 11882 11879
11882 11881 11879
11882 11880 11883
11873 11884 11880
11881 11882 11885
11886 11885 11882
11885 11886 11887
11888 11882 11883
11882 11888 11886
11889 11880 11884
11880 11889 11883
11890 11886 11888
11887 11886 11890
11888 11891 11890
11887 11890 11892
11893 11892 11890
11893 11890 11894
11895 11893 11894
11893 11895 11896
11897 11894 11890
11891 11897 11890
11892 11893 11898
11896 11898 11893
11899 11894 11897
11894 11899 11895
11895 11900 11896
11888 11901 11891
11897 11891 11901
11901 11888 11902
11902 11883 11889
11883 11902 11888
11895 11899 11903
11903 11900 11895
11899 11897 11904
11901 11904 11897
11904 11903 11899
11905 11900 11903
11900 11905 11906
11902 11907 11901
11907 11904 11901
11907 11902 11908
11889 11908 11902
11908 11889 11909
11884 11909 11889
11909 11884 11910
11872 11910 11884
11884 11873 11872
11910 11872 11871
11910 11871 11870
11910 11870 11911
11870 11869 11911
11903 11904 11912
11904 11907 11912
11912 11905 11903
11913 11910 11911
11910 11913 11909
11914 11911 11869
11911 11914 11915
11916 11914 11869
11867 11916 11869
11916 11867 11868
11868 11917 11916
11917 11914 11916
11917 11868 11918
11868 11864 11918
11919 11918 11864
11919 11864 11920
11864 11863 11920
11921 11920 11863
11863 11922 11921
11922 11863 11858
11858 11859 11922
11859 11923 11922
11923 11921 11922
11923 11859 11924
11859 11862 11924
11862 11925 11924
11925 11862 11926
11862 11861 11926
11920 11921 11927
11927 11919 11920
11918 11919 11928
11924 11929 11923
11929 11924 11925
11921 11923 11930
11930 11927 11921
11923 11931 11930
11931 11923 11929
11927 11930 11932
11931 11932 11930
11932 11931 11933
11932 11934 11927
11919 11927 11934
11928 11919 11935
11934 11935 11919
11934 11932 11936
11933 11936 11932
11935 11934 11937
11936 11937 11934
11936 11933 11938
11928 11935 11939
11939 11918 11928
11918 11939 11917
11937 11936 11940
11940 11936 11938
11939 11941 11917
11935 11942 11939
11942 11935 11937
11937 11943 11942
11943 11937 11940
11940 11938 11943
11944 11917 11941
11917 11944 11945
11945 11914 11917
11946 11914 11945
11914 11946 11915
11947 11943 11938
11943 11947 11948
11948 11942 11943
11949 11939 11942
11939 11949 11941
11942 11948 11949
11950 11915 11946
11915 11950 11951
11951 11911 11915
11911 11951 11913
11952 11913 11951
11952 11953 11913
11953 11954 11913
11954 11909 11913
11909 11954 11908
11908 11954 11907
11954 11955 11907
11907 11955 11956
11907 11956 11957
11907 11957 11912
11958 11912 11957
11905 11912 11958
11958 11959 11905
11959 11906 11905
11906 11959 11960
11959 11961 11960
11961 11959 11962
11958 11962 11959
11962 11963 11961
11963 11962 11964
11964 11962 11958
11964 11958 11957
11964 11965 11963
11965 11964 11966
11964 11957 11966
11957 11956 11966
11967 11963 11965
11968 11963 11967
11965 11969 11967
11970 11967 11969
11969 11965 11971
11966 11971 11965
11969 11972 11970
11972 11969 11973
11971 11973 11969
11973 11974 11972
11974 11973 11975
11973 11971 11976
11976 11975 11973
11975 11977 11974
11977 11975 11978
11976 11979 11975
11978 11975 11979
11976 11971 11980
11966 11980 11971
11956 11980 11966
11980 11956 11955
11980 11955 11981
11976 11980 11981
11979 11976 11981
11981 11955 11982
11955 11954 11982
11954 11953 11982
11953 11983 11982
11953 11984 11983
11953 11985 11984
11952 11985 11953
11986 11985 11952
11986 11952 11951
11986 11951 11950
11950 11987 11986
11985 11986 11987
11982 11988 11981
11988 11982 11983
11988 11983 11984
11984 11985 11989
11987 11989 11985
11981 11988 11990
11981 11990 11979
11979 11990 11978
11991 11989 11987
11984 11989 11992
11984 11992 11988
11992 11989 11991
11993 11978 11990
11988 11993 11990
11988 11992 11993
11978 11993 11994
11995 11978 11994
11978 11995 11977
11994 11996 11995
11987 11997 11991
11998 11997 11987
11950 11998 11987
11946 11998 11950
11998 11946 11999
11945 11999 11946
11999 11945 11944
11944 12000 11999
12000 11944 12001
11941 12001 11944
12001 11941 11949
12002 12001 11949
12002 12000 12001
12000 12002 12003
12002 12004 12003
11947 12004 12002
12005 12003 12004
12005 12006 12003
12007 11999 12000
12007 12000 12003
12006 12007 12003
11999 12007 11998
12005 12008 12006
12008 12007 12006
12008 12005 12009
12008 12009 11996
11997 11998 12007
12007 12008 11997
12008 12010 11997
12010 12008 11996
11997 12010 11991
12011 11991 12010
12011 12010 11994
11994 12010 11996
12011 11994 11993
11991 12011 11992
11992 12011 11993
11947 12002 11948
12002 11949 11948
12012 12013 12014
12013 12012 12015
12016 12015 12012
12015 12016 12017
12018 12014 12013
12014 12018 12019
12020 12017 12016
12017 12020 12021
12022 12019 12018
12019 12022 12023
12014 12024 12012
12024 12014 12025
12019 12025 12014
12025 12019 12026
12023 12026 12019
12027 12012 12024
12012 12027 12016
12027 12020 12016
12020 12028 12021
12028 12020 12029
12020 12027 12030
12030 12029 12020
12026 12023 12031
12022 12032 12023
12032 12031 12023
12032 12022 12033
12029 12030 12034
12035 12028 12029
12028 12035 12036
12031 12032 12037
12035 12038 12036
12038 12035 12039
12040 12029 12034
12029 12040 12035
12039 12041 12038
12041 12039 12042
12042 12043 12041
12043 12042 12044
12045 12035 12040
12035 12045 12039
12045 12042 12039
12044 12046 12043
12046 12044 12047
12047 12048 12046
12048 12047 12049
12050 12048 12049
12048 12050 12051
12050 12052 12051
12052 12050 12053
12054 12052 12053
12052 12054 12055
12053 12056 12054
12056 12053 12057
12053 12058 12057
12058 12053 12050
12050 12059 12058
12059 12050 12049
12060 12047 12044
12044 12061 12060
12061 12044 12042
12042 12045 12061
12049 12062 12059
12047 12060 12062
12062 12049 12047
12055 12063 12052
12063 12051 12052
12051 12063 12064
12065 12051 12064
12051 12065 12048
12065 12046 12048
12046 12065 12066
12066 12043 12046
12043 12066 12067
12067 12041 12043
12041 12067 12068
12068 12038 12041
12038 12068 12069
12069 12036 12038
12036 12069 12070
12071 12036 12070
12036 12071 12028
12071 12021 12028
12021 12071 12072
12073 12021 12072
12021 12073 12017
12074 12017 12073
12017 12074 12015
12075 12015 12074
12015 12075 12013
12076 12013 12075
12013 12076 12018
12077 12018 12076
12018 12077 12022
12077 12033 12022
12033 12077 12078
12079 12080 12081
12080 12079 12082
12083 12082 12079
12082 12083 12084
12080 12085 12081
12085 12080 12086
12087 12084 12083
12084 12087 12088
12086 12089 12085
12089 12086 12090
12087 12091 12088
12090 12092 12089
12092 12090 12093
12094 12092 12093
12095 12096 12097
12096 12095 12098
12098 12099 12096
12099 12098 12100
12101 12095 12097
12095 12101 12102
12100 12103 12099
12103 12100 12104
12105 12102 12101
12102 12105 12106
12107 12103 12104
12108 12106 12105
12106 12108 12109
12108 12110 12109
12111 12112 12113
12112 12111 12114
12112 12115 12113
12115 12112 12116
12111 12117 12114
12117 12111 12118
12119 12115 12116
12115 12119 12120
12118 12121 12117
12121 12118 12122
12123 12120 12119
12124 12121 12122
12121 12124 12125
12124 12126 12125
12126 12124 12127
12127 12128 12126
12128 12127 12129
12130 12131 12132
12131 12130 12133
12132 12134 12130
12134 12132 12135
12136 12134 12135
12134 12136 12137
12136 12138 12137
12138 12136 12139
12140 12138 12139
12138 12140 12141
12140 12142 12141
12142 12140 12143
12144 12142 12143
12142 12144 12145
12144 12146 12145
12146 12144 12147
12147 12148 12146
12148 12147 12149
12149 12150 12148
12150 12149 12151
12151 12152 12150
12152 12151 12153
12154 12155 12156
12155 12154 12157
12158 12156 12155
12156 12158 12159
12160 12159 12158
12159 12160 12161
12162 12161 12160
12161 12162 12163
12164 12163 12162
12163 12164 12165
12166 12165 12164
12165 12166 12167
12168 12167 12166
12167 12168 12169
12170 12171 12172
12170 12173 12171
12173 12170 12174
12175 12170 12172
12176 12170 12175
12170 12176 12177
12170 12178 12174
12179 12170 12177
12180 12178 12170
12179 12180 12170
12181 12178 12180
12178 12181 12182
12178 12182 12183
12183 12182 12184
12184 12182 12185
12185 12182 12186
12186 12182 12187
12187 12182 12188
12188 12182 12189
12189 12182 12190
12190 12182 12191
12182 12192 12191
12182 12181 12192
12179 12193 12180
12193 12179 12194
12195 12194 12179
12196 12194 12195
12197 12194 12196
12198 12194 12197
12198 12199 12194
12200 12191 12192
12191 12200 12201
12194 12199 12202
12194 12202 12203
12193 12194 12204
12205 12201 12200
12201 12205 12206
12194 12203 12207
12204 12194 12208
12194 12207 12208
12206 12205 12209
12206 12209 12210
12208 12211 12204
12211 12208 12212
12210 12209 12213
12212 12214 12211
12214 12212 12215
12210 12213 12216
12214 12215 12217
12218 12210 12216
12217 12215 12219
12218 12216 12219
12217 12219 12220
12220 12219 12216
12219 12221 12218
12221 12219 12222
12223 12218 12221
12218 12223 12224
12225 12218 12224
12226 12225 12224
12225 12227 12218
12225 12228 12227
12227 12229 12218
12218 12229 12230
12230 12210 12218
12210 12230 12231
12232 12225 12226
12232 12233 12225
12233 12234 12225
12234 12228 12225
12235 12233 12232
12235 12236 12233
12236 12237 12233
12237 12234 12233
12238 12236 12235
12238 12239 12236
12239 12240 12236
12240 12237 12236
12241 12239 12238
12241 12242 12239
12239 12242 12243
12239 12243 12240
12244 12242 12241
12244 12245 12242
12242 12245 12246
12242 12246 12243
12247 12245 12244
12247 12248 12245
12245 12248 12249
12245 12249 12246
12248 12247 12250
12248 12250 12251
12248 12251 12252
12248 12252 12249
12251 12250 12253
12251 12253 12254
12251 12254 12255
12251 12255 12252
12256 12254 12253
12256 12257 12254
12254 12257 12258
12254 12258 12255
12259 12257 12256
12259 12260 12257
12260 12261 12257
12257 12261 12262
12257 12262 12258
12261 12263 12262
12260 12263 12261
12263 12264 12262
12260 12265 12263
12265 12266 12263
12266 12267 12263
12263 12267 12268
12263 12268 12264
12269 12267 12266
12267 12269 12270
12267 12270 12268
12270 12271 12268
12272 12273 12274
12273 12272 12275
12276 12275 12272
12275 12276 12277
12278 12274 12273
12274 12278 12279
12276 12280 12277
12280 12276 12281
12282 12279 12278
12279 12282 12283
12281 12284 12280
12282 12285 12283
12285 12282 12286
12287 12285 12286
12285 12287 12288
12289 12288 12287
12288 12289 12290
12291 12292 12293
12292 12291 12294
12295 12293 12292
12293 12295 12296
12295 12297 12296
12297 12295 12298
12299 12297 12298
12297 12299 12300
12299 12301 12300
12301 12299 12302
12303 12301 12302
12301 12303 12304
12303 12305 12304
12305 12303 12306
12307 12308 12309
12310 12308 12307
12308 12310 12311
12309 12308 12312
12308 12313 12312
12313 12308 12314
12315 12308 12311
12314 12308 12316
12315 12317 12308
12317 12316 12308
12317 12315 12318
12315 12319 12318
12320 12319 12315
12321 12319 12320
12322 12319 12321
12323 12319 12322
12324 12319 12323
12325 12319 12324
12325 12326 12319
12319 12326 12327
12316 12317 12328
12319 12327 12329
12330 12319 12329
12318 12319 12330
12328 12331 12316
12332 12316 12331
12332 12331 12333
12333 12331 12334
12334 12331 12335
12335 12331 12336
12329 12337 12330
12337 12329 12338
12336 12331 12339
12339 12331 12340
12328 12341 12331
12338 12342 12337
12342 12338 12343
12340 12331 12344
12331 12341 12345
12344 12331 12345
12342 12343 12346
12346 12343 12347
12348 12345 12341
12345 12348 12349
12346 12347 12350
12351 12349 12348
12349 12351 12352
12350 12347 12353
12354 12352 12351
12355 12353 12347
12347 12356 12355
12356 12347 12357
12354 12358 12352
12355 12358 12353
12359 12358 12354
12353 12358 12359
12360 12358 12355
12355 12361 12360
12355 12362 12361
12355 12363 12362
12364 12363 12355
12363 12365 12362
12358 12360 12366
12364 12367 12363
12368 12364 12355
12368 12355 12356
12367 12369 12363
12369 12370 12363
12363 12370 12371
12363 12371 12365
12369 12372 12370
12372 12373 12370
12370 12373 12374
12370 12374 12371
12372 12375 12373
12375 12376 12373
12373 12376 12377
12373 12377 12374
12378 12376 12375
12378 12379 12376
12376 12379 12380
12376 12380 12377
12381 12379 12378
12381 12382 12379
12379 12382 12383
12379 12383 12380
12384 12382 12381
12384 12385 12382
12382 12385 12386
12382 12386 12383
12387 12385 12384
12388 12386 12385
12389 12388 12385
12387 12389 12385
12389 12387 12390
12391 12389 12390
12392 12391 12390
12393 12394 12395
12396 12394 12393
12395 12394 12397
12398 12394 12396
12397 12394 12399
12400 12394 12398
12399 12394 12401
12400 12402 12394
12401 12394 12403
12402 12404 12394
12405 12403 12394
12404 12406 12394
12407 12405 12394
12406 12408 12394
12409 12407 12394
12408 12409 12394
12410 12411 12412
12411 12410 12413
12411 12414 12412
12413 12410 12415
12414 12416 12412
12417 12411 12413
12411 12417 12418
12414 12411 12418
12414 12419 12416
12413 12415 12420
12417 12413 12420
12419 12421 12416
12421 12419 12422
12414 12418 12423
12424 12419 12414
12414 12423 12424
12417 12425 12418
12425 12423 12418
12425 12417 12426
12423 12425 12427
12427 12424 12423
12422 12428 12421
12417 12429 12426
12429 12417 12420
12430 12419 12424
12419 12430 12422
12424 12427 12431
12431 12430 12424
12432 12425 12426
12429 12432 12426
12425 12432 12433
12432 12429 12434
12435 12428 12422
12430 12435 12422
12428 12435 12436
12428 12436 12437
12438 12428 12437
12437 12439 12438
12439 12437 12440
12430 12431 12441
12435 12430 12442
12432 12434 12443
12443 12433 12432
12433 12443 12444
12436 12445 12437
12443 12434 12446
12436 12435 12447
12436 12447 12445
12448 12444 12443
12443 12446 12448
12444 12448 12449
12447 12435 12450
12450 12435 12442
12444 12449 12451
12451 12433 12444
12451 12452 12433
12452 12425 12433
12425 12452 12427
12453 12427 12452
12451 12453 12452
12427 12453 12431
12454 12431 12453
12431 12454 12441
12453 12451 12455
12455 12454 12453
12441 12454 12456
12441 12456 12430
12456 12442 12430
12442 12456 12457
12454 12455 12458
12451 12459 12455
12451 12449 12459
12460 12442 12457
12455 12461 12458
12461 12455 12459
12456 12462 12457
12462 12456 12454
12460 12457 12462
12463 12442 12460
12463 12450 12442
12464 12450 12463
12450 12464 12465
12466 12450 12465
12447 12450 12466
12467 12447 12466
12447 12467 12468
12469 12468 12467
12468 12469 12470
12470 12445 12468
12447 12468 12445
12445 12470 12471
12471 12470 12472
12469 12472 12470
12472 12469 12473
12466 12474 12467
12474 12469 12467
12465 12474 12466
12469 12474 12475
12469 12475 12473
12473 12475 12476
12474 12477 12475
12476 12475 12477
12477 12474 12478
12474 12465 12478
12478 12465 12479
12478 12480 12477
12480 12478 12479
12476 12477 12480
12476 12480 12481
12479 12482 12480
12481 12480 12482
12482 12479 12483
12483 12479 12484
12484 12479 12465
12484 12465 12464
12484 12485 12483
12485 12482 12483
12482 12485 12486
12486 12481 12482
12484 12464 12487
12484 12487 12485
12486 12488 12481
12488 12486 12489
12487 12464 12490
12463 12490 12464
12490 12463 12491
12463 12460 12491
12492 12491 12460
12492 12490 12491
12492 12460 12462
12492 12462 12493
12493 12462 12494
12454 12494 12462
12494 12454 12458
12495 12494 12458
12458 12461 12495
12494 12495 12496
12495 12497 12496
12498 12497 12495
12490 12492 12499
12499 12492 12493
12500 12497 12498
12497 12500 12501
12496 12502 12494
12502 12493 12494
12496 12503 12502
12503 12496 12497
12497 12504 12503
12504 12497 12501
12504 12501 12505
12502 12506 12493
12493 12507 12499
12506 12507 12493
12502 12508 12506
12508 12502 12503
12505 12509 12504
12503 12509 12508
12509 12503 12504
12509 12505 12510
12511 12499 12507
12511 12512 12499
12512 12490 12499
12512 12513 12490
12487 12490 12513
12514 12487 12513
12512 12514 12513
12487 12514 12515
12485 12487 12515
12515 12486 12485
12486 12515 12489
12514 12489 12515
12489 12514 12516
12517 12489 12516
12489 12517 12488
12514 12512 12518
12518 12516 12514
12519 12517 12516
12516 12518 12519
12517 12519 12520
12521 12520 12519
12520 12521 12522
12521 12523 12522
12522 12523 12524
12522 12524 12525
12526 12522 12525
12525 12527 12526
12527 12509 12526
12527 12508 12509
12508 12527 12528
12525 12528 12527
12506 12508 12528
12507 12506 12528
12521 12529 12523
12529 12524 12523
12529 12521 12530
12519 12530 12521
12524 12529 12531
12511 12507 12531
12511 12529 12530
12529 12511 12531
12511 12530 12512
12528 12525 12532
12528 12532 12507
12532 12524 12531
12524 12532 12525
12532 12531 12507
12530 12518 12512
12530 12519 12518
12533 12534 12535
12534 12533 12536
12537 12534 12536
12534 12537 12538
12535 12539 12533
12537 12540 12538
12540 12537 12541
12542 12540 12541
12540 12542 12543
12544 12543 12542
12543 12544 12545
12544 12546 12545
12546 12544 12547
12548 12546 12547
12546 12548 12549
12550 12549 12548
12549 12550 12551
12552 12553 12554
12553 12552 12555
12552 12556 12555
12556 12552 12557
12558 12554 12553
12559 12556 12557
12556 12559 12560
12559 12561 12560
12561 12559 12562
12562 12563 12561
12563 12562 12564
12565 12563 12564
12563 12565 12566
12565 12567 12566
12567 12565 12568
12568 12569 12567
12569 12568 12570
12571 12572 12573
12572 12571 12574
12575 12574 12571
12574 12575 12576
12577 12576 12575
12576 12577 12578
12577 12579 12578
12579 12577 12580
12581 12582 12583
12582 12581 12584
12584 12585 12582
12585 12584 12586
12587 12585 12586
12585 12587 12588
12587 12589 12588
12589 12587 12590
12591 12592 12593
12592 12591 12594
12592 12595 12593
12595 12592 12596
12596 12597 12595
12597 12596 12598
12599 12600 12601
12600 12599 12602
12601 12603 12599
12603 12601 12604
12605 12600 12602
12600 12605 12606
12607 12603 12604
12603 12607 12608
12609 12606 12605
12606 12609 12610
12611 12608 12607
12608 12611 12612
12609 12613 12610
12613 12609 12614
12615 12612 12611
12612 12615 12616
12614 12617 12613
12617 12614 12618
12615 12619 12616
12619 12615 12620
12618 12621 12617
12621 12618 12622
12623 12619 12620
12619 12623 12624
12625 12621 12622
12623 12625 12624
12621 12625 12626
12625 12623 12626
12627 12628 12629
12628 12627 12630
12630 12631 12628
12631 12630 12632
12633 12630 12627
12630 12633 12634
12634 12632 12630
12629 12635 12627
12635 12629 12636
12632 12634 12637
12628 12638 12629
12638 12636 12629
12638 12628 12639
12631 12639 12628
12639 12631 12640
12636 12638 12641
12627 12642 12633
12642 12627 12635
12632 12643 12631
12643 12640 12631
12643 12632 12644
12637 12644 12632
12644 12637 12645
12640 12643 12646
12636 12647 12635
12647 12636 12648
12641 12648 12636
12633 12649 12634
12650 12634 12649
12634 12650 12637
12648 12641 12651
12637 12652 12645
12644 12653 12643
12653 12646 12643
12653 12644 12654
12655 12654 12644
12652 12655 12645
12645 12655 12644
12637 12650 12652
12646 12653 12656
12648 12657 12647
12657 12648 12658
12651 12658 12648
12657 12659 12647
12659 12635 12647
12635 12659 12642
12659 12657 12660
12655 12652 12661
12662 12642 12659
12642 12662 12663
12663 12633 12642
12633 12663 12664
12649 12633 12664
12664 12665 12649
12665 12664 12666
12667 12649 12665
12649 12667 12650
12664 12668 12666
12668 12664 12663
12650 12667 12669
12669 12670 12650
12650 12670 12652
12670 12661 12652
12661 12670 12671
12666 12672 12665
12672 12667 12665
12672 12666 12673
12668 12673 12666
12667 12672 12674
12674 12669 12667
12663 12675 12668
12676 12670 12669
12671 12670 12676
12673 12668 12677
12675 12677 12668
12669 12674 12678
12678 12676 12669
12676 12678 12679
12677 12675 12680
12676 12681 12671
12679 12681 12676
12681 12679 12682
12681 12683 12671
12683 12681 12684
12682 12684 12681
12675 12685 12680
12685 12675 12686
12662 12686 12675
12675 12663 12662
12686 12662 12687
12659 12687 12662
12687 12659 12660
12660 12688 12687
12688 12686 12687
12688 12660 12689
12660 12690 12689
12690 12660 12657
12658 12690 12657
12690 12658 12691
12692 12691 12658
12658 12651 12692
12691 12692 12693
12694 12690 12691
12690 12694 12695
12696 12690 12695
12690 12696 12689
12696 12688 12689
12691 12697 12694
12697 12691 12693
12688 12696 12698
12699 12695 12694
12695 12699 12700
12694 12701 12699
12701 12694 12697
12702 12695 12700
12695 12702 12696
12702 12698 12696
12698 12702 12703
12704 12700 12699
12700 12704 12705
12705 12702 12700
12703 12706 12698
12706 12688 12698
12688 12706 12707
12686 12688 12707
12708 12686 12707
12686 12708 12685
12706 12709 12707
12709 12706 12710
12706 12703 12711
12711 12710 12706
12702 12705 12712
12712 12703 12702
12710 12711 12713
12703 12712 12714
12714 12711 12703
12715 12705 12704
12705 12715 12716
12716 12712 12705
12704 12717 12715
12711 12714 12718
12712 12716 12719
12719 12714 12712
12714 12719 12720
12720 12718 12714
12721 12711 12718
12711 12721 12713
12722 12716 12715
12717 12722 12715
12716 12722 12723
12723 12719 12716
12722 12717 12724
12718 12720 12725
12719 12723 12726
12727 12718 12725
12718 12727 12721
12728 12719 12726
12719 12728 12720
12724 12729 12722
12729 12723 12722
12729 12724 12730
12723 12729 12731
12731 12726 12723
12732 12720 12728
12720 12732 12725
12726 12731 12733
12734 12725 12732
12725 12734 12727
12735 12726 12733
12726 12735 12728
12730 12736 12729
12736 12731 12729
12736 12730 12737
12731 12736 12738
12738 12733 12731
12739 12728 12735
12728 12739 12732
12739 12734 12732
12733 12738 12740
12734 12739 12741
12733 12742 12735
12733 12740 12742
12737 12743 12736
12743 12738 12736
12743 12737 12744
12738 12743 12745
12735 12746 12739
12746 12741 12739
12741 12746 12747
12748 12740 12738
12748 12742 12740
12745 12748 12738
12746 12735 12749
12735 12742 12749
12750 12747 12746
12750 12746 12749
12747 12750 12751
12744 12752 12743
12752 12745 12743
12752 12744 12753
12742 12748 12754
12754 12749 12742
12745 12752 12755
12748 12745 12755
12749 12754 12756
12756 12750 12749
12753 12757 12752
12757 12753 12758
12759 12752 12757
12752 12759 12755
12760 12751 12750
12750 12756 12760
12751 12760 12761
12755 12762 12748
12762 12754 12748
12759 12763 12755
12755 12763 12762
12764 12756 12754
12764 12760 12756
12762 12764 12754
12763 12765 12762
12760 12764 12766
12766 12761 12760
12761 12766 12767
12765 12768 12762
12762 12768 12764
12768 12765 12769
12770 12768 12769
12764 12768 12771
12771 12766 12764
12766 12771 12772
12772 12767 12766
12767 12772 12773
12770 12774 12768
12768 12774 12771
12775 12774 12770
12775 12770 12776
12771 12774 12777
12777 12774 12775
12772 12778 12773
12778 12772 12779
12779 12771 12777
12771 12779 12772
12775 12780 12777
12780 12775 12781
12782 12781 12775
12782 12775 12776
12782 12783 12781
12784 12780 12781
12784 12781 12785
12785 12786 12784
12785 12787 12786
12788 12787 12785
12787 12788 12789
12788 12790 12789
12790 12791 12789
12791 12790 12792
12790 12793 12792
12794 12792 12793
12792 12794 12795
12796 12795 12794
12795 12796 12797
12798 12797 12796
12797 12798 12799
12800 12799 12798
12799 12800 12801
12800 12802 12801
12802 12800 12803
12803 12804 12802
12804 12803 12805
12805 12806 12804
12806 12805 12807
12807 12808 12806
12808 12807 12809
12808 12810 12806
12810 12808 12811
12808 12812 12811
12812 12808 12813
12808 12809 12813
12814 12813 12809
12813 12814 12815
12814 12816 12815
12816 12814 12817
12817 12818 12816
12818 12817 12819
12819 12820 12818
12820 12819 12821
12822 12820 12821
12820 12822 12823
12816 12824 12815
12813 12824 12812
12824 12813 12815
12824 12816 12825
12816 12826 12825
12826 12816 12818
12820 12826 12818
12826 12820 12827
12822 12828 12823
12828 12822 12829
12820 12830 12827
12830 12820 12823
12829 12831 12828
12831 12829 12832
12823 12833 12830
12833 12823 12828
12831 12833 12828
12833 12831 12834
12832 12835 12831
12834 12831 12835
12835 12832 12836
12836 12837 12835
12838 12834 12835
12839 12835 12837
12839 12838 12835
12840 12838 12839
12838 12840 12841
12842 12841 12840
12841 12842 12843
12842 12844 12843
12844 12842 12845
12846 12844 12845
12844 12846 12847
12848 12847 12846
12847 12848 12849
12849 12848 12850
12851 12849 12850
12851 12852 12849
12853 12852 12851
12852 12853 12854
12855 12854 12853
12854 12855 12856
12855 12857 12856
12857 12855 12858
12857 12858 12859
12858 12860 12859
12802 12859 12860
12859 12802 12804
12806 12859 12804
12859 12806 12810
12861 12802 12860
12802 12861 12801
12862 12801 12861
12801 12862 12799
12863 12799 12862
12799 12863 12797
12864 12797 12863
12797 12864 12795
12860 12858 12865
12866 12861 12860
12860 12865 12866
12861 12866 12867
12864 12792 12795
12792 12864 12791
12862 12861 12868
12861 12867 12868
12863 12862 12868
12869 12866 12865
12858 12869 12865
12869 12858 12855
12866 12869 12870
12863 12871 12864
12871 12863 12872
12863 12868 12872
12873 12791 12864
12873 12864 12871
12874 12866 12870
12866 12874 12867
12874 12868 12867
12868 12874 12875
12873 12876 12791
12876 12789 12791
12789 12876 12787
12855 12877 12869
12877 12855 12853
12878 12868 12875
12868 12878 12872
12871 12879 12873
12879 12876 12873
12879 12871 12880
12880 12872 12878
12872 12880 12871
12876 12879 12881
12881 12787 12876
12882 12874 12870
12882 12875 12874
12853 12883 12877
12883 12853 12851
12850 12883 12851
12883 12850 12884
12885 12875 12882
12875 12885 12878
12886 12787 12881
12787 12886 12786
12884 12887 12883
12887 12877 12883
12888 12887 12884
12877 12887 12889
12882 12889 12890
12887 12890 12889
12889 12882 12870
12869 12889 12870
12889 12869 12877
12881 12891 12886
12882 12892 12885
12892 12882 12890
12888 12893 12887
12887 12893 12890
12893 12888 12894
12895 12885 12892
12885 12895 12896
12895 12891 12896
12891 12880 12896
12880 12891 12879
12878 12896 12880
12896 12878 12885
12891 12881 12879
12897 12890 12893
12890 12897 12892
12895 12892 12897
12891 12895 12898
12898 12886 12891
12886 12898 12899
12899 12786 12886
12786 12899 12900
12900 12784 12786
12784 12900 12901
12780 12784 12901
12901 12902 12780
12902 12777 12780
12777 12902 12779
12903 12779 12902
12779 12903 12778
12902 12901 12904
12900 12904 12901
12905 12902 12904
12902 12905 12903
12904 12900 12906
12906 12900 12899
12904 12907 12905
12907 12904 12908
12906 12908 12904
12908 12894 12907
12894 12908 12893
12908 12897 12893
12897 12908 12909
12908 12906 12909
12909 12895 12897
12895 12909 12898
12899 12909 12906
12909 12899 12898
12910 12911 12912
12911 12910 12913
12914 12910 12912
12910 12914 12915
12916 12915 12914
12915 12916 12917
12918 12919 12920
12919 12918 12921
12922 12920 12919
12920 12922 12923
12918 12924 12921
12924 12918 12925
12922 12926 12923
12926 12922 12927
12925 12928 12924
12928 12925 12929
12930 12926 12927
12926 12930 12931
12932 12928 12929
12928 12932 12933
12934 12931 12930
12931 12934 12935
12932 12936 12933
12936 12932 12937
12938 12935 12934
12935 12938 12939
12940 12936 12937
12936 12940 12941
12938 12942 12939
12942 12938 12943
12940 12944 12941
12944 12942 12943
12944 12940 12945
12942 12944 12945
12946 12947 12948
12949 12947 12946
12949 12950 12947
12951 12950 12949
12951 12949 12952
12953 12949 12946
12952 12949 12954
12953 12954 12949
12952 12954 12955
12955 12954 12956
12954 12953 12957
12954 12958 12956
12959 12956 12958
12958 12954 12960
12954 12957 12960
12961 12959 12958
12959 12961 12962
12961 12963 12962
12958 12964 12961
12960 12964 12958
12964 12960 12965
12957 12966 12960
12966 12965 12960
12966 12957 12967
12966 12967 12968
12965 12966 12969
12966 12968 12970
12965 12971 12964
12971 12972 12964
12971 12965 12973
12966 12970 12974
12974 12969 12966
12974 12970 12975
12969 12974 12976
12977 12965 12969
12965 12977 12973
12976 12977 12969
12978 12971 12973
12971 12978 12979
12979 12980 12971
12980 12972 12971
12972 12980 12981
12972 12981 12982
12977 12976 12983
12984 12980 12979
12980 12984 12985
12986 12973 12977
12973 12986 12978
12983 12986 12977
12979 12987 12984
12987 12979 12978
12980 12985 12988
12980 12988 12981
12988 12989 12981
12990 12981 12989
12981 12990 12991
12981 12991 12982
12992 12991 12990
12991 12992 12993
12982 12991 12993
12982 12993 12961
12993 12992 12994
12993 12994 12995
12993 12995 12996
12996 12961 12993
12992 12997 12994
12992 12998 12997
12999 12998 12992
12990 12999 12992
12999 13000 12998
12999 12990 13001
12989 13001 12990
12999 13002 13000
13002 12999 13003
13001 13003 12999
13003 13004 13002
13003 13005 13004
13005 13003 13006
13003 13001 13007
13007 13006 13003
13006 13007 13008
13008 13009 13006
13010 13006 13009
13010 13009 13011
13012 13010 13011
13010 13012 13013
13012 13014 13013
13014 13015 13013
13015 13014 13016
13017 13016 13014
13013 13015 13018
13013 13018 13019
13020 13013 13019
13010 13013 13020
13020 13021 13010
13006 13010 13021
13009 13022 13011
13023 13011 13022
13022 13024 13023
13022 13025 13024
13024 13025 13026
13022 13027 13025
13027 13022 13028
13028 13029 13027
13022 13030 13028
13030 13022 13009
13009 13008 13030
13031 13029 13028
13030 13031 13028
13029 13031 13032
13031 13030 13033
13032 13031 13034
13030 13035 13033
13035 13030 13008
13008 13036 13035
13036 13008 13007
13007 13037 13036
13037 13007 13001
13001 13038 13037
13038 13001 12989
12989 12988 13038
13039 13038 12988
13038 13039 13040
13037 13038 13040
13041 13040 13039
12985 13041 13039
12985 13039 12988
13041 12985 13042
12985 13043 13042
13043 12985 12984
12984 13044 13043
13044 12984 12987
13040 13041 13045
12987 13046 13044
13046 12987 13047
12978 13047 12987
13047 12978 12986
13048 13047 12986
12986 12983 13048
13047 13048 13049
13050 13040 13045
13040 13050 13037
13047 13051 13046
13051 13047 13049
13050 13036 13037
13036 13050 13052
13052 13035 13036
13035 13052 13053
13053 13033 13035
13033 13053 13054
13055 13033 13054
13033 13055 13031
13055 13034 13031
13034 13055 13056
13057 13056 13055
13054 13057 13055
13056 13057 13058
13057 13054 13059
13053 13059 13054
13052 13060 13053
13059 13053 13060
13060 13052 13061
13062 13061 13052
13061 13062 13063
13057 13064 13058
13064 13057 13065
13059 13065 13057
13061 13063 13066
13065 13059 13067
13060 13067 13059
13066 13063 13068
13069 13061 13066
13061 13069 13060
13067 13060 13069
13065 13070 13064
13070 13065 13071
13067 13071 13065
13068 13072 13066
13072 13068 13073
13068 13074 13073
13074 13068 13075
13075 13068 13076
13068 13063 13076
13076 13063 13077
13063 13062 13077
13062 13045 13077
13077 13045 13078
13076 13077 13078
13041 13078 13045
13042 13078 13041
13078 13042 13079
13043 13079 13042
13079 13043 13080
13043 13081 13080
13081 13043 13044
13044 13082 13081
13082 13044 13046
13083 13079 13080
13079 13083 13084
13079 13085 13078
13084 13085 13079
13085 13076 13078
13080 13086 13083
13086 13080 13081
13046 13087 13082
13087 13046 13051
13085 13084 13088
13081 13089 13086
13089 13081 13082
13087 13089 13082
13075 13085 13088
13085 13075 13076
13089 13087 13090
13091 13084 13083
13084 13091 13092
13092 13088 13084
13083 13093 13091
13093 13083 13086
13088 13092 13094
13094 13075 13088
13086 13095 13093
13095 13086 13089
13075 13094 13074
13089 13096 13095
13096 13089 13090
13097 13091 13093
13091 13097 13098
13098 13092 13091
13092 13098 13099
13099 13094 13092
13093 13100 13097
13100 13093 13095
13094 13099 13101
13095 13102 13100
13102 13095 13096
13103 13094 13101
13094 13103 13074
13104 13098 13097
13098 13104 13105
13105 13099 13098
13106 13100 13102
13100 13106 13107
13107 13108 13100
13108 13104 13097
13108 13097 13100
13099 13105 13109
13109 13101 13099
13110 13108 13107
13111 13107 13106
13107 13111 13110
13112 13104 13108
13110 13112 13108
13104 13112 13113
13113 13105 13104
13101 13109 13114
13105 13113 13115
13115 13109 13105
13112 13116 13113
13116 13115 13113
13109 13115 13117
13117 13114 13109
13115 13116 13118
13118 13117 13115
13117 13118 13119
13114 13117 13120
13121 13117 13119
13121 13120 13117
13122 13114 13120
13114 13122 13123
13123 13101 13114
13101 13123 13103
13124 13120 13121
13124 13122 13120
13122 13124 13125
13122 13125 13126
13126 13123 13122
13123 13126 13127
13127 13103 13123
13126 13128 13127
13128 13129 13127
13103 13127 13129
13129 13128 13130
13129 13130 13073
13130 13072 13073
13072 13130 13131
13130 13128 13131
13132 13072 13131
13072 13132 13133
13133 13066 13072
13066 13133 13069
13134 13069 13133
13134 13067 13069
13067 13134 13135
13071 13067 13135
13135 13136 13071
13136 13070 13071
13070 13136 13137
13136 13135 13138
13134 13138 13135
13139 13137 13136
13138 13139 13136
13137 13139 13140
13139 13141 13140
13141 13139 13142
13143 13133 13132
13134 13143 13138
13133 13143 13134
13139 13138 13144
13144 13142 13139
13142 13144 13145
13146 13144 13138
13132 13146 13143
13146 13145 13144
13143 13146 13138
13146 13132 13147
13145 13146 13148
13149 13147 13132
13150 13145 13148
13151 13148 13146
13147 13151 13146
13148 13152 13150
13153 13151 13147
13149 13153 13147
13154 13153 13149
13152 13148 13155
13151 13155 13148
13154 13156 13153
13153 13156 13151
13156 13155 13151
13156 13154 13157
13158 13156 13157
13128 13154 13149
13128 13149 13131
13128 13126 13154
13126 13159 13154
13159 13157 13154
13125 13159 13126
13131 13149 13132
13160 13161 13162
13163 13161 13160
13161 13163 13164
13165 13166 13167
13166 13165 13168
13167 13169 13165
13169 13167 13170
13170 13171 13169
13171 13170 13172
13173 13166 13168
13166 13173 13174
13175 13174 13173
13174 13175 13176
13177 13176 13175
13176 13177 13178
13179 13180 13181
13180 13179 13182
13183 13184 13185
13183 13186 13184
13186 13183 13187
13188 13189 13190
13189 13188 13191
13192 13190 13189
13190 13192 13193
13194 13193 13192
13193 13194 13195
13188 13196 13191
13196 13188 13197
13197 13198 13196
13198 13197 13199
13199 13200 13198
13200 13199 13201
13202 13203 13204
13203 13202 13205
13206 13205 13202
13205 13206 13207
13208 13202 13204
13202 13208 13209
13209 13206 13202
13206 13209 13210
13208 13211 13209
13211 13208 13212
13209 13213 13210
13213 13209 13211
13203 13214 13204
13214 13208 13204
13214 13203 13215
13212 13216 13211
13216 13212 13217
13208 13214 13218
13218 13212 13208
13219 13211 13216
13211 13219 13213
13212 13218 13220
13221 13207 13206
13210 13221 13206
13207 13221 13222
13221 13210 13223
13210 13224 13223
13224 13210 13213
13217 13225 13216
13225 13217 13226
13227 13212 13220
13212 13227 13217
13227 13226 13217
13228 13216 13225
13216 13228 13219
13213 13229 13224
13229 13213 13219
13226 13227 13230
13220 13218 13231
13221 13232 13222
13232 13221 13233
13234 13225 13226
13225 13234 13235
13221 13236 13233
13236 13221 13223
13237 13230 13227
13237 13227 13220
13230 13237 13238
13237 13220 13239
13220 13231 13239
13240 13230 13238
13230 13240 13241
13226 13241 13234
13241 13226 13230
13242 13235 13234
13235 13242 13243
13239 13244 13237
13244 13239 13245
13239 13231 13245
13243 13246 13235
13246 13225 13235
13225 13246 13228
13247 13228 13246
13228 13247 13248
13248 13219 13228
13219 13248 13229
13246 13243 13249
13249 13247 13246
13250 13229 13248
13229 13250 13251
13251 13224 13229
13224 13251 13252
13252 13223 13224
13223 13252 13236
13252 13253 13236
13254 13236 13253
13236 13254 13233
13255 13233 13254
13233 13255 13232
13253 13252 13256
13248 13257 13250
13252 13258 13256
13258 13252 13251
13254 13259 13255
13259 13254 13260
13253 13260 13254
13260 13253 13261
13251 13262 13258
13253 13263 13261
13263 13253 13256
13264 13259 13260
13261 13264 13260
13259 13264 13265
13256 13266 13263
13266 13256 13258
13264 13261 13267
13258 13268 13266
13268 13258 13262
13261 13269 13267
13269 13261 13263
13270 13265 13264
13265 13270 13271
13264 13272 13270
13272 13264 13267
13269 13272 13267
13263 13273 13269
13273 13263 13266
13262 13274 13268
13274 13262 13275
13250 13275 13262
13262 13251 13250
13275 13250 13257
13257 13276 13275
13276 13257 13277
13247 13277 13257
13257 13248 13247
13277 13247 13278
13247 13249 13278
13279 13278 13249
13249 13280 13279
13280 13249 13243
13243 13281 13280
13281 13243 13242
13242 13282 13281
13282 13242 13283
13234 13283 13242
13283 13234 13241
13241 13284 13283
13284 13241 13240
13240 13285 13284
13240 13286 13285
13238 13286 13240
13286 13238 13287
13238 13237 13287
13237 13244 13287
13244 13288 13287
13288 13244 13289
13245 13289 13244
13289 13245 13290
13291 13290 13245
13231 13291 13245
13292 13291 13231
13293 13292 13231
13218 13293 13231
13214 13293 13218
13293 13214 13294
13215 13294 13214
13294 13215 13295
13295 13296 13294
13296 13295 13297
13298 13294 13296
13294 13298 13293
13292 13293 13298
13299 13296 13297
13296 13299 13300
13301 13296 13300
13296 13301 13298
13302 13298 13301
13298 13302 13292
13303 13292 13302
13292 13303 13291
13304 13300 13299
13300 13304 13305
13291 13303 13306
13306 13307 13291
13291 13307 13290
13290 13307 13308
13309 13290 13308
13290 13309 13289
13310 13289 13309
13289 13310 13288
13310 13311 13288
13311 13287 13288
13287 13311 13286
13285 13286 13311
13311 13310 13312
13307 13306 13313
13307 13314 13308
13313 13314 13307
13285 13311 13315
13315 13311 13312
13314 13313 13316
13317 13314 13316
13314 13317 13318
13319 13314 13318
13320 13319 13318
13320 13321 13319
13321 13320 13322
13322 13323 13321
13323 13322 13324
13325 13322 13320
13322 13325 13326
13326 13324 13322
13324 13326 13327
13328 13325 13320
13328 13320 13318
13329 13323 13324
13327 13329 13324
13323 13329 13330
13315 13330 13329
13331 13325 13328
13332 13326 13325
13331 13332 13325
13326 13332 13333
13327 13326 13333
13334 13331 13328
13334 13335 13331
13335 13334 13336
13336 13337 13335
13337 13336 13338
13338 13339 13337
13339 13338 13340
13338 13341 13340
13341 13338 13342
13338 13343 13342
13343 13338 13336
13336 13344 13343
13344 13336 13334
13334 13345 13344
13345 13334 13328
13346 13337 13339
13337 13346 13347
13347 13335 13337
13335 13347 13348
13342 13349 13341
13349 13342 13350
13328 13351 13345
13318 13351 13328
13351 13318 13317
13342 13352 13350
13352 13342 13343
13344 13352 13343
13352 13344 13353
13344 13354 13353
13354 13344 13345
13355 13347 13346
13347 13355 13356
13345 13357 13354
13357 13345 13351
13351 13358 13357
13358 13351 13317
13317 13359 13358
13359 13317 13316
13313 13359 13316
13359 13313 13360
13306 13360 13313
13360 13306 13361
13303 13361 13306
13361 13303 13362
13302 13362 13303
13362 13302 13363
13302 13364 13363
13364 13302 13301
13300 13364 13301
13364 13300 13305
13365 13366 13367
13366 13365 13368
13369 13365 13367
13365 13369 13370
13371 13370 13369
13370 13371 13372
13373 13374 13375
13374 13373 13376
13377 13376 13373
13376 13377 13378
13379 13375 13374
13375 13379 13380
13381 13380 13379
13380 13381 13382
13383 13382 13381
13382 13383 13384
13385 13384 13383
13384 13385 13386
13387 13386 13385
13386 13387 13388
13389 13388 13387
13388 13389 13390
13391 13390 13389
13390 13391 13392
13391 13393 13392
13393 13391 13394
13394 13395 13393
13395 13394 13396
13396 13397 13395
13397 13396 13398
13398 13399 13397
13399 13398 13400
13400 13401 13399
13401 13400 13402
13402 13403 13401
13403 13402 13404
13404 13405 13403
13405 13404 13406
13406 13407 13405
13407 13406 13408
13409 13407 13408
13407 13409 13410
13411 13412 13413
13412 13411 13414
13415 13413 13412
13413 13415 13416
13417 13414 13411
13414 13417 13418
13419 13416 13415
13416 13419 13420
13421 13418 13417
13418 13421 13422
13423 13420 13419
13420 13423 13424
13413 13425 13411
13425 13413 13426
13416 13426 13413
13426 13416 13427
13420 13427 13416
13421 13428 13422
13428 13421 13429
13430 13424 13423
13427 13420 13431
13424 13431 13420
13417 13432 13421
13432 13417 13433
13433 13411 13425
13411 13433 13417
13434 13424 13430
13427 13435 13426
13436 13426 13435
13426 13436 13437
13435 13427 13438
13431 13438 13427
13429 13439 13428
13439 13429 13440
13436 13441 13437
13441 13436 13442
13438 13431 13443
13444 13441 13442
13441 13444 13445
13446 13445 13444
13445 13446 13447
13440 13447 13448
13446 13448 13447
13447 13440 13429
13421 13447 13429
13447 13421 13432
13449 13439 13440
13439 13449 13450
13448 13446 13451
13452 13440 13448
13440 13452 13449
13453 13450 13449
13452 13453 13449
13450 13453 13454
13448 13455 13452
13455 13448 13451
13453 13452 13456
13453 13457 13454
13457 13453 13458
13456 13458 13453
13455 13459 13452
13459 13455 13460
13458 13456 13461
13458 13462 13457
13462 13458 13463
13461 13463 13458
13460 13464 13459
13464 13460 13465
13463 13461 13466
13463 13467 13462
13467 13463 13468
13466 13468 13463
13469 13464 13465
13464 13469 13470
13468 13466 13471
13469 13471 13470
13468 13472 13467
13472 13468 13473
13471 13473 13468
13471 13469 13474
13473 13471 13475
13474 13475 13471
13473 13476 13472
13476 13473 13477
13475 13477 13473
13475 13474 13478
13477 13475 13479
13478 13479 13475
13477 13480 13476
13480 13477 13481
13479 13481 13477
13479 13478 13482
13483 13480 13481
13481 13479 13484
13482 13484 13479
13485 13483 13481
13484 13482 13486
13484 13487 13481
13485 13481 13487
13487 13484 13488
13486 13488 13484
13488 13486 13489
13485 13487 13490
13488 13490 13487
13491 13485 13490
13490 13488 13492
13490 13493 13491
13490 13494 13493
13488 13495 13492
13495 13488 13489
13494 13496 13493
13497 13490 13492
13490 13497 13494
13495 13497 13492
13498 13496 13494
13496 13498 13499
13500 13499 13498
13500 13501 13499
13500 13502 13501
13502 13500 13503
13500 13504 13503
13504 13500 13505
13505 13506 13504
13507 13506 13505
13506 13507 13508
13507 13509 13508
13507 13510 13509
13510 13511 13509
13510 13512 13511
13512 13510 13513
13514 13512 13513
13512 13514 13515
13514 13516 13515
13516 13514 13517
13517 13518 13516
13518 13517 13519
13520 13518 13519
13518 13520 13521
13519 13522 13520
13522 13519 13523
13524 13523 13519
13519 13525 13524
13524 13525 13526
13525 13527 13526
13527 13525 13528
13529 13519 13517
13519 13529 13525
13528 13530 13527
13530 13528 13531
13532 13525 13529
13525 13532 13528
13532 13531 13528
13517 13533 13529
13531 13532 13534
13531 13535 13530
13535 13531 13536
13534 13536 13531
13537 13529 13533
13529 13537 13532
13536 13534 13538
13539 13532 13537
13532 13539 13534
13533 13540 13537
13540 13533 13541
13514 13541 13533
13533 13517 13514
13541 13514 13513
13542 13534 13539
13534 13542 13538
13513 13543 13541
13543 13513 13510
13544 13537 13540
13537 13544 13539
13539 13544 13542
13507 13543 13510
13543 13507 13545
13546 13541 13543
13541 13546 13540
13545 13546 13543
13505 13545 13507
13545 13505 13547
13546 13545 13548
13547 13548 13545
13500 13547 13505
13547 13500 13549
13500 13498 13549
13550 13549 13498
13494 13550 13498
13550 13494 13497
13549 13550 13551
13551 13547 13549
13552 13550 13497
13497 13495 13552
13550 13552 13553
13553 13551 13550
13548 13554 13546
13554 13540 13546
13540 13554 13544
13554 13548 13555
13547 13551 13556
13548 13547 13556
13551 13553 13557
13557 13556 13551
13556 13557 13558
13548 13558 13555
13558 13548 13556
13559 13560 13561
13560 13559 13562
13560 13563 13561
13563 13560 13564
13564 13565 13563
13565 13564 13566
13567 13568 13569
13568 13567 13570
13571 13569 13568
13569 13571 13572
13573 13572 13571
13572 13573 13574
13575 13574 13573
13574 13575 13576
13577 13578 13579
13578 13577 13580
13581 13579 13578
13579 13581 13582
13583 13582 13581
13582 13583 13584
13585 13580 13577
13580 13585 13586
13587 13588 13589
13588 13587 13590
13591 13587 13589
13588 13592 13589
13587 13593 13590
13593 13587 13594
13588 13595 13592
13595 13596 13592
13592 13596 13597
13598 13596 13595
13596 13598 13597
13588 13599 13595
13587 13600 13594
13600 13587 13591
13601 13588 13590
13588 13601 13602
13588 13602 13599
13603 13592 13597
13592 13603 13589
13598 13603 13597
13589 13604 13591
13604 13589 13605
13605 13589 13603
13599 13606 13595
13606 13598 13595
13602 13606 13599
13607 13593 13594
13603 13598 13608
13606 13608 13598
13601 13609 13602
13602 13609 13606
13605 13603 13610
13611 13605 13610
13605 13611 13604
13608 13612 13603
13613 13603 13612
13603 13613 13610
13614 13608 13606
13614 13606 13609
13608 13614 13615
13616 13609 13601
13617 13608 13615
13608 13617 13612
13617 13613 13612
13618 13604 13611
13604 13618 13619
13619 13591 13604
13591 13619 13600
13613 13617 13620
13601 13621 13616
13621 13601 13622
13590 13622 13601
13622 13590 13593
13623 13622 13593
13623 13593 13607
13624 13623 13607
13594 13624 13607
13600 13624 13594
13624 13600 13625
13622 13623 13626
13600 13627 13625
13627 13600 13619
13622 13628 13621
13628 13622 13626
13624 13629 13623
13629 13624 13630
13624 13625 13631
13624 13631 13630
13632 13626 13623
13632 13628 13626
13629 13632 13623
13633 13625 13627
13625 13633 13634
13625 13634 13631
13627 13635 13633
13635 13627 13636
13619 13636 13627
13636 13619 13618
13618 13637 13636
13637 13618 13638
13611 13638 13618
13638 13611 13639
13610 13639 13611
13639 13610 13613
13640 13629 13630
13629 13640 13641
13633 13642 13634
13642 13631 13634
13641 13643 13629
13644 13643 13641
13644 13645 13643
13646 13643 13645
13643 13646 13632
13643 13632 13629
13628 13632 13646
13628 13646 13647
13628 13647 13648
13628 13648 13649
13649 13621 13628
13649 13650 13621
13616 13621 13650
13650 13651 13616
13616 13651 13609
13651 13652 13609
13609 13652 13653
13653 13614 13609
13653 13615 13614
13615 13653 13654
13655 13615 13654
13615 13655 13617
13655 13620 13617
13656 13654 13653
13654 13656 13657
13655 13658 13620
13659 13620 13658
13620 13659 13613
13658 13655 13660
13654 13660 13655
13661 13653 13652
13653 13661 13656
13662 13657 13656
13661 13662 13656
13663 13654 13657
13657 13662 13663
13654 13663 13664
13660 13654 13664
13658 13665 13659
13665 13658 13666
13660 13666 13658
13662 13661 13667
13663 13662 13667
13661 13668 13667
13663 13668 13664
13668 13663 13667
13668 13661 13652
13666 13660 13669
13664 13669 13660
13670 13668 13652
13652 13671 13670
13671 13652 13651
13651 13650 13671
13672 13671 13650
13650 13649 13672
13671 13672 13673
13673 13670 13671
13668 13670 13674
13648 13672 13649
13669 13664 13675
13675 13668 13674
13668 13675 13664
13672 13648 13676
13676 13648 13647
13670 13673 13677
13647 13678 13676
13678 13672 13676
13678 13647 13646
13679 13673 13672
13678 13679 13672
13679 13677 13673
13674 13680 13675
13680 13674 13681
13682 13675 13680
13675 13682 13669
13683 13669 13682
13669 13683 13666
13683 13665 13666
13665 13683 13684
13685 13684 13683
13684 13685 13686
13646 13645 13678
13677 13679 13687
13687 13688 13677
13688 13687 13689
13683 13690 13685
13690 13683 13682
13691 13686 13685
13686 13691 13692
13689 13693 13688
13688 13693 13694
13688 13694 13695
13688 13695 13677
13695 13670 13677
13670 13695 13674
13674 13695 13681
13694 13681 13695
13694 13693 13681
13696 13689 13687
13689 13696 13697
13693 13689 13697
13692 13691 13698
13681 13693 13699
13698 13691 13700
13691 13701 13700
13701 13685 13690
13685 13701 13691
13690 13702 13701
13703 13701 13702
13701 13703 13700
13702 13690 13704
13690 13705 13704
13705 13690 13682
13682 13680 13705
13706 13696 13687
13679 13706 13687
13707 13706 13679
13706 13707 13708
13709 13708 13707
13678 13709 13707
13678 13707 13679
13708 13709 13710
13645 13710 13709
13645 13709 13678
13645 13644 13710
12655 13711 12654
13712 12654 13711
12654 13712 12653
13712 12656 12653
12656 13712 13713
13711 12655 13714
13714 12655 12661
13715 13712 13711
13712 13715 13716
13716 13713 13712
13713 13716 13717
13715 13711 13718
13711 13714 13718
12683 13714 12661
13718 13714 13719
13720 13719 13714
13714 12683 13720
13719 13720 13721
13722 13721 13720
13722 13720 13723
12683 13724 13720
13720 13724 13723
12684 13724 12683
13724 12684 13725
13726 13722 13723
13726 13727 13722
13726 13728 13727
13729 13726 13723
13724 13729 13723
13730 13726 13729
13726 13730 13731
13726 13731 13728
13728 13731 13732
13733 13732 13731
13734 13725 12684
12684 12682 13734
13725 13734 13735
13730 13736 13731
13736 13730 13737
13724 13738 13729
13738 13724 13725
13739 13736 13737
13736 13739 13740
13741 13736 13740
13741 13733 13731
13736 13741 13731
13741 13742 13733
13741 13743 13742
13742 13743 13744
13743 13745 13744
13745 13743 13746
13747 13744 13745
13744 13747 13748
13749 13745 13746
13745 13749 13750
13745 13751 13747
13751 13745 13750
13752 13743 13741
13743 13752 13746
13741 13740 13752
13753 13746 13752
13746 13753 13749
13754 13750 13749
13750 13754 13755
13756 13750 13755
13750 13756 13751
13757 13749 13753
13757 13754 13749
13758 13753 13752
13754 13759 13755
13759 13754 13760
13761 13753 13758
13753 13761 13757
13762 13755 13759
13755 13762 13756
13757 13763 13754
13763 13760 13754
13761 13763 13757
13752 13764 13758
13764 13752 13740
13760 13763 13765
13763 13761 13766
13766 13765 13763
13760 13767 13759
13767 13760 13768
13769 13758 13764
13758 13769 13761
13769 13766 13761
13770 13759 13767
13759 13770 13762
13765 13766 13771
13766 13769 13772
13772 13771 13766
13740 13773 13764
13773 13740 13739
13760 13765 13774
13771 13774 13765
13760 13774 13768
13775 13764 13773
13764 13775 13769
13767 13776 13770
13776 13767 13777
13768 13777 13767
13777 13768 13778
13768 13774 13778
13771 13772 13779
13774 13771 13780
13779 13780 13771
13781 13773 13739
13739 13782 13781
13782 13739 13737
13737 13783 13782
13783 13737 13730
13729 13783 13730
13783 13729 13738
13738 13784 13783
13784 13738 13785
13725 13785 13738
13785 13725 13735
13783 13786 13782
13786 13783 13784
13780 13779 13787
13788 13781 13782
13781 13788 13789
13789 13773 13781
13773 13789 13775
13789 13790 13775
13790 13769 13775
13769 13790 13772
13790 13779 13772
13779 13790 13791
13791 13787 13779
13790 13789 13792
13790 13792 13791
13788 13792 13789
13787 13791 13793
13792 13793 13791
13792 13788 13794
13793 13792 13794
13795 13787 13793
13787 13795 13796
13788 13797 13794
13797 13788 13798
13782 13798 13788
13798 13782 13786
13795 13799 13796
13799 13800 13796
13800 13801 13796
13801 13800 13802
13774 13801 13802
13778 13774 13802
13800 13778 13802
13801 13774 13780
13778 13800 13803
13804 13778 13803
13778 13804 13777
13804 13776 13777
13776 13804 13805
13787 13801 13780
13806 13805 13804
13805 13806 13807
13804 13808 13806
13808 13804 13803
13803 13800 13809
13810 13807 13806
13808 13810 13806
13807 13810 13811
13803 13809 13812
13812 13808 13803
13810 13808 13813
13799 13812 13809
13800 13799 13809
13812 13799 13814
13811 13810 13815
13813 13815 13810
13816 13808 13812
13816 13813 13808
13814 13816 13812
13815 13813 13817
13816 13814 13818
13819 13814 13799
13799 13795 13819
13814 13819 13820
13821 13819 13795
13821 13795 13793
13821 13793 13794
13794 13822 13821
13822 13794 13797
13819 13821 13823
13823 13820 13819
13824 13815 13817
13815 13824 13825
13815 13825 13826
13825 13827 13826
13827 13825 13828
13829 13825 13824
13825 13829 13828
13822 13830 13821
13830 13823 13821
13831 13827 13828
13829 13831 13828
13827 13831 13832
13820 13823 13833
13831 13829 13834
13829 13835 13834
13835 13829 13824
13817 13835 13824
13835 13817 13836
13817 13813 13836
13836 13813 13816
13818 13836 13816
13836 13818 13837
13838 13832 13831
13832 13838 13839
13831 13840 13838
13840 13831 13834
13835 13840 13834
13841 13839 13838
13840 13841 13838
13839 13841 13842
13843 13835 13836
13843 13836 13837
13818 13844 13837
13843 13837 13844
13844 13818 13845
13814 13845 13818
13845 13814 13820
13820 13846 13845
13846 13820 13833
13841 13847 13842
13847 13841 13848
13841 13840 13849
13835 13849 13840
13849 13835 13843
13833 13850 13846
13833 13851 13850
13823 13851 13833
13851 13823 13830
13850 13851 13852
13845 13853 13844
13853 13845 13846
13846 13854 13853
13854 13846 13850
13852 13854 13850
13854 13852 13855
13856 13847 13848
13847 13856 13857
13848 13858 13856
13858 13848 13859
13841 13859 13848
13859 13841 13849
13843 13859 13849
13860 13859 13843
13859 13860 13858
13844 13860 13843
13844 13861 13860
13861 13844 13853
13861 13858 13860
13855 13862 13854
13862 13853 13854
13862 13855 13863
13864 13857 13856
13858 13864 13856
13857 13864 13865
13862 13866 13853
13866 13861 13853
13862 13867 13866
13867 13862 13863
13858 13861 13868
13864 13858 13868
13869 13865 13864
13864 13868 13869
13865 13869 13870
13867 13871 13866
13866 13871 13861
13868 13861 13871
13871 13867 13872
13870 13869 13873
13874 13868 13871
13872 13874 13871
13868 13874 13869
13874 13872 13875
13875 13873 13869
13875 13869 13874
13876 13877 13878
13877 13876 13879
13878 13880 13876
13880 13878 13881
13881 13882 13880
13882 13881 13883
13883 13884 13882
13884 13883 13885
13885 13886 13884
13886 13885 13887
13879 13888 13877
13888 13879 13889
13889 13890 13888
13890 13889 13891
13892 13893 13894
13893 13892 13895
13896 13892 13894
13892 13896 13897
13896 13898 13897
13898 13896 13899
13900 13898 13899
13898 13900 13901
13900 13902 13901
13902 13900 13903
13904 13902 13903
13902 13904 13905
13906 13905 13904
13905 13906 13907
13908 13907 13906
13907 13908 13909
13910 13909 13908
13909 13910 13911
13912 13913 13914
13913 13912 13915
13916 13912 13914
13917 13918 13919
13918 13917 13920
13918 13921 13919
13921 13918 13922
13923 13921 13922
13921 13923 13924
13923 13925 13924
13925 13923 13926
13927 13925 13926
13925 13927 13928
13917 13929 13920
13929 13917 13930
13930 13931 13929
13931 13930 13932
13933 13934 13935
13934 13933 13936
13935 13934 13937
13938 13939 13940
13939 13938 13941
13942 13943 13944
13943 13942 13945
13942 13946 13945
13946 13942 13947
13948 13944 13943
13944 13948 13949
13947 13950 13946
13950 13947 13951
13951 13952 13950
13952 13951 13953
13954 13949 13948
13949 13954 13955
13953 13956 13952
13956 13953 13957
13954 13958 13955
13958 13959 13955
13959 13958 13960
13960 13961 13959
13961 13960 13962
13963 13956 13957
13956 13963 13964
13965 13964 13963
13964 13965 13966
13966 13965 13967
13968 13967 13965
13967 13968 13969
13962 13970 13961
13970 13962 13971
13972 13970 13971
13970 13972 13973
13974 13973 13972
13973 13974 13975
13976 13975 13974
13975 13976 13977
13977 13976 13978
13978 13979 13977
13979 13978 13980
13980 13981 13979
13981 13980 13982
13982 13983 13981
13983 13982 13984
13985 13983 13984
13983 13985 13986
13987 13986 13985
13986 13987 13988
13989 13988 13987
13988 13989 13990
13991 13990 13989
13990 13991 13992
13991 13993 13992
13992 13993 13994
13993 13991 13995
13995 13996 13993
13996 13995 13997
13996 13997 13998
13998 13999 13996
13999 13998 14000
14001 14002 14003
14002 14001 14004
14005 14002 14004
14002 14005 14006
14003 14007 14001
14007 14003 14008
14009 14006 14005
14006 14009 14010
14011 14010 14009
14010 14011 14012
14008 14013 14007
14013 14008 14014
14015 14012 14011
14012 14015 14016
14014 14017 14013
14018 14017 14014
14017 14018 14019
14020 14019 14018
14019 14020 14021
14015 14022 14016
14022 14015 14023
14023 14024 14022
14024 14023 14025
14026 14024 14025
14026 14027 14024
14027 14026 14028
14029 14021 14020
14021 14029 14030
14029 14031 14030
14031 14029 14032
14032 14033 14031
14033 14032 14034
14034 14035 14033
14035 14034 14036
14037 14035 14036
14038 14037 14036
14037 14038 14039
14040 14039 14038
14039 14040 14041
14042 14041 14040
14041 14042 14043
14042 14044 14043
14044 14042 14045
14045 14046 14044
14046 14045 14047
14047 14048 14046
14048 14047 14049
14049 14050 14048
14050 14049 14051
14052 14050 14051
14053 14052 14051
14050 14052 14054
14055 14054 14052
14054 14055 14056
14056 14055 14057
14058 14057 14055
14057 14058 14059
14060 14061 14062
14061 14060 14063
13893 14063 14060
14063 13893 13895
14064 14065 14066
14065 14064 14067
14067 14068 14065
14068 14067 14069
14066 14070 14064
14070 14066 14071
14071 14072 14070
14072 14071 14073
14073 14074 14072
14074 14073 14075
14075 14076 14074
14076 14075 14077
14077 14078 14076
14078 14077 14079
14079 14080 14078
14080 14079 14081
14082 14083 14084
14083 14082 14085
14084 14086 14082
14086 14084 14087
14088 14083 14085
14083 14088 14089
14088 14090 14089
14090 14088 14091
14092 14090 14091
14090 14092 14093
14092 14094 14093
14094 14092 14095
14096 14094 14095
14094 14096 14097
14098 14097 14096
14097 14098 14099
14100 14101 14102
14101 14100 14103
14102 14104 14100
14104 14102 14105
14105 14106 14104
14106 14105 14107
14107 14108 14106
14108 14107 14109
14109 14110 14108
14110 14109 14111
14111 14112 14110
14112 14111 14113
14113 14114 14112
14114 14113 14115
14115 14116 14114
14116 14115 14117
14117 14118 14116
14118 14117 14119
14119 14120 14118
14120 14119 14121
14122 14120 14121
14120 14122 14123
14124 14123 14122
14123 14124 14125
14126 14125 14124
14125 14126 14127
14128 14127 14126
14127 14128 14129
14128 14130 14129
14130 14131 14129
14131 14130 14132
14133 14131 14132
14131 14133 14134
14133 14135 14134
14136 14135 14133
14135 14136 14137
14138 14135 14137
14139 14140 14141
14140 14139 14142
14143 14141 14140
14141 14143 14144
14139 14145 14142
14145 14139 14146
14147 14145 14146
14145 14147 14148
14147 14149 14148
14149 14147 14150
14151 14149 14150
14149 14151 14152
14151 14153 14152
14153 14151 14154
14154 14155 14153
14155 14154 14156
13642 13633 14157
13635 14157 13633
14157 13635 14158
14159 14158 13635
13636 14159 13635
14159 13636 13637
14158 14159 14160
14157 14161 13642
14161 14157 14162
14157 14158 14162
14158 14163 14162
14163 14158 14160
14162 14164 14161
14163 14164 14162
14161 14164 14165
14163 14166 14164
14165 14164 14167
14167 14164 14166
14168 14169 14170
14169 14168 14171
14170 14172 14168
14172 14170 14173
14171 14174 14169
14174 14171 14175
14173 14176 14172
14176 14173 14177
14178 14179 14180
14179 14178 14181
14181 14182 14179
14182 14181 14183
14180 14184 14178
14184 14180 14185
14183 14186 14182
14186 14183 14187
14188 14189 14190
14189 14188 14191
14192 14189 14191
14189 14192 14193
14190 14194 14188
14194 14190 14195
14196 14194 14195
14194 14196 14197
14192 14198 14193
14198 14192 14199
14196 14200 14197
14200 14196 14201
14202 14198 14199
14198 14202 14203
14201 14204 14200
14204 14201 14205
14203 14202 14206
14207 14208 14209
14208 14210 14209
14208 14211 14210
14212 14211 14208
14211 14212 14213
14212 14214 14213
14208 14215 14212
14208 14216 14215
14217 14216 14208
14207 14217 14208
14218 14217 14207
14219 14215 14216
14215 14219 14220
14215 14220 14221
14215 14221 14212
14221 14222 14212
14212 14222 14214
14222 14223 14214
14222 14224 14223
14219 14225 14220
14225 14226 14220
14226 14227 14220
14220 14227 14221
14227 14228 14221
14221 14228 14222
14228 14229 14222
14222 14229 14224
14230 14224 14229
14231 14226 14225
14226 14232 14227
14232 14226 14233
14234 14233 14226
14234 14226 14231
14232 14233 14235
14233 14236 14235
14236 14233 14234
14231 14237 14234
14237 14236 14234
14237 14231 14238
14238 14231 14239
14239 14231 14225
14240 14239 14225
14237 14241 14236
14238 14242 14237
14242 14241 14237
14242 14238 14243
14243 14238 14244
14244 14238 14239
14245 14244 14239
14240 14245 14239
14245 14240 14246
14241 14247 14236
14242 14248 14241
14241 14249 14247
14250 14242 14243
14250 14243 14251
14251 14243 14244
14252 14251 14244
14245 14252 14244
14253 14252 14245
14253 14245 14246
14253 14246 14254
14242 14250 14255
14248 14242 14255
14241 14256 14249
14256 14241 14248
14250 14257 14255
14257 14250 14258
14259 14258 14250
14259 14250 14251
14259 14251 14260
14252 14260 14251
14261 14260 14252
14262 14261 14252
14253 14262 14252
14262 14253 14263
14263 14253 14254
14264 14263 14254
14261 14262 14265
14266 14265 14262
14266 14262 14267
14267 14262 14263
14268 14267 14263
14269 14268 14263
14264 14269 14263
14270 14269 14264
14271 14267 14268
14268 14272 14271
14272 14268 14273
14269 14273 14268
14274 14273 14269
14275 14274 14269
14270 14275 14269
14275 14270 14276
14274 14275 14277
14278 14277 14275
14278 14275 14276
14277 14278 14279
14280 14273 14274
14267 14271 14281
14274 14282 14280
14282 14274 14277
14283 14273 14280
14283 14272 14273
14272 14283 14284
14284 14283 14280
14285 14271 14272
14272 14284 14285
14271 14285 14286
14287 14277 14279
14277 14287 14282
14282 14288 14280
14288 14284 14280
14288 14282 14289
14290 14285 14284
14285 14290 14291
14291 14286 14285
14284 14292 14290
14292 14284 14288
14288 14289 14292
14282 14293 14289
14293 14282 14287
14286 14291 14294
14295 14290 14292
14289 14295 14292
14290 14295 14296
14297 14286 14294
14286 14297 14298
14299 14286 14298
14299 14271 14286
14271 14299 14281
14300 14281 14299
14281 14300 14301
14301 14267 14281
14267 14301 14266
14301 14265 14266
14301 14300 14302
14302 14265 14301
14299 14303 14300
14303 14299 14298
14297 14303 14298
14302 14304 14265
14304 14302 14300
14303 14297 14305
14303 14306 14300
14306 14304 14300
14306 14303 14307
14297 14308 14305
14309 14265 14304
14306 14309 14304
14265 14309 14261
14309 14306 14310
14307 14310 14306
14303 14311 14307
14311 14303 14305
14308 14311 14305
14310 14307 14312
14311 14308 14313
14308 14314 14313
14314 14308 14294
14308 14297 14294
14291 14314 14294
14314 14291 14315
14290 14315 14291
14315 14290 14296
14316 14315 14296
14295 14316 14296
14316 14295 14317
14289 14317 14295
14289 14318 14317
14318 14289 14293
14319 14318 14293
14293 14287 14319
14319 14287 14279
14278 14319 14279
14317 14320 14316
14320 14315 14316
14320 14317 14321
14318 14321 14317
14321 14318 14322
14319 14323 14318
14323 14322 14318
14321 14324 14320
14325 14320 14324
14320 14325 14315
14315 14325 14314
14319 14326 14323
14322 14323 14327
14327 14321 14322
14314 14325 14328
14328 14325 14324
14314 14328 14329
14313 14314 14329
14311 14313 14329
14330 14311 14329
14311 14330 14331
14332 14311 14331
14332 14307 14311
14307 14332 14312
14332 14333 14312
14333 14334 14312
14310 14312 14334
14310 14334 14335
14336 14310 14335
14336 14309 14310
14309 14336 14337
14337 14261 14309
14261 14337 14338
14338 14260 14261
14334 14333 14339
14339 14335 14334
14340 14338 14337
14338 14340 14341
14335 14339 14342
14342 14336 14335
14336 14342 14343
14337 14343 14340
14343 14337 14336
14259 14338 14341
14338 14259 14260
14333 14344 14339
14344 14342 14339
14343 14345 14340
14342 14344 14346
14340 14347 14341
14259 14341 14347
14345 14347 14340
14348 14342 14346
14342 14348 14343
14345 14349 14347
14349 14345 14343
14349 14343 14348
14350 14346 14344
14346 14350 14351
14259 14347 14352
14353 14350 14344
14353 14344 14354
14354 14355 14353
14355 14354 14331
14332 14331 14354
14333 14332 14354
14344 14333 14354
14331 14330 14355
14356 14346 14351
14346 14356 14348
14353 14357 14350
14357 14353 14358
14355 14358 14353
14359 14348 14356
14348 14359 14349
14360 14349 14359
14349 14360 14347
14352 14347 14360
14358 14361 14357
14361 14358 14362
14356 14363 14359
14363 14356 14364
14362 14365 14361
14365 14362 14366
14367 14359 14363
14359 14367 14360
14360 14367 14352
14368 14357 14361
14357 14368 14369
14357 14369 14350
14369 14351 14350
14351 14369 14370
14370 14371 14351
14356 14351 14371
14371 14370 14372
14356 14371 14373
14364 14356 14373
14372 14373 14371
14374 14365 14366
14373 14372 14375
14376 14373 14375
14373 14376 14364
14377 14370 14369
14370 14377 14372
14368 14377 14369
14377 14375 14372
14378 14364 14376
14364 14378 14363
14377 14368 14379
14380 14363 14378
14363 14380 14367
14375 14377 14381
14379 14381 14377
14376 14382 14378
14383 14375 14381
14375 14383 14376
14367 14380 14384
14384 14352 14367
14352 14384 14258
14258 14259 14352
14384 14257 14258
14257 14384 14385
14380 14378 14386
14382 14386 14378
14382 14387 14386
14387 14382 14376
14383 14387 14376
14381 14379 14388
14380 14389 14384
14380 14386 14389
14390 14257 14385
14257 14390 14391
14257 14391 14255
14392 14255 14391
14248 14255 14392
14248 14392 14393
14393 14256 14248
14393 14392 14394
14395 14392 14391
14394 14392 14395
14387 14396 14386
14396 14387 14397
14387 14398 14397
14398 14381 14388
14381 14398 14383
14398 14387 14383
14393 14394 14399
14393 14399 14400
14256 14393 14400
14400 14401 14256
14402 14256 14401
14256 14402 14249
14400 14403 14401
14400 14404 14403
14400 14399 14404
14397 14398 14405
14398 14406 14405
14398 14407 14406
14407 14398 14388
14408 14407 14388
14388 14409 14408
14409 14388 14379
14410 14409 14379
14368 14410 14379
14361 14410 14368
14410 14361 14365
14365 14411 14410
14411 14365 14412
14365 14374 14412
14411 14413 14410
14409 14410 14413
14413 14408 14409
14413 14411 14414
14407 14408 14415
14408 14413 14416
14417 14407 14415
14407 14417 14406
14406 14417 14405
14417 14418 14405
14419 14405 14418
14405 14419 14397
14396 14397 14419
14415 14420 14417
14420 14415 14421
14421 14408 14416
14408 14421 14415
14396 14419 14422
14396 14422 14423
14424 14396 14423
14396 14424 14425
14424 14389 14425
14425 14389 14386
14396 14425 14386
14389 14424 14426
14426 14384 14389
14384 14426 14385
14427 14426 14424
14427 14390 14426
14390 14385 14426
14428 14390 14427
14390 14428 14429
14429 14391 14390
14391 14429 14395
14430 14424 14423
14424 14430 14431
14431 14427 14424
14432 14395 14429
14395 14432 14433
14433 14394 14395
14399 14394 14433
14427 14434 14428
14434 14427 14431
14435 14399 14433
14399 14435 14436
14399 14436 14404
14436 14437 14404
14438 14437 14436
14437 14438 14439
14439 14440 14437
14440 14439 14441
14431 14442 14434
14442 14431 14430
14443 14436 14435
14436 14443 14438
14433 14444 14435
14444 14433 14432
14445 14435 14444
14435 14445 14443
14446 14438 14443
14446 14439 14438
14446 14447 14439
14447 14441 14439
14448 14434 14442
14434 14448 14449
14442 14450 14448
14450 14442 14451
14430 14451 14442
14451 14430 14452
14423 14452 14430
14452 14423 14453
14422 14453 14423
14453 14422 14454
14422 14419 14454
14418 14454 14419
14417 14454 14418
14454 14417 14420
14420 14455 14454
14455 14420 14456
14421 14456 14420
14456 14421 14457
14416 14457 14421
14457 14416 14413
14413 14458 14457
14414 14458 14413
14459 14457 14458
14457 14459 14456
14460 14454 14455
14454 14460 14453
14461 14456 14459
14456 14461 14455
14462 14455 14461
14455 14462 14460
14463 14459 14458
14461 14459 14463
14464 14461 14463
14461 14464 14462
14465 14460 14462
14462 14464 14465
14460 14465 14466
14466 14452 14460
14452 14453 14460
14464 14463 14467
14464 14468 14465
14468 14464 14467
14468 14467 14469
14470 14452 14466
14452 14470 14451
14466 14471 14470
14471 14466 14465
14471 14465 14468
14472 14471 14468
14473 14468 14469
14473 14472 14468
14474 14473 14469
14475 14451 14470
14475 14470 14471
14451 14475 14450
14476 14475 14471
14476 14471 14472
14477 14473 14474
14477 14474 14478
14473 14477 14479
14480 14472 14473
14480 14476 14472
14479 14480 14473
14481 14475 14476
14481 14482 14475
14482 14450 14475
14482 14448 14450
14448 14482 14483
14483 14449 14448
14449 14483 14484
14484 14485 14449
14428 14449 14485
14485 14429 14428
14429 14485 14432
14449 14428 14434
14486 14432 14485
14485 14484 14486
14432 14486 14444
14487 14444 14486
14444 14487 14445
14488 14445 14487
14489 14486 14484
14486 14489 14487
14490 14488 14487
14490 14487 14489
14491 14484 14483
14484 14491 14489
14492 14489 14491
14489 14492 14490
14493 14492 14491
14483 14493 14491
14493 14483 14482
14482 14494 14493
14494 14482 14481
14495 14494 14481
14488 14496 14445
14495 14481 14476
14480 14495 14476
14443 14445 14496
14497 14443 14496
14446 14443 14497
14498 14446 14497
14447 14446 14498
14499 14447 14498
14500 14447 14499
14501 14500 14499
14500 14501 14502
14503 14500 14502
14503 14502 14504
14503 14504 14505
14506 14505 14504
14505 14506 14507
14508 14505 14507
14505 14508 14509
14510 14509 14508
14509 14510 14511
14512 14511 14510
14511 14512 14513
14511 14513 14514
14514 14515 14511
14515 14514 14516
14516 14517 14515
14515 14517 14518
14518 14519 14515
14519 14518 14520
14520 14521 14519
14522 14519 14521
14522 14523 14519
14523 14515 14519
14523 14522 14524
14523 14525 14515
14525 14511 14515
14526 14523 14524
14523 14526 14527
14527 14525 14523
14527 14528 14525
14529 14527 14526
14527 14529 14530
14530 14528 14527
14530 14503 14528
14531 14530 14529
14530 14531 14532
14503 14530 14532
14531 14533 14532
14533 14531 14534
14534 14441 14533
14500 14533 14441
14500 14532 14533
14500 14503 14532
14441 14534 14440
14447 14500 14441
14528 14509 14525
14525 14509 14511
14528 14505 14509
14503 14505 14528
14535 14536 14537
14536 14535 14538
14535 14539 14538
14539 14535 14540
14541 14537 14536
14537 14541 14542
14541 14543 14542
14543 14541 14544
14545 14539 14540
14539 14545 14546
14547 14543 14544
14543 14547 14548
14545 14549 14546
14549 14545 14550
14551 14548 14547
14548 14551 14552
14553 14549 14550
13431 13424 14554
14555 14554 13424
13434 14555 13424
14554 14555 14556
13434 14557 14555
14557 14556 14555
14558 14557 13434
14554 13443 13431
13443 14554 14559
14556 14559 14554
14557 14558 14560
14556 14557 14561
14559 14556 14562
14557 14560 14563
14563 14560 14564
14564 14565 14563
14565 14564 14566
14567 14565 14566
14567 14566 14568
14569 14567 14568
14567 14569 14570
14571 14567 14570
14567 14571 14572
14572 14571 14573
14573 14574 14572
14574 14573 14575
14567 14576 14565
14577 14563 14565
14576 14577 14565
14563 14577 14578
14578 14557 14563
14557 14578 14561
14578 14579 14561
14579 14556 14561
14556 14579 14562
14579 14578 14580
14577 14580 14578
14574 14575 14581
14577 14576 14582
14580 14577 14583
14582 14583 14577
14574 14581 14584
14584 14581 14585
14583 14582 14586
14587 14582 14576
14567 14587 14576
14587 14567 14572
14572 14588 14587
14588 14572 14574
14582 14587 14589
14589 14586 14582
14590 14584 14585
14584 14590 14591
14574 14592 14588
14592 14574 14584
14591 14592 14584
14586 14589 14593
14587 14594 14589
14594 14587 14588
14594 14593 14589
14592 14591 14595
14590 14596 14591
14596 14595 14591
14596 14590 14597
14598 14596 14597
14596 14598 14599
14593 14594 14600
14588 14601 14594
14601 14588 14592
14595 14601 14592
14595 14596 14602
14599 14602 14596
14601 14595 14603
14602 14603 14595
14604 14599 14598
14599 14604 14605
14606 14594 14601
14594 14606 14600
14603 14606 14601
14602 14599 14607
14605 14607 14599
14604 14608 14605
14608 14604 14609
14603 14602 14610
14607 14610 14602
14606 14603 14611
14610 14611 14603
14607 14605 14612
14613 14605 14608
14605 14613 14614
14610 14607 14615
14612 14615 14607
14611 14610 14616
14615 14616 14610
14617 14605 14614
14605 14617 14612
14615 14612 14618
14616 14615 14619
14616 14620 14611
14619 14620 14616
14617 14621 14612
14620 14619 14622
14612 14623 14618
14623 14612 14621
14615 14624 14619
14624 14615 14618
14618 14625 14624
14625 14618 14623
14626 14619 14624
14619 14626 14622
14624 14627 14626
14627 14624 14625
14628 14629 14630
14631 14630 14629
14630 14631 14632
14633 14634 14635
14634 14633 14636
14637 14638 14639
14639 14640 14637
14640 14639 14641
14642 14643 14644
14642 14645 14643
14643 14646 14644
14643 14647 14646
14645 14648 14643
14643 14649 14647
14648 14650 14643
14643 14651 14649
14650 14652 14643
14653 14651 14643
14654 14651 14653
14651 14654 14655
14656 14655 14654
14655 14656 14657
14652 14658 14643
14658 14653 14643
14658 14652 14659
14652 14660 14659
14652 14661 14660
14662 14660 14661
14660 14662 14663
14663 14664 14660
14660 14664 14665
14666 14660 14665
14660 14666 14667
14656 14668 14657
14668 14669 14657
14668 14670 14669
14659 14660 14671
14660 14667 14671
14670 14672 14669
14671 14673 14659
14673 14671 14674
14671 14675 14674
14676 14669 14672
14675 14677 14674
14677 14678 14674
14674 14679 14673
14678 14680 14674
14674 14681 14679
14680 14682 14674
14681 14683 14679
14683 14681 14684
14682 14685 14674
14686 14681 14674
14685 14687 14674
14687 14686 14674
14684 14688 14683
14688 14684 14689
14689 14690 14688
14689 14691 14690
14691 14692 14690
14691 14672 14692
14676 14672 14691
14691 14693 14676
14693 14691 14694
14693 14695 14676
14695 14696 14676
14696 14697 14676
14676 14697 14698
14697 14699 14698
14697 14700 14699
14676 14698 14701
14676 14701 14702
14702 14669 14676
14669 14702 14703
14696 14704 14697
14704 14705 14697
14697 14706 14700
14705 14706 14697
14706 14707 14700
14705 14708 14706
14706 14709 14707
14708 14709 14706
14709 14710 14707
14708 14711 14709
14709 14712 14710
14711 14712 14709
14712 14713 14710
14712 14711 14714
14712 14715 14713
14712 14714 14715
14715 14716 14713
14715 14714 14717
14715 14718 14716
14715 14717 14718
14718 14719 14716
14718 14717 14720
14718 14721 14719
14718 14720 14721
14721 14722 14719
14721 14720 14723
14721 14724 14722
14721 14723 14724
14724 14725 14722
14724 14723 14726
14724 14727 14725
14724 14726 14727
14727 14728 14725
14727 14726 14729
14727 14730 14728
14727 14729 14730
14731 14728 14730
14730 14732 14731
14730 14729 14733
14730 14734 14732
14730 14733 14734
14734 14733 14735
14732 14734 14735
14732 14735 14736
14736 14735 14737
14733 14738 14735
14735 14738 14739
14735 14740 14737
14735 14739 14740
14740 14741 14737
14741 14740 14742
14740 14739 14742
14739 14743 14742
14744 14745 14746
14747 14745 14744
14747 14748 14745
14745 14748 14749
14745 14749 14750
14746 14745 14750
14750 14749 14751
14752 14748 14747
14753 14752 14747
14754 14752 14753
14755 14754 14753
14755 14756 14754
14749 14757 14751
14749 14758 14757
14748 14758 14749
14758 14759 14757
14757 14759 14760
14751 14757 14760
14751 14760 14761
14759 14762 14760
14763 14762 14759
14764 14763 14759
14764 14759 14758
14765 14764 14758
14766 14763 14764
14767 14766 14764
14767 14764 14765
14768 14767 14765
14754 14769 14768
14756 14769 14754
14770 14766 14767
14771 14770 14767
14771 14767 14768
14769 14771 14768
14772 14771 14769
14771 14772 14773
14773 14770 14771
14770 14773 14774
14774 14775 14770
14770 14775 14766
14775 14776 14766
14766 14776 14763
14776 14777 14763
14763 14777 14762
14762 14777 14778
14775 14774 14779
14769 14780 14772
14780 14769 14756
14779 14781 14775
14775 14781 14776
14781 14779 14782
14780 14756 14783
14783 14756 14784
14782 14785 14781
14781 14785 14786
14781 14786 14776
14776 14786 14777
14777 14786 14787
14786 14788 14787
14786 14785 14788
14788 14789 14787
14787 14789 14790
14790 14791 14778
14778 14791 14792
14762 14778 14792
14791 14790 14793
14785 14782 14794
14795 14793 14790
14795 14790 14789
14783 14784 14796
14784 14797 14796
14798 14797 14784
14798 14784 14755
14797 14798 14799
14800 14799 14798
14800 14798 14801
14798 14755 14801
14800 14801 14802
14801 14803 14802
14802 14803 14804
14803 14744 14804
14799 14800 14805
14806 14805 14800
14800 14802 14806
14805 14806 14807
14807 14808 14805
14808 14807 14809
14810 14809 14807
14807 14806 14810
14806 14811 14810
14806 14812 14811
14812 14802 14804
14806 14802 14812
14804 14813 14812
14813 14804 14814
14814 14804 14815
14815 14804 14744
14815 14744 14816
14813 14817 14812
14818 14812 14817
14818 14811 14812
14818 14819 14811
14819 14820 14811
14820 14821 14811
14821 14810 14811
14821 14822 14810
14809 14810 14822
14822 14821 14823
14823 14824 14822
14824 14809 14822
14824 14823 14825
14825 14826 14824
14826 14825 14827
14826 14828 14824
14809 14824 14828
14828 14808 14809
14828 14829 14808
14830 14829 14828
14826 14830 14828
14829 14831 14808
14831 14805 14808
14805 14831 14799
14831 14829 14832
14797 14799 14831
14833 14832 14829
14830 14833 14829
14832 14834 14831
14835 14834 14832
14833 14835 14832
14835 14836 14834
14837 14834 14836
14834 14837 14838
14838 14839 14834
14834 14839 14831
14839 14797 14831
14797 14839 14840
14839 14838 14840
14797 14840 14796
14841 14842 14843
14844 14841 14843
14842 14845 14843
14845 14846 14843
14847 14844 14843
14846 14848 14843
14849 14847 14843
14848 14850 14843
14849 14843 14851
14843 14850 14852
14850 14853 14852
14853 14850 14854
14854 14855 14853
14855 14854 14856
14857 14851 14843
14857 14843 14852
14858 14851 14857
14851 14858 14859
14860 14851 14859
14859 14861 14860
14861 14859 14862
14863 14862 14859
14864 14863 14859
14859 14865 14864
14865 14859 14866
14867 14855 14856
14867 14856 14868
14869 14867 14868
14858 14870 14859
14870 14866 14859
14870 14858 14871
14872 14869 14868
14873 14872 14868
14868 14874 14873
14874 14868 14875
14870 14871 14876
14877 14870 14876
14878 14877 14876
14879 14878 14876
14871 14880 14876
14881 14879 14876
14880 14882 14876
14883 14881 14876
14884 14882 14880
14882 14884 14885
14886 14883 14876
14876 14882 14887
14886 14876 14888
14876 14887 14888
14889 14885 14884
14885 14889 14890
14889 14891 14890
14891 14892 14890
14891 14893 14892
14893 14872 14892
14873 14892 14872
14894 14892 14873
14895 14894 14873
14896 14895 14873
14897 14896 14873
14897 14873 14898
14897 14899 14896
14900 14897 14898
14873 14901 14898
14901 14873 14874
14892 14894 14902
14903 14897 14900
14903 14904 14897
14905 14904 14903
14904 14906 14897
14906 14899 14897
14907 14906 14904
14908 14907 14904
14905 14908 14904
14909 14908 14905
14910 14907 14908
14911 14910 14908
14909 14911 14908
14912 14911 14909
14913 14910 14911
14913 14911 14914
14912 14914 14911
14915 14914 14912
14916 14913 14914
14916 14914 14917
14915 14917 14914
14918 14917 14915
14919 14916 14917
14919 14917 14920
14918 14920 14917
14920 14918 14921
14922 14920 14921
14923 14920 14922
14923 14919 14920
14924 14923 14922
14925 14924 14922
14926 14924 14925
14927 14928 14929
14928 14927 14930
14931 14930 14927
14930 14931 14932
14933 14929 14928
14929 14933 14934
14935 14932 14931
14933 14936 14934
14936 14933 14937
14937 14938 14936
14938 14937 14939
14939 14940 14938
14940 14939 14941
14940 14941 14942
14943 14218 14944
14218 14943 14217
14943 14945 14217
14217 14945 14216
14945 14946 14216
14946 14219 14216
14240 14219 14946
14219 14240 14225
14246 14240 14946
14947 14246 14946
14945 14947 14946
14948 14947 14945
14943 14948 14945
14948 14943 14949
14949 14943 14944
14950 14949 14944
14950 14944 14951
14951 14952 14950
14953 14949 14950
14953 14948 14949
14953 14954 14948
14948 14954 14947
14954 14254 14947
14947 14254 14246
14950 14952 14955
14956 14950 14955
14957 14956 14955
14958 14950 14956
14958 14953 14950
14959 14953 14958
14953 14959 14954
14957 14960 14956
14264 14954 14959
14954 14264 14254
14961 14960 14957
14961 14962 14960
14961 14963 14962
14963 14964 14962
14963 14965 14964
14964 14965 14966
14967 14966 14965
14967 14968 14966
14967 14969 14968
14970 14968 14969
14968 14970 14971
14972 14968 14971
14972 14973 14968
14968 14973 14966
14974 14966 14973
14975 14966 14974
14964 14966 14975
14975 14976 14964
14964 14976 14962
14962 14976 14977
14973 14978 14974
14979 14974 14978
14974 14979 14980
14975 14974 14980
14981 14975 14980
14981 14982 14975
14975 14982 14976
14976 14982 14983
14976 14983 14977
14982 14981 14984
14984 14985 14982
14982 14985 14983
14985 14984 14986
14985 14986 14319
14985 14319 14983
14319 14987 14983
14983 14987 14977
14987 14988 14977
14988 14987 14989
14987 14319 14276
14987 14276 14989
14319 14986 14990
14984 14990 14986
14991 14319 14990
14319 14991 14326
14990 14984 14992
14992 14991 14990
14981 14992 14984
14991 14992 14993
14993 14326 14991
14326 14993 14994
14995 14326 14994
14326 14995 14996
14323 14326 14996
14996 14327 14323
14327 14996 14995
14995 14997 14327
14997 14321 14327
14321 14997 14324
14997 14998 14324
14324 14998 14328
14998 14997 14999
14998 15000 14328
15000 14329 14328
14329 15000 14330
15000 14998 15001
14997 14995 15002
15003 15000 15001
15000 15003 15004
15005 14998 14999
14998 15005 15001
15006 14997 15002
14997 15006 14999
15006 15005 14999
15007 15004 15003
15004 15007 15008
15007 15009 15008
15010 15001 15005
15001 15010 15003
15005 15006 15011
15011 15010 15005
15009 15007 15012
15013 15003 15010
15003 15013 15007
15002 15014 15006
15014 15002 15015
15016 15015 15002
14995 15016 15002
14994 15016 14995
15016 14994 15017
15018 15017 14994
14993 15018 14994
14993 15019 15018
15020 15019 14993
14992 15020 14993
15020 14992 15021
14992 14981 15021
15017 15018 15022
15023 15019 15020
15020 15021 15023
15019 15023 15024
15018 15024 15022
15024 15018 15019
15023 15021 15025
15021 14981 14980
15025 15021 14980
15016 15017 15026
15017 15022 15026
15024 15026 15022
15026 15024 15027
15024 15028 15027
15028 15024 15023
14979 15025 14980
15025 14979 15023
14979 15028 15023
14978 15028 14979
15028 14978 15029
15029 15027 15028
15027 15029 15030
15031 15027 15030
15027 15031 15026
15026 15031 15015
15015 15016 15026
15031 15014 15015
15032 15030 15029
14978 15033 15029
15033 14978 15034
14978 14973 15034
15029 15035 15032
15033 15035 15029
15031 15036 15014
15037 15031 15030
15032 15037 15030
15031 15037 15038
15038 15036 15031
15037 15032 15039
15036 15040 15014
15040 15006 15014
15006 15040 15011
15040 15041 15011
15010 15011 15041
15041 15013 15010
15013 15041 15042
15041 15040 15043
15043 15042 15041
15042 15044 15013
15044 15007 15013
15007 15044 15012
15012 15044 15045
15044 15042 15046
15046 15045 15044
15042 15043 15047
15048 15046 15042
15042 15047 15048
15040 15036 15049
15050 15049 15036
15050 15036 15038
15050 15038 15037
15037 15039 15050
15051 15050 15039
15032 15051 15039
15051 15032 15035
15033 15051 15035
15051 15033 15052
15034 15052 15033
15052 15034 15053
14973 15053 15034
15053 14973 14972
15050 15051 15054
15053 15055 15052
15051 15056 15054
15056 15051 15052
15053 14972 14971
15055 15053 14971
15057 15055 14971
15055 15057 15052
15056 15052 15057
15058 15054 15056
15054 15058 15059
15060 15054 15059
15054 15060 15050
15060 15061 15050
15049 15050 15061
15056 15062 15058
15062 15056 15057
14971 15062 15057
15062 14971 14970
15061 15063 15049
15060 15064 15061
15064 15063 15061
15058 15065 15059
15060 15066 15064
15066 15060 15059
15065 15066 15059
15062 15067 15058
15067 15062 15068
14970 15068 15062
15063 15064 15069
15058 15070 15065
15067 15070 15058
15068 14970 15071
15066 15065 15072
15070 15072 15065
15072 15070 15073
15067 15073 15070
15071 14970 15074
14970 14969 15074
15073 15067 15075
15068 15075 15067
15075 15068 15076
15071 15076 15068
15077 15064 15066
15066 15072 15077
15073 15077 15072
15069 15064 15077
14969 15078 15074
15076 15071 15079
15077 15073 15080
15081 15071 15074
15081 15079 15071
15078 15081 15074
15075 15076 15082
15073 15083 15080
15083 15073 15075
15082 15084 15075
15084 15083 15075
15084 15082 15085
15076 15079 15085
15082 15076 15085
15081 15085 15079
15080 15086 15077
15069 15077 15086
15086 15080 15087
15069 15086 15088
15080 15089 15087
15089 15080 15083
15083 15090 15089
15090 15083 15084
15084 15091 15090
15091 15084 15085
15088 15086 15092
15087 15092 15086
15081 15093 15085
15093 15091 15085
15092 15087 15094
15095 15088 15092
15088 15095 15096
15089 15097 15087
15097 15094 15087
15098 15089 15090
15089 15098 15099
15091 15093 15100
15090 15100 15098
15100 15090 15091
15089 15101 15097
15099 15101 15089
15094 15097 15102
15101 15102 15097
15103 15096 15095
15096 15103 15104
15105 15092 15094
15105 15095 15092
15094 15102 15105
15102 15101 15106
15106 15105 15102
15093 15107 15100
15107 15093 15108
15081 15108 15093
15108 15081 15109
15109 15081 15078
15101 15110 15106
15110 15101 15099
15109 15111 15108
15111 15107 15108
15111 15109 15112
15109 15113 15112
15113 15109 15114
15114 15109 15078
15114 15078 15115
15116 15113 15114
15116 15114 15115
15116 15115 15117
15113 15116 15118
15119 15118 15116
15119 15116 15117
15119 15117 15120
15118 15119 15121
15121 15119 15122
15122 15119 15120
15122 15120 15123
15121 15122 15124
15122 15125 15124
15125 15122 15126
15126 15122 15123
15126 15123 15127
15125 15128 15124
15124 15129 15121
15129 15124 15128
15129 15118 15121
15129 15130 15118
15130 15129 15131
15130 15131 15132
15130 15132 15133
15133 15132 15134
15134 15135 15133
15136 15133 15135
15136 15135 15137
15136 15137 15138
15139 15136 15138
15140 15133 15136
15139 15140 15136
15141 15130 15133
15140 15141 15133
15140 15139 15142
15141 15140 15143
15140 15142 15143
15141 15143 15112
15141 15112 15113
15130 15141 15113
15130 15113 15118
15139 15144 15142
15139 15145 15144
15145 15139 15146
15146 15139 15138
15146 15138 15147
15147 15148 15146
15148 15147 15149
15150 15149 15147
15149 15150 15151
15152 15148 15149
15146 15153 15145
15153 15146 15148
15152 15153 15148
15152 15154 15153
15155 15154 15152
15152 15156 15155
15156 15149 15151
15152 15149 15156
15156 15151 15157
15158 15156 15157
15156 15158 15155
15159 15144 15145
15144 15159 15160
15145 15161 15159
15162 15161 15153
15154 15162 15153
15161 15145 15153
15163 15161 15162
15164 15160 15159
15160 15164 15165
15165 15166 15160
15167 15160 15166
15166 15168 15167
15167 15168 15143
15143 15168 15112
15111 15112 15168
15142 15167 15143
15144 15167 15142
15160 15167 15144
15169 15111 15168
15168 15166 15169
15111 15169 15170
15107 15111 15170
15171 15107 15170
15171 15170 15169
15107 15171 15172
15173 15107 15172
15100 15107 15173
15173 15098 15100
15098 15173 15174
15174 15099 15098
15099 15174 15110
15110 15174 15175
15173 15176 15174
15175 15174 15176
15173 15172 15176
15177 15175 15176
15175 15177 15110
15178 15110 15177
15178 15106 15110
15106 15178 15179
15105 15106 15179
15179 15180 15105
15095 15105 15180
15095 15180 15103
15180 15179 15181
15103 15180 15182
15181 15182 15180
15179 15183 15181
15183 15179 15178
15177 15183 15178
15183 15177 15184
15182 15181 15185
15177 15186 15184
15186 15177 15176
15182 15187 15103
15185 15187 15182
15187 15188 15103
15188 15104 15103
15104 15188 15189
15104 15189 15190
15188 15187 15191
15192 15181 15183
15192 15185 15181
15185 15192 15193
15183 15194 15192
15183 15195 15194
15184 15195 15183
15187 15185 15196
15192 15197 15193
15197 15192 15194
15194 15195 15197
15186 15198 15184
15198 15195 15184
15195 15198 15199
15197 15195 15199
15185 15200 15196
15200 15185 15193
15193 15201 15200
15201 15193 15197
15196 15200 15202
15202 15187 15196
15191 15187 15203
15187 15202 15203
15197 15204 15201
15204 15197 15199
15199 15198 15204
15205 15204 15198
15186 15205 15198
15186 15206 15205
15186 15207 15206
15207 15186 15208
15172 15207 15208
15208 15176 15172
15186 15176 15208
15207 15172 15171
15207 15209 15206
15209 15207 15210
15210 15207 15211
15207 15171 15211
15211 15212 15210
15212 15211 15213
15169 15213 15211
15211 15171 15169
15213 15169 15166
15166 15165 15213
15213 15214 15212
15214 15213 15165
15165 15215 15214
15215 15165 15164
15164 15216 15215
15216 15164 15217
15159 15217 15164
15217 15159 15161
15218 15216 15217
15210 15219 15209
15219 15210 15212
15212 15220 15219
15220 15212 15214
15214 15221 15220
15221 15214 15215
15222 15209 15219
15209 15222 15223
15223 15206 15209
15206 15223 15224
15224 15205 15206
15205 15224 15204
15225 15204 15224
15224 15223 15225
15204 15225 15226
15226 15201 15204
15201 15226 15227
15227 15200 15201
15200 15227 15202
15228 15202 15227
15202 15228 15203
15227 15229 15228
15229 15227 15226
15226 15230 15229
15230 15226 15225
15231 15203 15228
15229 15231 15228
15229 15232 15231
15232 15229 15230
15225 15233 15230
15230 15233 15232
15233 15225 15234
15232 15235 15231
15234 15236 15233
15236 15234 15237
15223 15237 15234
15237 15223 15222
15238 15235 15232
15233 15236 15238
15233 15238 15232
15222 15239 15237
15237 15239 15236
15239 15222 15240
15219 15240 15222
15240 15219 15220
15220 15241 15240
15239 15240 15241
15241 15220 15221
15221 15242 15241
15242 15221 15243
15215 15243 15221
15243 15215 15216
15216 15244 15243
15242 15243 15244
15244 15216 15218
15245 15241 15242
15241 15245 15246
15246 15239 15241
15247 15246 15245
15247 15248 15246
15248 15239 15246
15249 15248 15247
15248 15249 15250
15236 15248 15250
15239 15248 15236
15236 15250 15238
15238 15250 15251
15250 15249 15251
15249 15252 15251
15253 15251 15252
15251 15253 15254
15253 15255 15254
15255 15256 15254
15254 15256 15257
15254 15257 15251
15238 15251 15257
15256 15235 15257
15238 15257 15235
15258 15259 15260
15259 15258 15261
15261 15262 15259
15262 15261 15263
15260 15264 15258
15264 15260 15265
15262 15263 15266
15267 15264 15265
15264 15267 15268
15269 15268 15267
15268 15269 15270
15271 15270 15269
15270 15271 15272
15273 15272 15271
15274 15275 15276
15275 15274 15277
15278 15277 15274
15277 15278 15279
15280 15276 15275
15276 15280 15281
15282 15281 15280
15281 15282 15283
15284 15283 15282
15283 15284 15285
15286 15285 15284
15285 15286 15287
15288 15287 15286
15287 15288 15289
15290 15289 15288
15289 15290 15291
15292 15291 15290
15291 15292 15293
15294 15293 15292
15293 15294 15295
15294 15296 15295
15296 15294 15297
15297 15298 15296
15298 15297 15299
15299 15300 15298
15300 15299 15301
15301 15302 15300
15302 15301 15303
15304 15302 15303
15305 15304 15303
15304 15305 15306
15305 15307 15306
15307 15305 15308
15307 15308 15309
15309 15310 15307
15310 15309 15311
15309 15312 15311
13963 13957 15313
14016 14022 15314
15315 15316 15317
15316 15315 15318
15317 15319 15315
15319 15317 15320
15321 15316 15318
15316 15321 15322
15323 15324 15325
15324 15323 15326
15327 15325 15324
15325 15327 15328
15323 15329 15326
15329 15323 15330
13283 15331 13282
15331 13283 13284
13285 15331 13284
15331 13285 15332
15333 13282 15331
15332 15333 15331
13282 15333 15334
15335 13282 15334
13282 15335 13281
15335 13280 13281
13280 15335 15336
15336 13279 13280
13279 15336 15337
15337 15338 13279
13278 13279 15338
15338 15337 15339
13315 15332 13285
15332 13315 15340
15341 13278 15338
13278 15341 13277
15333 15332 15342
15343 15336 15335
15334 15343 15335
15336 15343 15344
15344 15337 15336
15337 15344 15345
15345 15339 15337
15346 15338 15339
15338 15346 15341
15339 15345 15347
15347 15346 15339
13315 15348 15340
15348 13315 15349
15349 13315 13329
15349 13329 15350
13329 13327 15350
15351 15350 13327
15351 13327 13333
15350 15351 15352
15352 15349 15350
13333 15353 15351
15353 15352 15351
15353 13333 15354
13333 15355 15354
13333 13332 15355
13332 13331 15355
15355 13331 13348
13348 13331 13335
15352 15353 15356
13348 15357 15355
15357 15354 15355
15357 13348 15358
13347 15358 13348
15358 13347 13356
15354 15357 15359
15356 15360 15352
15352 15360 15349
15360 15356 15361
15362 15354 15359
15354 15362 15353
15362 15356 15353
15363 15349 15360
15361 15363 15360
15349 15363 15348
15356 15362 15364
15364 15361 15356
15365 15358 13356
13356 15366 15365
15366 13356 13355
15358 15365 15367
15363 15361 15368
15369 15348 15363
15348 15369 15370
15370 15340 15348
15340 15370 15371
15342 15340 15371
15340 15342 15332
15371 15372 15342
15373 15342 15372
15342 15373 15333
15374 15333 15373
15333 15374 15334
15343 15334 15374
15374 15375 15343
15376 15343 15375
15343 15376 15344
15376 15345 15344
15345 15376 15377
15375 15374 15378
15373 15378 15374
15377 15347 15345
15347 15377 15379
15378 15373 15380
15372 15380 15373
15379 15381 15347
15346 15347 15381
15381 15379 15382
15383 15346 15381
15382 15383 15381
15346 15383 15384
15384 15341 15346
15341 15384 15385
15385 13277 15341
13277 15385 13276
15386 13276 15385
13276 15386 15387
15387 13275 13276
13275 15387 13274
15388 13274 15387
13274 15388 15389
15389 13268 13274
13268 15389 15390
15390 13266 13268
13266 15390 13273
15391 13273 15390
13273 15391 15392
15393 13273 15392
13273 15393 13269
13272 13269 15393
15394 13272 15393
13272 15394 15395
15395 13270 13272
13270 15395 15396
15397 15396 15395
15396 15397 15398
15399 15398 15397
15398 15399 15400
15400 15401 15398
15401 15400 15402
15397 15403 15399
15403 15397 15404
15404 15395 15394
15395 15404 15397
15398 15405 15396
15405 15398 15401
15404 15406 15403
15406 15404 15407
15394 15407 15404
15396 13271 13270
13271 15396 15405
15407 15408 15406
15408 15407 15409
15409 15410 15408
15410 15409 15411
15412 15410 15411
15410 15412 15413
15412 15414 15413
15414 15412 15415
15416 15414 15415
15414 15416 15417
15418 15417 15416
15417 15418 15419
15420 15419 15418
15419 15420 15421
15422 15421 15420
15421 15422 15423
15424 15423 15422
15423 15424 15425
15426 15425 15424
15425 15426 15427
15424 15428 15426
15428 15424 15429
15422 15429 15424
15429 15422 15430
15420 15430 15422
15430 15420 15431
15418 15431 15420
15431 15418 15432
15416 15432 15418
15432 15416 15433
15433 15416 15415
15429 15434 15428
15434 15429 15435
15430 15435 15429
15435 15430 15436
15431 15436 15430
15433 15415 15437
15437 15415 15438
15436 15431 15439
15432 15439 15431
15439 15432 15440
15433 15440 15432
15441 15437 15438
15442 15441 15438
15411 15442 15438
15443 15442 15411
15443 15411 15409
15409 15444 15443
15444 15409 15407
15407 15394 15444
15393 15444 15394
15444 15393 15392
15392 15443 15444
15443 15392 15391
15445 15443 15391
15445 15442 15443
15390 15445 15391
15445 15390 15389
15389 15446 15445
15445 15446 15442
15441 15442 15446
15446 15389 15388
15388 15447 15446
15447 15388 15448
15387 15448 15388
15448 15387 15386
15386 15449 15448
15449 15386 15450
15385 15450 15386
15450 15385 15384
15384 15451 15450
15451 15384 15383
15452 15446 15447
15446 15452 15441
15453 15451 15383
15383 15382 15453
15451 15453 15454
15455 15448 15449
15448 15455 15447
15456 15453 15382
15382 15457 15456
15457 15382 15379
15379 15458 15457
15458 15379 15377
15377 15459 15458
15459 15377 15376
15459 15376 15460
15375 15460 15376
15460 15375 15461
15378 15461 15375
15461 15378 15462
15378 15463 15462
15463 15378 15380
15464 15463 15380
15380 15372 15464
15465 15464 15372
15372 15371 15465
15371 15466 15465
15466 15371 15370
15464 15465 15467
15370 15468 15466
15468 15370 15369
15465 15469 15467
15469 15465 15466
15463 15464 15470
15467 15470 15464
15369 15471 15468
15471 15369 15472
15363 15472 15369
15472 15363 15368
15368 15473 15472
15473 15368 15474
15368 15475 15474
15475 15368 15361
15361 15364 15475
15476 15475 15364
15364 15477 15476
15477 15364 15362
15359 15477 15362
15477 15359 15478
15357 15478 15359
15478 15357 15479
15358 15479 15357
15479 15358 15367
15367 15480 15479
15480 15367 15481
15367 15482 15481
15482 15367 15365
15366 15482 15365
15482 15366 15483
15484 15479 15480
15479 15484 15478
15483 15485 15482
15485 15481 15482
15485 15483 15486
15481 15485 15487
15488 15478 15484
15478 15488 15477
15489 15485 15486
15485 15489 15490
15491 15481 15487
15481 15491 15480
15492 15477 15488
15477 15492 15476
15493 15485 15490
15485 15493 15487
15492 15494 15476
15475 15476 15494
15494 15474 15475
15474 15494 15495
15495 15473 15474
15473 15495 15496
15494 15492 15497
15497 15495 15494
15498 15490 15489
15490 15498 15499
15499 15493 15490
15500 15499 15498
15499 15500 15501
15500 15502 15501
15502 15500 15503
15503 15435 15502
15435 15503 15434
15436 15502 15435
15502 15436 15504
15436 15505 15504
15505 15436 15439
15439 15506 15505
15506 15439 15440
15507 15506 15440
15440 15433 15507
15508 15507 15433
15508 15433 15437
15508 15437 15509
15437 15441 15509
15452 15509 15441
15509 15452 15510
15506 15507 15511
15508 15511 15507
15511 15508 15512
15509 15512 15508
15505 15513 15504
15513 15502 15504
15502 15513 15501
15512 15509 15514
15510 15514 15509
15515 15501 15513
15501 15515 15499
15493 15499 15515
15516 15510 15452
15447 15516 15452
15516 15447 15455
15510 15516 15517
15518 15515 15513
15513 15505 15518
15506 15518 15505
15518 15506 15519
15515 15518 15520
15519 15520 15518
15521 15515 15520
15515 15521 15493
15521 15487 15493
15487 15521 15491
15522 15516 15455
15455 15523 15522
15523 15455 15449
15450 15523 15449
15523 15450 15451
15454 15523 15451
15523 15454 15524
15524 15522 15523
15511 15519 15506
15519 15511 15525
15522 15524 15526
15527 15491 15521
15491 15527 15528
15528 15480 15491
15480 15528 15484
15529 15484 15528
15484 15529 15488
15530 15488 15529
15488 15530 15492
15530 15497 15492
15497 15530 15531
15512 15525 15511
15525 15512 15532
15514 15532 15512
15532 15514 15533
15534 15528 15527
15528 15534 15529
15531 15535 15497
15495 15497 15535
15535 15496 15495
15496 15535 15536
15536 15537 15496
15538 15496 15537
15496 15538 15473
15538 15472 15473
15472 15538 15471
15539 15471 15538
15471 15539 15540
15540 15468 15471
15468 15540 15541
15541 15466 15468
15466 15541 15469
15542 15469 15541
15540 15542 15541
15469 15542 15543
15543 15467 15469
15467 15543 15544
15470 15467 15544
15542 15540 15545
15538 15546 15539
15540 15547 15545
15547 15540 15539
15539 15548 15547
15548 15539 15546
15549 15548 15546
15550 15549 15546
15546 15551 15550
15551 15546 15537
15546 15538 15537
15537 15536 15551
15552 15551 15536
15536 15553 15552
15553 15536 15535
15535 15531 15553
15551 15552 15554
15554 15550 15551
15531 15555 15553
15555 15531 15556
15530 15556 15531
15556 15530 15557
15529 15557 15530
15557 15529 15534
15534 15558 15557
15558 15534 15559
15527 15559 15534
15559 15527 15560
15521 15560 15527
15560 15521 15520
15520 15519 15560
15560 15525 15559
15525 15560 15519
15559 15532 15558
15532 15559 15525
15533 15558 15532
15558 15533 15561
15557 15561 15556
15561 15557 15558
15562 15561 15533
15533 15563 15562
15563 15533 15514
15514 15510 15563
15517 15563 15510
15563 15517 15564
15564 15562 15563
15562 15564 15565
15517 15566 15564
15566 15565 15564
15566 15517 15567
15516 15567 15517
15567 15516 15568
15516 15522 15568
15522 15569 15568
15569 15567 15568
15569 15522 15526
15567 15569 15570
15561 15562 15571
15565 15571 15562
15565 15566 15572
15571 15565 15573
15572 15573 15565
15574 15567 15570
15567 15574 15566
15573 15555 15571
15556 15571 15555
15571 15556 15561
15555 15573 15575
15575 15553 15555
15553 15575 15552
15575 15554 15552
15554 15575 15576
15576 15577 15554
15550 15554 15577
15577 15576 15578
15573 15572 15579
15575 15579 15576
15579 15575 15573
15579 15578 15576
15577 15580 15550
15549 15550 15580
15580 15577 15581
15578 15581 15577
15578 15579 15582
15572 15582 15579
15582 15572 15583
15566 15583 15572
15583 15566 15574
15581 15578 15584
15582 15584 15578
15584 15582 15585
15586 15587 15588
15587 15586 15589
15590 15586 15588
15586 15590 15591
15592 15591 15590
15591 15592 15593
15589 15594 15587
15594 15589 15595
15596 15593 15592
15593 15596 15597
15598 15594 15595
15594 15598 15599
15596 15600 15597
15600 15596 15601
15602 15600 15601
15600 15602 15603
15604 15599 15598
15599 15604 15605
15602 15606 15603
15606 15602 15607
15604 15608 15605
15608 15604 15609
15610 15606 15607
15606 15610 15611
15609 15612 15608
15612 15609 15613
15610 15613 15611
15613 15610 15612
15614 15615 15616
15615 15614 15617
15615 15618 15616
15618 15615 15619
15620 15618 15619
15618 15620 15621
15622 15617 15614
15617 15622 15623
15620 15624 15621
15624 15620 15625
15622 15626 15623
15626 15622 15627
15628 15624 15625
15624 15628 15629
15628 15630 15629
15630 15628 15631
15627 15632 15626
15632 15627 15633
15634 15630 15631
15630 15634 15635
15636 15632 15633
15632 15636 15637
15634 15638 15635
15638 15634 15639
15636 15640 15637
15640 15636 15641
15641 15639 15640
15639 15641 15638
14760 14792 15642
15642 14792 15643
14760 15642 14761
15642 15643 15644
14760 14762 14792
14791 15643 14792
14791 15645 15643
15645 15646 15643
15643 15646 15647
15643 15647 15644
15646 15648 15647
15649 15648 15646
15645 15649 15646
15649 15650 15648
15651 15649 15645
15652 15650 15649
15652 15649 15651
15653 15652 15651
15654 15650 15652
15655 15654 15652
15655 15652 15653
15656 15655 15653
15657 15654 15655
15656 15658 15655
15658 15657 15655
15656 15659 15658
15659 15656 15660
15661 15660 15656
15656 15653 15661
15660 15661 15662
15663 15662 15661
15661 15664 15663
15661 15653 15664
15653 15651 15664
15663 15664 14795
15664 14793 14795
15664 15651 14793
15662 15663 15665
15666 15665 15663
15663 14795 15666
14789 15666 14795
15665 15666 15667
15668 15667 15666
14789 15668 15666
15667 15668 15669
15668 15670 15669
15670 15668 14788
14788 15668 14789
14785 15670 14788
15670 14785 14794
14791 14793 15645
15651 15645 14793
15671 15672 15673
15672 15671 15674
15674 15675 15672
15675 15674 15676
15676 15677 15675
15677 15676 15678
15679 15677 15678
15677 15679 15680
15681 15680 15679
15680 15681 15682
15683 15682 15681
15682 15683 15684
15685 15686 15687
15686 15685 15688
15689 15688 15685
15688 15689 15690
15691 15690 15689
15690 15691 15692
15691 15693 15692
15693 15691 15694
15694 15695 15693
15695 15694 15696
15696 15697 15695
15697 15696 15698
15699 15700 15701
15700 15702 15701
15703 15699 15701
15703 15701 15704
15705 15704 15701
15702 15705 15701
15703 15704 15706
15707 15706 15704
15708 15707 15704
15709 15706 15707
15706 15709 15710
15706 15710 15711
15703 15706 15711
15711 15712 15703
15712 15699 15703
15713 15712 15711
15712 15713 15714
15715 15711 15710
15711 15715 15713
15716 15714 15713
15714 15716 15717
15707 15708 15718
15719 15718 15708
15718 15719 15720
15721 15717 15716
15717 15721 15722
15723 15709 15707
15718 15723 15707
15724 15713 15715
15713 15724 15716
15724 15721 15716
15710 15725 15715
15715 15725 15724
15721 15726 15722
15721 15724 15727
15720 15728 15718
15728 15723 15718
15728 15720 15729
15723 15730 15725
15726 15721 15731
15727 15731 15721
15726 15731 15732
15725 15733 15724
15730 15733 15725
15733 15727 15724
15732 15731 15734
15735 15730 15723
15729 15735 15728
15728 15735 15723
15727 15736 15731
15733 15730 15737
15727 15733 15738
15737 15738 15733
15738 15736 15727
15735 15729 15739
15740 15734 15731
15736 15740 15731
15735 15741 15730
15741 15737 15730
15738 15742 15736
15742 15740 15736
15737 15743 15738
15741 15743 15737
15743 15742 15738
15739 15744 15735
15735 15744 15741
15744 15739 15745
15742 15746 15740
15745 15747 15744
15741 15744 15747
15747 15745 15748
15743 15749 15742
15741 15750 15743
15750 15749 15743
15751 15747 15748
15747 15751 15752
15741 15747 15752
15753 15746 15742
15749 15753 15742
15741 15752 15754
15752 15755 15754
15755 15752 15751
15750 15756 15749
15754 15757 15741
15741 15757 15750
15754 15758 15757
15758 15754 15755
15756 15759 15749
15759 15753 15749
15758 15760 15757
15750 15757 15760
15760 15758 15761
15760 15762 15750
15762 15756 15750
15760 15763 15762
15763 15760 15761
15764 15762 15763
15756 15762 15764
15756 15765 15759
15766 15765 15756
15766 15756 15764
12699 15767 12704
15767 12699 12701
12717 12704 15767
15768 15769 15770
15769 15768 15771
15770 15772 15768
15772 15770 15773
15774 15772 15773
15772 15774 15775
15774 15776 15775
15776 15774 15777
15778 15776 15777
15776 15778 15779
15778 15780 15779
15780 15778 15781
15782 15780 15781
15780 15782 15783
15782 15784 15783
15784 15782 15785
15785 15786 15784
15786 15785 15787
15787 15788 15786
15788 15787 15789
15789 15790 15788
15790 15789 15791
15792 15793 15794
15793 15792 15795
15795 15796 15793
15796 15795 15797
15797 15798 15796
15798 15797 15799
15799 15800 15798
15800 15799 15801
15801 15802 15800
15802 15801 15803
15803 15804 15802
15804 15803 15805
15805 15806 15804
15806 15805 15807
15808 15809 15810
15809 15808 15811
15812 15810 15809
15810 15812 15813
15812 15814 15813
15814 15812 15815
15816 15814 15815
15814 15816 15817
15816 15818 15817
15818 15816 15819
15820 15818 15819
15818 15820 15821
15820 15822 15821
15822 15820 15823
15824 15825 15826
15825 15827 15826
15827 15825 15828
15829 15827 15828
15827 15829 15830
15829 15831 15830
15831 15829 15832
15833 15831 15832
15831 15833 15834
15835 15834 15833
15834 15835 15836
15835 15837 15836
15837 15835 15838
15839 15837 15838
15837 15839 15840
15841 15840 15839
15840 15841 15842
15843 15844 15845
15846 15844 15843
15844 15846 15847
15846 15848 15847
15848 15846 15849
15849 15850 15848
15850 15849 15851
15851 15852 15850
15852 15851 15853
15853 15854 15852
15854 15853 15855
15856 15854 15855
15854 15856 15857
15856 15858 15857
15858 15856 15859
15859 15860 15858
15860 15859 15861
15862 14957 15863
15863 14957 14955
15864 14957 15862
15864 15865 14957
15866 15865 15864
15867 15866 15864
15867 15868 15866
15867 15869 15868
15869 15870 15868
15869 15871 15870
15870 15871 15872
15870 15872 15873
15874 15870 15873
15873 15875 15874
15870 15874 15876
15870 15876 15877
15868 15870 15877
15868 15877 15878
15866 15868 15878
15866 15878 15879
15866 15879 15865
15879 14961 15865
15127 15876 15874
15876 15127 15123
15876 15123 15880
15876 15880 15877
15880 15881 15877
15878 15877 15881
15878 15881 15882
15879 15878 15882
15879 15882 14963
14961 15879 14963
15880 15123 15120
15880 15120 15883
15880 15883 15881
15883 15884 15881
15882 15881 15884
15882 15884 14965
14963 15882 14965
15883 15120 15117
15883 15117 15885
15883 15885 15884
15885 14967 15884
15884 14967 14965
15885 15117 15115
15885 15115 14969
14967 15885 14969
14969 15115 15078
15886 15127 15887
15886 15126 15127
15887 15127 15874
15888 15887 15874
15887 15888 15889
15890 15886 15887
15891 15890 15887
15891 15887 15889
15892 15890 15891
15888 15874 15875
15893 15894 15895
15895 15896 15893
15897 15896 15895
15896 15897 15898
15898 15897 15899
15900 15899 15897
15899 15900 15901
15902 15901 15900
15901 15902 15903
15904 15903 15902
15905 15906 15704
15719 15906 15905
15906 15708 15704
15719 15708 15906
15705 15905 15704
15907 15908 15909
15908 15907 15910
15911 15907 15909
15907 15911 15912
15913 15912 15911
15912 15913 15914
15915 15916 15917
15916 15915 15918
15916 15919 15917
15919 15916 15920
15920 15921 15919
15921 15920 15922
14989 14958 15923
14989 14959 14958
14270 14959 14989
14270 14264 14959
15923 14958 14956
14960 15923 14956
14960 14977 15923
14962 14977 14960
14276 14270 14989
14988 14989 15923
14977 14988 15923
14319 14278 14276
15924 15925 15926
15925 15924 15927
15928 15926 15925
15926 15928 15929
15928 15930 15929
15930 15928 15931
15932 15930 15931
15930 15932 15933
15934 15935 15936
15935 15934 15937
15937 15938 15935
15938 15937 15939
15939 15940 15938
15940 15939 15941
15942 15940 15941
15940 15942 15943
15725 15710 15709
15723 15725 15709
15944 15945 15946
15945 15944 15947
15946 15945 15948
15946 15949 15944
15950 15946 15948
15951 15950 15948
15952 15950 15951
15950 15952 15953
15950 15954 15946
15946 15954 15949
15954 15955 15949
15956 15953 15952
15953 15957 15950
15950 15957 15954
15957 15958 15954
15954 15958 15955
15958 15959 15955
15957 15960 15958
15961 15960 15957
15953 15961 15957
15960 15962 15958
15958 15962 15959
15961 15963 15960
15963 15964 15960
15960 15964 15962
15962 15964 15965
15965 15966 15962
15966 15959 15962
15967 15966 15965
15966 15967 15968
15969 15968 15967
15968 15969 15970
15965 15971 15967
15971 15965 15972
15964 15972 15965
15964 15973 15972
15964 15974 15973
15963 15974 15964
15975 15970 15969
15970 15975 15976
15972 15973 15977
15967 15978 15969
15969 15978 15975
15967 15971 15978
15979 15971 15972
15971 15979 15978
15980 15972 15977
15980 15979 15972
15981 15976 15975
15976 15981 15982
15983 15982 15981
15982 15983 15984
15983 15985 15984
15985 15983 15986
15983 15987 15986
15986 15987 15988
15987 15989 15988
15989 15987 15990
15991 15990 15987
15981 15991 15983
15983 15991 15987
15981 15992 15991
15992 15993 15991
15990 15991 15993
15993 15992 15994
15995 15994 15992
15975 15995 15992
15975 15992 15981
15994 15995 15996
15978 15996 15995
15978 15995 15975
15996 15978 15997
15989 15998 15988
15979 15997 15978
15999 15998 16000
16001 16002 16003
16002 16001 16004
16003 16005 16001
16006 16007 16008
16007 16006 16009
16007 16010 16008
16011 16012 16013
15648 16011 16013
15648 16013 15647
15650 16011 15648
16014 16011 15650
16014 16015 16011
16011 16015 16012
16015 16016 16012
16017 16015 16014
16018 16017 16014
16019 16017 16018
16020 16019 16018
16020 16021 16019
15654 16014 15650
16018 16014 15654
15657 16018 15654
16020 16018 15657
16022 16020 15657
15658 16022 15657
15658 16023 16022
16023 15658 15659
16022 16024 16020
16024 16021 16020
16023 16025 16022
16025 16024 16022
16026 16021 16024
16021 16026 16027
16027 16028 16021
16021 16028 16019
16028 16027 16029
16029 16030 16028
16028 16030 16031
16030 16032 16031
16031 16032 16033
16034 16033 16032
16033 16034 16035
16035 16036 16033
16015 16033 16036
16034 16032 16037
16038 16037 16032
16039 16038 16032
16030 16039 16032
16030 16029 16040
16030 16040 16041
16039 16030 16041
16041 16042 16039
16043 16042 16041
16042 16043 16044
16045 16044 16043
16044 16045 16046
16047 16046 16045
16046 16047 16048
16049 16041 16040
16041 16049 16043
16049 16045 16043
16045 16049 16050
16050 16047 16045
16050 16051 16047
16040 16052 16049
16052 16050 16049
16052 16053 16050
16053 16051 16050
16053 16054 16051
16052 16040 16029
16055 16053 16052
16029 16055 16052
16053 16055 16056
16054 16053 16056
16054 16056 16057
16055 16029 16027
16027 16058 16055
16058 16027 16026
16058 16059 16055
16059 16057 16056
16059 16056 16055
16059 16060 16057
16059 16061 16060
16061 16059 16062
16058 16062 16059
16026 16063 16058
16062 16058 16063
16026 16064 16063
16024 16064 16026
16025 16064 16024
16065 16066 16067
16066 16065 16068
16069 16070 16071
16070 16069 16072
16071 16073 16069
16073 16071 16074
16074 16075 16073
16075 16074 16076
16076 16077 16075
16077 16076 16078
16078 16079 16077
16079 16078 16080
16080 16081 16079
16081 16080 16082
16082 16083 16081
16083 16082 16084
16084 16085 16083
16085 16084 16086
16086 16087 16085
16087 16086 16088
16089 16087 16088
16087 16089 16090
16091 16090 16089
16090 16091 16092
16093 16092 16091
16092 16093 16094
16095 16094 16093
16094 16095 16096
16097 16096 16095
16096 16097 16098
16099 16098 16097
16098 16099 16100
16101 16100 16099
16100 16101 16102
16103 16102 16101
16102 16103 16104
16103 16105 16104
16105 16103 16106
15453 15456 16107
16108 16109 16110
16109 16111 16110
16112 16108 16110
16112 16113 16108
16113 16112 16114
16114 16115 16113
16115 16114 16116
16112 16117 16114
16117 16112 16118
16116 16119 16115
16119 16116 16120
16121 16114 16117
16114 16121 16116
16118 16122 16117
16122 16118 16123
16124 16119 16120
16119 16124 16125
16123 16126 16122
16126 16123 16127
16128 16116 16121
16116 16128 16120
16128 16124 16120
16117 16129 16121
16129 16117 16122
16127 16130 16126
16130 16127 16131
16124 16128 16132
16133 16125 16124
16132 16133 16124
16125 16133 16134
16122 16135 16129
16135 16122 16126
16130 16135 16126
16136 16121 16129
16121 16136 16128
16136 16132 16128
16130 16131 16137
16131 16138 16137
16139 16137 16138
16137 16139 16140
16141 16134 16133
16134 16141 16142
16135 16130 16143
16133 16132 16144
16144 16141 16133
16130 16137 16145
16140 16145 16137
16145 16143 16130
16132 16136 16146
16146 16144 16132
16145 16140 16147
16141 16148 16142
16142 16148 16149
16149 16148 16150
16143 16145 16151
16139 16152 16140
16152 16147 16140
16152 16139 16153
16141 16144 16154
16147 16152 16155
16144 16146 16156
16156 16154 16144
16145 16157 16151
16157 16145 16147
16155 16157 16147
16151 16158 16143
16159 16143 16158
16143 16159 16135
16159 16129 16135
16129 16159 16136
16159 16146 16136
16146 16159 16160
16160 16156 16146
16158 16151 16161
16157 16155 16162
16152 16163 16155
16163 16152 16153
16156 16160 16164
16165 16163 16153
16163 16165 16166
16159 16167 16160
16167 16159 16158
16166 16168 16163
16168 16169 16163
16155 16169 16162
16169 16155 16163
16169 16168 16170
16158 16171 16167
16171 16158 16161
16166 16172 16168
16172 16170 16168
16173 16162 16169
16162 16173 16174
16172 16175 16170
16176 16175 16172
16173 16177 16174
16178 16174 16177
16174 16178 16179
16179 16162 16174
16162 16179 16157
16179 16151 16157
16161 16179 16178
16179 16161 16151
16161 16180 16171
16180 16161 16178
16177 16173 16181
16176 16182 16175
16182 16176 16183
16184 16182 16183
16182 16184 16185
16186 16185 16184
16187 16186 16184
16187 16188 16186
16188 16187 16189
16190 16188 16189
16188 16190 16191
16192 16191 16190
16191 16192 16193
16194 16193 16192
16193 16194 16195
16196 16195 16194
16196 16194 16197
16197 16198 16196
16198 16197 16199
16200 16198 16199
16198 16200 16201
16195 16196 16202
16196 16203 16202
16203 16196 16198
16201 16203 16198
16203 16201 16204
16205 16204 16201
16204 16205 16206
16207 16206 16205
16206 16207 16208
16195 16209 16193
16210 16193 16209
16193 16210 16191
16211 16191 16210
16191 16211 16188
16212 16188 16211
16188 16212 16186
16185 16186 16212
16204 16213 16203
16206 16213 16204
16203 16213 16202
16213 16206 16214
16208 16214 16206
16213 16215 16202
16215 16216 16202
16216 16195 16202
16209 16195 16217
16195 16216 16217
16212 16218 16185
16219 16185 16218
16185 16219 16182
16220 16182 16219
16182 16220 16175
16220 16170 16175
16170 16220 16221
16221 16169 16170
16169 16221 16173
16222 16173 16221
16220 16222 16221
16173 16222 16181
16222 16220 16223
16219 16223 16220
16215 16224 16216
16217 16216 16224
16223 16219 16225
16218 16225 16219
16222 16226 16181
16226 16177 16181
16177 16226 16227
16227 16178 16177
16178 16227 16180
16228 16180 16227
16226 16228 16227
16180 16228 16229
16180 16229 16171
16229 16230 16171
16230 16167 16171
16167 16230 16231
16231 16160 16167
16160 16231 16164
16231 16232 16164
16233 16164 16232
16164 16233 16156
16154 16156 16233
16232 16231 16234
16230 16229 16235
16231 16230 16236
16231 16236 16234
16237 16230 16235
16230 16237 16236
16238 16229 16228
16229 16238 16235
16234 16236 16239
16240 16238 16228
16228 16226 16240
16241 16240 16226
16226 16222 16241
16222 16242 16241
16242 16222 16223
16223 16243 16242
16243 16223 16225
16240 16241 16244
16242 16244 16241
16225 16245 16243
16245 16225 16246
16225 16218 16246
16247 16246 16218
16218 16212 16247
16211 16247 16212
16247 16211 16248
16210 16248 16211
16248 16210 16249
16209 16249 16210
16249 16209 16250
16217 16250 16209
16250 16217 16251
16224 16251 16217
16251 16224 16252
16253 16252 16224
16254 16253 16224
16224 16215 16254
16213 16254 16215
16254 16213 16214
16255 16254 16214
16214 16208 16255
16254 16255 16256
16253 16254 16256
16252 16253 16257
16250 16258 16249
16259 16249 16258
16249 16259 16248
16260 16248 16259
16248 16260 16247
16246 16247 16260
16261 16246 16260
16246 16261 16245
16260 16262 16261
16262 16260 16259
16259 16263 16262
16263 16259 16258
16258 16264 16263
16264 16258 16265
16258 16250 16265
16251 16265 16250
16265 16251 16266
16252 16266 16251
16266 16252 16267
16252 16268 16267
16268 16252 16257
16268 16269 16267
16269 16266 16267
16269 16268 16270
16265 16271 16264
16271 16265 16266
16266 16269 16271
16272 16269 16270
16269 16272 16273
16273 16271 16269
16274 16263 16264
16263 16274 16275
16264 16276 16274
16271 16273 16276
16276 16264 16271
16272 16277 16273
16277 16272 16278
16279 16277 16278
16277 16279 16280
16276 16273 16281
16273 16282 16281
16282 16273 16277
16283 16274 16276
16281 16283 16276
16274 16283 16284
16284 16275 16274
16275 16284 16285
16285 16286 16275
16262 16275 16286
16275 16262 16263
16286 16261 16262
16261 16286 16287
16287 16245 16261
16245 16287 16288
16288 16243 16245
16243 16288 16289
16289 16242 16243
16242 16289 16290
16244 16242 16290
16291 16244 16290
16291 16292 16244
16292 16240 16244
16240 16292 16293
16238 16240 16293
16293 16294 16238
16294 16235 16238
16235 16294 16237
16294 16295 16237
16295 16236 16237
16236 16295 16239
16295 16294 16296
16294 16293 16296
16289 16297 16290
16297 16291 16290
16298 16293 16292
16298 16292 16291
16293 16299 16296
16299 16293 16298
16297 16289 16300
16289 16301 16300
16301 16289 16288
16288 16302 16301
16302 16288 16287
16287 16303 16302
16303 16287 16286
16286 16285 16303
16303 16304 16302
16304 16301 16302
16304 16303 16305
16303 16306 16305
16306 16303 16285
16285 16307 16306
16307 16285 16284
16284 16308 16307
16308 16284 16283
16283 16309 16308
16309 16283 16310
16283 16281 16310
16282 16310 16281
16311 16310 16282
16277 16311 16282
16311 16277 16280
16312 16311 16280
16280 16313 16312
16313 16280 16279
16311 16312 16314
16315 16310 16311
16314 16315 16311
16315 16309 16310
16316 16312 16313
16312 16316 16317
16317 16314 16312
16309 16315 16318
16314 16317 16319
16315 16319 16318
16319 16315 16314
16316 16320 16317
16320 16319 16317
16320 16316 16321
16319 16320 16322
16322 16318 16319
16323 16322 16320
16321 16323 16320
16322 16323 16324
16324 16325 16322
16318 16322 16325
16326 16318 16325
16318 16326 16309
16309 16326 16308
16323 16321 16327
16323 16327 16328
16329 16330 16331
16330 16329 16332
16330 16332 16333
16330 16333 16334
16330 16335 16331
16335 16330 16336
16334 16337 16330
16337 16336 16330
16337 16334 16338
16339 16337 16338
16338 16340 16339
16335 16336 16341
16340 16342 16339
16342 16340 16343
16337 16344 16336
16336 16345 16341
16345 16346 16341
16347 16337 16339
16337 16347 16344
16342 16347 16339
16347 16342 16348
16336 16349 16345
16349 16336 16344
16347 16349 16344
16350 16348 16342
16350 16342 16351
16351 16342 16343
16352 16351 16343
16349 16347 16353
16348 16353 16347
16354 16348 16350
16353 16348 16355
16354 16356 16348
16356 16355 16348
16355 16356 16357
16358 16359 16360
16359 16358 16361
16362 16361 16358
16361 16362 16363
16360 16364 16358
16364 16360 16365
16363 16366 16361
16366 16363 16367
16368 16361 16366
16361 16368 16359
16358 16369 16362
16369 16358 16364
16370 16360 16359
16360 16370 16371
16371 16365 16360
16365 16371 16372
16365 16373 16364
16373 16365 16374
16372 16374 16365
16359 16375 16370
16375 16359 16368
16362 16376 16363
16376 16362 16377
16378 16368 16366
16368 16378 16379
16379 16375 16368
16374 16372 16380
16366 16381 16378
16381 16366 16367
16375 16379 16382
16373 16374 16383
16380 16383 16374
16381 16367 16384
16363 16384 16367
16376 16384 16363
16383 16380 16385
16377 16386 16376
16376 16387 16384
16380 16388 16385
16388 16380 16389
16390 16389 16380
16389 16390 16391
16392 16391 16390
16391 16392 16393
16392 16394 16393
16394 16392 16395
16395 16396 16394
16396 16395 16397
16398 16383 16385
16388 16398 16385
16399 16383 16398
16383 16399 16400
16401 16383 16400
16383 16401 16402
16373 16383 16402
16402 16364 16373
16364 16402 16369
16369 16402 16403
16403 16362 16369
16362 16403 16377
16401 16400 16404
16404 16400 16399
16405 16401 16404
16399 16405 16404
16406 16403 16402
16406 16402 16401
16406 16401 16405
16403 16406 16407
16403 16408 16377
16408 16403 16407
16386 16377 16408
16409 16405 16399
16406 16405 16410
16410 16405 16409
16409 16399 16398
16411 16386 16408
16376 16386 16411
16412 16376 16411
16376 16412 16387
16412 16413 16387
16413 16412 16414
16406 16410 16415
16415 16410 16409
16398 16416 16409
16416 16398 16417
16398 16388 16417
16418 16417 16388
16418 16388 16389
16391 16418 16389
16418 16391 16419
16393 16419 16391
16419 16393 16420
16394 16420 16393
16420 16394 16421
16417 16418 16422
16419 16422 16418
16394 16423 16421
16423 16394 16396
16422 16419 16424
16420 16424 16419
16396 16425 16423
16425 16396 16426
16397 16426 16396
16426 16397 16427
16427 16428 16426
16428 16429 16426
16426 16429 16425
16424 16420 16430
16421 16430 16420
16431 16422 16424
16422 16431 16432
16430 16421 16433
16434 16422 16432
16422 16434 16435
16435 16417 16422
16417 16435 16416
16435 16436 16416
16416 16436 16409
16415 16409 16436
16415 16436 16437
16437 16406 16415
16406 16437 16407
16438 16407 16437
16407 16438 16408
16438 16411 16408
16411 16438 16439
16435 16440 16436
16436 16441 16437
16435 16442 16440
16436 16440 16443
16436 16443 16441
16444 16437 16441
16437 16444 16438
16438 16445 16439
16445 16438 16444
16442 16446 16440
16446 16442 16447
16431 16446 16447
16446 16431 16424
16431 16447 16448
16448 16447 16442
16432 16431 16448
16448 16434 16432
16442 16434 16448
16442 16435 16434
16430 16446 16424
16446 16430 16449
16433 16449 16430
16449 16433 16450
16451 16446 16449
16446 16451 16440
16452 16440 16451
16440 16452 16443
16443 16452 16453
16443 16453 16441
16441 16453 16444
16453 16454 16444
16454 16445 16444
16454 16453 16455
16452 16455 16453
16449 16450 16456
16456 16451 16449
16451 16456 16457
16445 16454 16458
16458 16454 16455
16445 16458 16459
16445 16459 16460
16461 16445 16460
16445 16461 16439
16460 16462 16461
16461 16462 16412
16461 16412 16411
16439 16461 16411
16462 16460 16463
16463 16464 16462
16464 16414 16462
16462 16414 16412
16464 16463 16465
16463 16466 16465
16466 16467 16465
16467 16466 16468
16469 16466 16463
16459 16469 16460
16460 16469 16463
16469 16468 16466
16470 16467 16468
16469 16459 16471
16469 16472 16468
16468 16472 16470
16469 16471 16455
16469 16455 16472
16455 16471 16458
16471 16459 16458
16472 16455 16473
16455 16452 16473
16451 16473 16452
16473 16451 16457
16457 16472 16473
16472 16457 16474
16472 16474 16470
16474 16475 16470
16476 16475 16474
16475 16476 16477
16478 16477 16476
16450 16477 16478
16479 16450 16478
16479 16456 16450
16480 16457 16456
16480 16479 16478
16480 16474 16457
16474 16480 16476
16476 16480 16478
16480 16456 16479
16481 16482 16483
16482 16481 16484
16485 16481 16483
16481 16485 16486
16487 16486 16485
16486 16487 16488
16489 16488 16487
16488 16489 16490
16491 16490 16489
16490 16491 16492
16493 16492 16491
16492 16493 16494
16493 16495 16494
16495 16493 16496
16497 16495 16496
16495 16497 16498
16499 16498 16497
16498 16499 16500
16501 16500 16499
16500 16501 16502
14374 16503 16504
16503 14374 16505
16506 16504 16503
16504 16506 16507
16505 14374 16508
14374 14366 16508
14366 16509 16508
16509 14366 14362
14362 16510 16509
16510 14362 14358
14358 14355 16510
16511 16512 16513
16512 16511 16514
16515 16512 16514
16512 16515 16516
16514 16517 16515
16518 16514 16511
16514 16518 16519
16514 16519 16517
16513 16520 16511
16520 16513 16521
16511 16522 16518
16522 16511 16520
16517 16523 16515
16523 16516 16515
16523 16517 16524
16516 16523 16525
16526 16517 16519
16526 16524 16517
16513 16512 16527
16516 16527 16512
16527 16521 16513
16525 16527 16516
16521 16528 16520
16528 16521 16529
16518 16530 16519
16530 16526 16519
16530 16518 16531
16522 16531 16518
16521 16527 16532
16532 16529 16521
16531 16522 16533
16526 16530 16534
16524 16526 16535
16534 16535 16526
16536 16520 16528
16520 16536 16522
16536 16533 16522
16529 16532 16537
16533 16536 16538
16529 16539 16528
16539 16529 16540
16529 16537 16540
16535 16534 16541
16542 16528 16539
16528 16542 16536
16543 16536 16542
16536 16543 16538
16540 16544 16539
16544 16540 16545
16541 16546 16535
16547 16535 16546
16535 16547 16524
16547 16523 16524
16523 16547 16548
16523 16548 16549
16550 16549 16548
16549 16550 16551
16552 16549 16551
16552 16525 16549
16523 16549 16525
16525 16552 16527
16553 16527 16552
16527 16553 16532
16548 16554 16550
16554 16548 16547
16555 16532 16553
16532 16555 16537
16556 16552 16551
16552 16556 16553
16547 16557 16554
16550 16558 16551
16558 16550 16559
16554 16559 16550
16559 16554 16560
16555 16561 16537
16561 16540 16537
16540 16561 16545
16561 16555 16562
16559 16563 16558
16563 16559 16564
16553 16565 16555
16565 16553 16556
16554 16566 16560
16566 16554 16557
16559 16567 16564
16567 16559 16560
16566 16567 16560
16568 16558 16563
16558 16568 16569
16551 16558 16569
16551 16569 16556
16569 16565 16556
16565 16569 16570
16564 16571 16563
16571 16564 16572
16567 16572 16564
16567 16566 16573
16572 16567 16574
16573 16574 16567
16575 16571 16572
16571 16575 16576
16569 16577 16570
16577 16569 16568
16574 16573 16578
16576 16579 16571
16579 16577 16568
16563 16579 16568
16579 16563 16571
16579 16576 16580
16572 16581 16575
16581 16572 16574
16577 16579 16582
16573 16583 16578
16583 16573 16584
16585 16576 16575
16581 16585 16575
16576 16585 16586
16586 16580 16576
16574 16587 16581
16587 16574 16578
16585 16581 16588
16580 16586 16589
16590 16577 16582
16577 16590 16570
16579 16591 16582
16591 16579 16580
16589 16591 16580
16591 16590 16582
16581 16592 16588
16592 16581 16587
16593 16586 16585
16586 16593 16594
16594 16589 16586
16590 16595 16570
16595 16565 16570
16565 16595 16596
16596 16555 16565
16555 16596 16562
16596 16597 16562
16597 16598 16562
16561 16562 16598
16561 16598 16599
16561 16599 16545
16600 16545 16599
16600 16601 16545
16545 16601 16544
16602 16544 16601
16602 16539 16544
16539 16602 16542
16602 16543 16542
16543 16602 16603
16602 16601 16604
16605 16602 16604
16602 16605 16603
16604 16601 16606
16607 16604 16606
16604 16607 16605
16601 16608 16606
16608 16601 16600
16607 16606 16609
16608 16610 16606
16609 16606 16610
16610 16608 16611
16608 16600 16612
16612 16611 16608
16611 16612 16613
16611 16614 16610
16610 16614 16609
16614 16611 16615
16613 16615 16611
16615 16613 16616
16617 16613 16612
16617 16612 16618
16612 16619 16618
16619 16612 16600
16600 16620 16619
16620 16600 16599
16599 16621 16620
16599 16622 16621
16622 16599 16598
16619 16620 16623
16623 16618 16619
16623 16620 16621
16623 16617 16618
16613 16617 16624
16624 16616 16613
16615 16625 16614
16625 16615 16626
16616 16626 16615
16626 16616 16627
16598 16628 16622
16628 16598 16597
16626 16629 16625
16629 16626 16630
16631 16626 16627
16626 16631 16630
16632 16623 16621
16597 16633 16628
16633 16597 16634
16596 16634 16597
16634 16596 16595
16595 16635 16634
16635 16595 16636
16595 16590 16636
16590 16637 16636
16637 16635 16636
16637 16590 16638
16590 16591 16638
16591 16589 16638
16589 16639 16638
16639 16637 16638
16639 16589 16640
16594 16640 16589
16641 16640 16594
16641 16594 16642
16593 16642 16594
16642 16593 16643
16644 16643 16593
16585 16644 16593
16644 16585 16588
16592 16644 16588
16644 16592 16645
16643 16644 16646
16645 16646 16644
16646 16647 16643
16647 16642 16643
16647 16646 16648
16647 16649 16642
16641 16642 16649
16646 16645 16650
16651 16645 16592
16651 16592 16652
16592 16587 16652
16653 16646 16650
16646 16653 16648
16654 16647 16648
16647 16654 16655
16656 16647 16655
16647 16656 16649
16645 16657 16650
16651 16657 16645
16648 16658 16654
16658 16648 16653
16659 16650 16657
16650 16659 16653
16649 16656 16660
16649 16660 16641
16660 16661 16641
16640 16641 16661
16661 16639 16640
16639 16661 16662
16661 16660 16663
16663 16662 16661
16653 16664 16658
16664 16653 16659
16655 16665 16656
16656 16665 16660
16665 16655 16666
16666 16655 16654
16658 16667 16654
16666 16654 16667
16658 16668 16667
16668 16658 16664
16669 16660 16665
16662 16663 16670
16665 16671 16669
16671 16665 16666
16662 16672 16639
16637 16639 16672
16672 16662 16673
16672 16674 16637
16635 16637 16674
16674 16672 16675
16672 16673 16675
16674 16676 16635
16676 16634 16635
16634 16676 16633
16676 16674 16677
16675 16677 16674
16668 16678 16667
16666 16678 16671
16678 16666 16667
16679 16633 16676
16677 16679 16676
16633 16679 16680
16680 16628 16633
16628 16680 16681
16681 16622 16628
16622 16681 16682
16682 16621 16622
16621 16682 16683
16632 16621 16683
16632 16683 16684
16683 16685 16684
16685 16683 16682
16632 16684 16686
16687 16632 16686
16687 16623 16632
16623 16687 16617
16687 16624 16617
16624 16687 16688
16688 16689 16624
16616 16624 16689
16689 16627 16616
16627 16689 16690
16689 16688 16691
16692 16689 16691
16689 16692 16690
16693 16688 16687
16693 16687 16686
16688 16693 16694
16695 16690 16692
16690 16695 16696
16627 16690 16696
16627 16696 16631
16631 16696 16697
16695 16697 16696
16697 16698 16631
16698 16630 16631
16630 16698 16699
16699 16700 16630
16700 16699 16701
16702 16700 16701
16700 16702 16703
16704 16700 16703
16705 16704 16703
16706 16704 16705
16706 16705 16707
16708 16705 16703
16708 16703 16702
16705 16708 16709
16709 16707 16705
16710 16701 16699
16710 16702 16701
16698 16710 16699
16711 16706 16707
16712 16706 16711
16713 16708 16702
16710 16713 16702
16707 16709 16714
16714 16711 16707
16715 16712 16711
16711 16714 16716
16717 16708 16713
16710 16717 16713
16708 16717 16718
16719 16708 16718
16708 16719 16709
16711 16720 16715
16711 16716 16720
16710 16721 16717
16721 16718 16717
16710 16698 16721
16698 16722 16721
16698 16697 16722
16697 16721 16722
16720 16723 16715
16723 16724 16715
16723 16725 16724
16725 16723 16726
16727 16725 16726
16721 16697 16728
16721 16728 16718
16729 16726 16723
16720 16729 16723
16726 16729 16730
16727 16731 16725
16731 16727 16732
16727 16726 16733
16733 16726 16730
16727 16734 16732
16734 16727 16735
16733 16735 16727
16735 16733 16736
16737 16728 16697
16697 16695 16737
16738 16737 16695
16692 16738 16695
16738 16692 16739
16691 16739 16692
16739 16691 16740
16688 16740 16691
16740 16688 16694
16740 16694 16741
16741 16694 16742
16694 16743 16742
16743 16694 16693
16686 16743 16693
16743 16686 16744
16742 16743 16744
16684 16744 16686
16745 16741 16742
16741 16745 16746
16747 16746 16745
16746 16747 16748
16749 16746 16748
16746 16749 16750
16745 16751 16747
16751 16745 16752
16742 16752 16745
16753 16746 16750
16746 16753 16741
16753 16740 16741
16739 16740 16753
16684 16754 16744
16685 16754 16684
16754 16685 16755
16753 16738 16739
16738 16753 16756
16749 16757 16750
16757 16749 16758
16749 16759 16758
16760 16751 16752
16751 16760 16761
16762 16758 16759
16758 16762 16763
16763 16757 16758
16759 16764 16762
16685 16765 16755
16765 16685 16766
16682 16766 16685
16766 16682 16681
16681 16767 16766
16767 16681 16680
16680 16768 16767
16768 16680 16679
16764 16769 16762
16770 16769 16764
16761 16760 16771
16766 16772 16765
16772 16766 16767
16773 16768 16679
16679 16677 16773
16774 16773 16677
16677 16675 16774
16773 16774 16775
16776 16774 16675
16675 16673 16776
16777 16776 16673
16662 16777 16673
16777 16662 16670
16778 16777 16670
16779 16778 16670
16663 16779 16670
16779 16663 16780
16660 16780 16663
16780 16660 16669
16669 16781 16780
16781 16669 16671
16671 16782 16781
16782 16671 16678
16783 16782 16678
16678 16668 16783
16782 16783 16784
16780 16785 16779
16785 16780 16781
16781 16786 16785
16786 16781 16782
16784 16786 16782
16786 16784 16787
16779 16788 16778
16788 16779 16785
16785 16789 16788
16789 16785 16786
16786 16790 16789
16790 16786 16787
16791 16778 16788
16778 16791 16792
16777 16778 16792
16777 16792 16793
16777 16793 16776
16788 16794 16791
16794 16788 16789
16790 16794 16789
16794 16790 16795
16793 16796 16776
16774 16776 16796
16796 16775 16774
16775 16796 16797
16796 16793 16798
16798 16797 16796
16792 16791 16799
16794 16799 16791
16797 16800 16775
16801 16775 16800
16775 16801 16773
16768 16773 16801
16801 16802 16768
16802 16767 16768
16767 16802 16772
16802 16801 16803
16800 16803 16801
16804 16772 16802
16803 16804 16802
16772 16804 16805
16772 16805 16765
16805 16806 16765
16806 16755 16765
16755 16806 16807
16755 16807 16754
16754 16807 16744
16807 16742 16744
16752 16742 16807
16760 16807 16806
16807 16760 16752
16805 16760 16806
16760 16805 16771
16808 16805 16804
16805 16808 16771
16809 16771 16808
16771 16809 16761
16810 16809 16808
16809 16810 16811
16810 16812 16811
16808 16813 16810
16813 16812 16810
16813 16808 16804
16804 16803 16813
16812 16813 16814
16803 16815 16813
16813 16815 16814
16803 16800 16815
16812 16816 16811
16816 16812 16817
16818 16815 16800
16800 16797 16818
16815 16818 16819
16814 16815 16819
16820 16818 16797
16797 16798 16820
16818 16820 16821
16812 16822 16817
16822 16812 16814
16819 16822 16814
16823 16820 16798
16823 16821 16820
16824 16816 16817
16816 16824 16825
16823 16798 16826
16826 16798 16827
16793 16827 16798
16828 16827 16793
16828 16793 16792
16828 16792 16799
16827 16828 16829
16829 16826 16827
16830 16828 16799
16831 16829 16828
16830 16831 16828
16829 16831 16832
16826 16829 16832
16799 16833 16830
16834 16833 16799
16794 16834 16799
16794 16835 16834
16835 16794 16795
16834 16836 16833
16836 16834 16835
16826 16832 16837
16837 16832 16831
16836 16838 16833
16839 16830 16833
16838 16839 16833
16830 16839 16840
16840 16831 16830
16831 16840 16841
16841 16837 16831
16837 16841 16842
16842 16843 16837
16843 16826 16837
16826 16843 16823
16843 16844 16823
16823 16844 16821
16821 16844 16845
16821 16845 16846
16846 16818 16821
16818 16846 16819
16819 16846 16822
16846 16845 16822
16822 16845 16847
16847 16817 16822
16817 16847 16824
16844 16848 16845
16847 16845 16848
16848 16844 16849
16849 16844 16843
16843 16842 16850
16850 16849 16843
16851 16824 16847
16824 16851 16852
16852 16825 16824
16825 16852 16853
16852 16854 16853
16854 16852 16855
16849 16850 16856
16856 16847 16848
16848 16849 16856
16851 16847 16856
16857 16854 16855
16854 16857 16858
16854 16858 16859
16858 16860 16859
16860 16858 16861
16861 16858 16857
16859 16860 16862
16862 16860 16863
16864 16862 16863
16864 16863 16865
16852 16866 16855
16866 16852 16851
16867 16851 16856
16866 16851 16867
16850 16867 16856
16867 16850 16868
16850 16869 16868
16869 16850 16842
16842 16870 16869
16870 16842 16841
16841 16871 16870
16871 16841 16840
16840 16872 16871
16872 16840 16839
16839 16873 16872
16873 16839 16838
16874 16872 16873
16872 16874 16875
16875 16871 16872
16871 16875 16876
16876 16870 16871
16870 16876 16877
16877 16869 16870
16878 16875 16874
16875 16878 16879
16869 16877 16880
16878 16881 16879
16881 16878 16882
16881 16882 16883
16884 16875 16879
16875 16884 16876
16885 16881 16883
16883 16886 16885
16886 16883 16887
16888 16886 16887
16888 16887 16889
16889 16890 16888
16890 16889 16891
16891 16892 16890
16893 16890 16892
16894 16893 16892
16893 16894 16895
16896 16895 16894
16895 16896 16897
16898 16897 16896
16897 16898 16899
16900 16899 16898
16890 16893 16901
16886 16888 16902
16902 16890 16901
16890 16902 16888
16900 16903 16899
16903 16900 16904
16900 16905 16904
16905 16900 16906
16906 16907 16905
16907 16906 16908
16908 16909 16907
16909 16908 16910
16910 16911 16909
16912 16911 16910
16912 16910 16913
16912 16913 16914
16914 16913 16915
16916 16915 16913
16915 16916 16917
16917 16916 16918
16917 16918 16919
16919 16918 16920
16914 16921 16912
16921 16911 16912
16921 16914 16922
16911 16921 16922
16923 16922 16914
16923 16914 16915
16917 16923 16915
16917 16924 16923
16924 16917 16925
16925 16917 16919
16926 16925 16919
16925 16926 16927
16927 16924 16925
16928 16927 16926
16928 16926 16919
16928 16919 16920
16920 16929 16928
16930 16929 16920
16930 16931 16929
16931 16928 16929
16930 16932 16931
16930 16920 16933
16932 16934 16931
16934 16932 16935
16931 16936 16928
16934 16936 16931
16927 16928 16936
16936 16934 16937
16938 16934 16935
16934 16938 16939
16939 16937 16934
16937 16939 16940
16938 16941 16939
16939 16941 16942
16941 16943 16942
16944 16943 16941
16945 16936 16937
16936 16945 16927
16944 16946 16943
16947 16946 16944
16946 16947 16948
16939 16949 16940
16949 16939 16942
16942 16950 16949
16950 16942 16943
16946 16950 16943
16947 16951 16948
16951 16947 16952
16952 16953 16951
16954 16953 16952
16953 16954 16955
16956 16955 16954
16955 16956 16957
16950 16946 16958
16948 16958 16946
16924 16927 16945
16959 16957 16956
16957 16959 16960
16953 16961 16951
16961 16948 16951
16961 16953 16962
16955 16962 16953
16962 16955 16963
16957 16963 16955
16963 16957 16964
16960 16964 16957
16959 16965 16960
16965 16959 16966
16967 16965 16966
16965 16967 16968
16865 16968 16967
16964 16960 16969
16960 16970 16969
16970 16960 16965
16968 16970 16965
16970 16968 16971
16972 16971 16968
16971 16972 16973
16974 16961 16962
16962 16975 16974
16975 16962 16963
16963 16976 16975
16976 16963 16964
16964 16969 16976
16969 16970 16977
16976 16969 16977
16978 16971 16973
16971 16978 16970
16977 16970 16979
16970 16978 16979
16980 16977 16979
16976 16977 16981
16981 16977 16980
16982 16974 16975
16974 16982 16983
16983 16984 16974
16985 16979 16978
16975 16986 16982
16986 16975 16976
16986 16976 16981
16987 16981 16980
16987 16986 16981
16988 16987 16980
16985 16988 16979
16988 16980 16979
16985 16978 16989
16990 16989 16978
16990 16978 16991
16990 16991 16992
16991 16993 16992
16994 16993 16991
16861 16993 16994
16861 16994 16860
16993 16861 16995
16995 16992 16993
16995 16861 16996
16861 16857 16996
16997 16996 16857
16997 16857 16855
16866 16997 16855
16866 16998 16997
16996 16999 16995
16992 16995 16999
17000 16997 16998
16997 17000 16996
17001 16999 16996
17000 17001 16996
16866 17002 16998
17000 16998 17002
17002 16866 17003
17003 16866 16867
16868 17003 16867
17003 16868 17004
17004 17002 17003
16869 17004 16868
17004 16869 16880
17002 17004 17005
16880 17005 17004
17006 16999 17001
16999 17006 16992
17007 16992 17006
16992 17007 16990
17007 16989 16990
16989 17007 17008
17008 17009 16989
17005 16880 17010
16877 17010 16880
17011 17005 17010
17012 17011 17010
16877 17012 17010
16876 17012 16877
17012 16876 16884
16884 17013 17012
17013 17011 17012
17013 16884 17014
17015 17014 16884
16879 17015 16884
17015 16879 16881
16881 16885 17015
16885 17016 17015
17014 17015 17017
17018 17016 16885
16886 17018 16885
16886 17019 17018
17020 17019 16886
16902 17020 16886
16901 17020 16902
17020 16901 17021
17021 16901 17022
17022 16901 16893
16895 17022 16893
17022 16895 17023
16897 17023 16895
16897 17024 17023
16899 17024 16897
17024 16899 16903
17024 16903 17025
17023 17026 17022
17021 17022 17026
17026 17023 17027
17024 17027 17023
17025 17028 17024
17028 17027 17024
17020 17021 17029
17028 17025 17030
17027 17028 17030
17030 17025 17031
17032 17031 17025
16904 17032 17025
16904 17025 16903
16904 17033 17032
17033 16904 16905
16907 17033 16905
17033 16907 17034
16909 17034 16907
16909 17035 17034
17035 16909 16911
17035 16911 16922
16923 17035 16922
17035 16923 17036
16923 16924 17036
16945 17036 16924
17036 16945 17037
16937 17037 16945
17037 16937 16940
16940 17038 17037
17038 16940 16949
16949 17039 17038
17039 16949 16950
17040 17039 16950
17037 17041 17036
17041 17037 17038
17035 17036 17041
17038 17042 17041
17042 17038 17039
17039 17043 17042
17043 17039 17040
17044 17041 17042
17041 17044 17045
17035 17041 17045
17034 17035 17045
17044 17034 17045
17034 17044 17033
17042 17046 17044
17046 17042 17043
17032 17044 17046
17044 17032 17033
17043 17047 17046
17047 17032 17046
17047 17043 17048
17032 17047 17031
17048 17049 17047
17049 17031 17047
17049 17048 17050
16984 17050 17048
16984 17048 17051
17048 17043 17051
16984 17051 17052
16984 17052 17053
17052 16948 17053
16958 16948 17052
16948 16961 17053
17053 16961 16974
16984 17053 16974
17040 16958 17052
17051 17040 17052
17050 16984 16983
16983 17054 17050
17054 17049 17050
17054 16983 16982
16982 17055 17054
17055 16982 16986
17056 17055 16986
17056 16986 16987
17057 17056 16987
17057 16987 16988
17009 17057 16988
16988 16985 17009
17009 17058 17057
17056 17057 17058
17058 17009 17059
17060 17059 17009
17060 17009 17008
17007 17060 17008
17060 17007 17061
17006 17061 17007
17061 17006 17062
17001 17062 17006
17001 17063 17062
17064 17063 17001
17064 17001 17000
17000 17065 17064
17000 17002 17065
17002 17066 17065
17065 17066 17064
17066 17002 17005
17005 17011 17066
17064 17067 17063
17066 17067 17064
17062 17063 17067
17066 17011 17067
17011 17068 17067
17068 17011 17069
17011 17013 17069
17013 17068 17069
17070 17068 17013
17013 17014 17070
17070 17014 17017
17070 17017 17071
17015 17071 17017
17071 17015 17016
17072 17071 17016
17018 17072 17016
17072 17018 17073
17019 17073 17018
17073 17019 17074
17020 17074 17019
17074 17020 17029
17075 17071 17072
17070 17071 17075
17076 17072 17073
17072 17076 17077
17078 17072 17077
17072 17078 17075
17079 17074 17029
17029 17080 17079
17080 17029 17021
17026 17080 17021
17080 17026 17081
17074 17079 17082
17073 17082 17076
17082 17073 17074
17027 17081 17026
17081 17027 17083
17030 17083 17027
17030 17084 17083
17084 17030 17049
17031 17049 17030
17049 17054 17084
17055 17084 17054
17084 17055 17085
17085 17083 17084
17085 17081 17083
17085 17055 17056
17056 17086 17085
17080 17081 17086
17086 17081 17085
17086 17056 17058
17086 17058 17087
17087 17058 17059
17060 17087 17059
17060 17088 17087
17089 17088 17060
17061 17089 17060
17062 17089 17061
17062 17090 17089
17062 17067 17090
17090 17067 17077
17068 17077 17067
17068 17078 17077
17070 17078 17068
17070 17075 17078
17087 17080 17086
17088 17080 17087
17088 17079 17080
17090 17076 17089
17076 17090 17077
17088 17082 17079
17076 17082 17089
17082 17088 17089
17091 17092 17093
17092 17091 17094
17095 17091 17093
17095 17096 17091
17097 17096 17095
17097 17098 17096
17098 17097 17099
17092 17100 17093
17101 17098 17099
17101 17102 17098
17101 17103 17102
17104 17102 17103
17102 17104 17105
17105 17104 17106
17105 17106 17107
17107 17106 17108
17108 17109 17107
17109 17108 17110
17111 17109 17110
17109 17111 17112
17111 17113 17112
17113 17111 17114
17113 17114 17115
17116 17117 17118
17117 17116 17119
17120 17121 17122
17121 17120 17123
17124 17120 17122
17125 17124 17122
17121 17126 17122
17122 17126 17125
17126 17121 17127
17126 17128 17125
17125 17128 17129
17125 17129 17130
17131 17132 17133
17132 17131 17134
17135 17133 17132
17133 17135 17136
17137 17136 17135
17133 17138 17131
17138 17133 17139
17133 17136 17139
17139 17140 17138
17140 17139 17141
17141 17142 17140
17142 17141 17143
17144 17142 17143
17142 17144 17145
17146 17145 17144
17145 17146 17147
17148 17147 17146
17147 17148 17149
17150 17149 17148
17149 17150 17151
17148 17146 17152
17153 17148 17152
17148 17153 17150
17154 17153 17152
17155 17156 17157
17156 17158 17157
17158 17156 17159
17159 17160 17158
17158 17160 17161
17161 17160 17162
17162 17163 17161
17163 17162 17164
17157 17158 17165
17157 17165 17166
17158 17167 17165
17158 17161 17167
17161 17168 17167
17161 17163 17168
17166 17165 17169
17166 17169 17170
17165 17171 17169
17165 17167 17171
17167 17172 17171
17167 17168 17172
17170 17169 17173
17170 17173 17174
17173 17175 17174
17169 17176 17173
17169 17171 17176
17173 17177 17175
17177 17178 17175
17179 17177 17173
17176 17179 17173
17180 17178 17177
17171 17181 17176
17171 17172 17181
17182 17180 17177
17181 17183 17176
17183 17179 17176
17179 17184 17177
17184 17182 17177
17184 17179 17185
17183 17185 17179
17185 17183 17186
17185 17187 17184
17184 17187 17182
17187 17188 17182
17186 17189 17185
17185 17189 17187
17189 17186 17190
17187 17191 17188
17191 17187 17192
17193 17192 17187
17190 17193 17189
17189 17193 17187
17193 17190 17194
17192 17195 17191
17195 17192 17196
17193 17196 17192
17193 17197 17196
17194 17197 17193
17197 17194 17198
17196 17199 17195
17199 17196 17200
17197 17200 17196
17197 17201 17200
17198 17201 17197
17201 17198 17202
17200 17203 17199
17203 17200 17204
17201 17204 17200
17205 17201 17202
17201 17205 17206
17201 17206 17204
17204 17207 17203
17207 17204 17208
17206 17208 17204
17207 17208 17209
17210 17211 17209
17212 17213 17214
17213 17212 17215
17212 17216 17215
17214 17217 17212
17217 17214 17218
17219 17216 17212
17216 17219 17220
17218 17221 17217
17221 17218 17222
17220 17219 17223
17224 17219 17212
17224 17212 17217
17219 17225 17223
14506 17221 17222
17221 14506 14504
17226 17224 17217
17226 17217 17221
17227 17225 17219
17225 17227 17228
17229 17226 17221
17229 17221 14504
17228 17227 17230
17231 17227 17219
17231 17219 17224
17229 14504 14502
17232 17230 17227
17231 17232 17227
17233 17231 17224
17233 17224 17226
17232 17231 17234
17229 14502 15157
17235 17233 17226
17235 17226 17229
15157 14502 17236
17237 17236 14502
14501 17237 14502
17237 14501 17238
17236 17237 17239
17240 17236 17239
17241 17231 17233
17231 17241 17234
15157 17242 17229
17242 17235 17229
17243 17233 17235
17233 17243 17241
14501 17244 17238
14501 14499 17244
17240 15158 17236
17236 15158 15157
17235 17245 17243
17245 17235 17242
17246 17245 17242
17245 17246 17247
15151 17247 17246
17247 15151 15150
15151 17246 15157
15157 17246 17242
17248 17249 17250
17249 17248 17251
17252 17250 17249
17252 17249 17253
17250 17252 17254
17253 17255 17252
17255 17254 17252
17255 17253 17256
17254 17255 17257
17258 17257 17255
17259 17258 17255
17256 17259 17255
17257 17258 17260
17258 17261 17260
17261 17258 17262
17262 17258 17259
17263 17262 17259
17262 17264 17261
17264 17262 17265
17262 17266 17265
17266 17262 17267
17265 17266 17268
17269 17265 17268
17265 17269 17264
17268 17270 17269
17270 17268 17271
17256 17272 17259
17273 17259 17272
17274 17273 17272
17274 17272 17256
17256 17275 17274
17275 17256 17276
17275 17277 17274
17277 17275 17278
17278 17279 17277
17279 17278 17280
17281 17273 17274
17277 17281 17274
17282 17277 17279
17281 17277 17282
17256 17253 17276
17253 17283 17276
17284 17278 17275
17273 17285 17259
17286 17287 17281
17287 17286 17288
17289 17288 17286
17290 17291 17292
17293 17290 17292
16378 17294 16379
16378 17295 17294
17295 16378 16381
16379 17294 17296
17296 16382 16379
17294 17295 17297
17296 17294 17297
17295 17298 17297
17296 17297 17299
17298 17300 17297
17300 17299 17297
17301 17302 17303
17302 17301 17304
17303 17305 17301
17305 17303 17306
17301 17305 17307
17301 17307 17308
17301 17308 17309
17301 17309 17310
17307 17305 17311
17305 17312 17311
17312 17305 17313
17313 17305 17306
17314 17313 17306
17313 17314 17315
17316 17317 17318
17319 17316 17318
16546 16541 17320
16557 16546 17320
16557 16547 16546
17321 16557 17320
17321 16566 16557
17321 17322 16566
17322 16584 16566
16566 16584 16573
17322 17321 17323
12793 12790 17324
17325 17324 12790
17324 17325 17326
12790 12788 17325
17327 17325 12788
12785 17327 12788
12785 17328 17327
12781 17328 12785
12781 12783 17328
17329 16423 17330
16423 17329 16421
16423 17331 17330
17331 16423 16425
16425 17332 17331
17332 16425 16429
16421 17329 16433
17333 17334 17335
17333 17336 17334
17334 17337 17335
17337 17334 17338
17334 17339 17338
17339 17334 17336
17337 17340 17335
17340 17337 17341
17335 17342 17333
17342 17335 17340
17343 17336 17333
17343 17333 17344
17333 17342 17344
17340 17345 17342
17345 17340 17346
17347 17336 17343
17336 17347 17339
17348 17346 17340
17340 17341 17348
17343 17344 17349
17346 17350 17345
17344 17351 17349
17343 17352 17347
17352 17343 17349
17353 17350 17346
17353 17346 17348
17354 17344 17342
17345 17354 17342
17354 17351 17344
17354 17345 17355
17355 17345 17350
17348 17341 17356
17351 17357 17349
17358 17349 17357
17349 17358 17352
17359 17347 17352
17360 17347 17359
17361 17348 17356
17348 17361 17353
17357 17351 17362
17354 17362 17351
17350 17363 17355
17352 17364 17359
17364 17352 17358
17350 17353 17365
17363 17350 17365
17361 17365 17353
17366 17358 17357
17366 17364 17358
17357 17362 17367
17366 17357 17367
17364 17366 17368
17369 17359 17364
17368 17369 17364
17356 17370 17361
17367 17362 17371
17369 17368 17372
17373 17366 17367
17368 17366 17373
17374 17368 17373
17374 17372 17368
17361 17375 17365
17375 17361 17370
17376 17363 17365
17376 17355 17363
17355 17376 17377
17377 17354 17355
17354 17377 17378
17367 17379 17373
17371 17380 17367
17367 17380 17379
17372 17374 17381
17378 17382 17354
17382 17362 17354
17362 17382 17371
17380 17371 17383
17373 17379 17384
17373 17384 17374
17380 17385 17379
17385 17384 17379
17386 17374 17384
17374 17386 17381
17380 17383 17387
17384 17385 17388
17380 17389 17385
17387 17389 17380
17390 17387 17383
17390 17383 17371
17382 17390 17371
17391 17384 17388
17384 17391 17386
17392 17382 17378
17382 17392 17393
17390 17382 17393
17389 17394 17385
17394 17388 17385
17390 17395 17387
17387 17396 17389
17387 17395 17396
17397 17394 17389
17389 17396 17397
17398 17391 17388
17394 17399 17388
17394 17397 17399
17399 17398 17388
17400 17395 17390
17400 17390 17393
17401 17396 17395
17397 17396 17401
17402 17395 17400
17395 17402 17401
17403 17399 17397
17401 17403 17397
17399 17403 17404
17404 17398 17399
17405 17393 17392
17392 17406 17405
17406 17392 17407
17407 17378 17377
17377 17408 17407
17408 17377 17376
17376 17409 17408
17409 17376 17410
17365 17410 17376
17411 17410 17365
17411 17365 17375
17410 17412 17409
17412 17410 17411
17407 17413 17406
17413 17407 17408
17409 17413 17408
17413 17409 17414
17409 17415 17414
17415 17409 17412
17415 17416 17414
17416 17415 17417
17418 17414 17416
17414 17418 17413
17418 17406 17413
17406 17418 17419
17419 17405 17406
17405 17419 17420
17417 17421 17416
17421 17417 17422
17405 17420 17423
17405 17423 17424
17393 17405 17424
17424 17400 17393
17400 17424 17425
17425 17402 17400
17402 17425 17426
17427 17402 17426
17427 17401 17402
17427 17403 17401
17403 17427 17428
17428 17404 17403
17404 17428 17429
17430 17404 17429
17404 17430 17431
17404 17431 17398
17429 17432 17430
17432 17429 17433
17428 17433 17429
17434 17428 17427
17426 17434 17427
17428 17434 17435
17433 17428 17435
17436 17426 17425
17425 17437 17436
17437 17425 17424
17433 17438 17432
17438 17433 17439
17423 17437 17424
17440 17435 17434
17434 17426 17440
17426 17436 17441
17426 17441 17440
17435 17440 17442
17433 17442 17439
17442 17433 17435
17443 17438 17439
17438 17443 17444
17445 17437 17423
17423 17446 17445
17446 17423 17420
17420 17447 17446
17447 17420 17419
17419 17448 17447
17448 17419 17418
17416 17448 17418
17448 17416 17421
17449 17448 17421
17421 17450 17449
17450 17421 17422
17451 17449 17450
17449 17451 17452
17451 17453 17452
17453 17451 17454
17454 17455 17453
17455 17454 17456
17456 17457 17455
17456 17458 17457
17458 17459 17457
17459 17458 17460
17461 17459 17460
17462 17459 17461
17462 17461 17463
17464 17462 17463
17463 17465 17464
17465 17463 17466
17466 17467 17465
17467 17466 17468
17469 17467 17468
17467 17469 17470
17462 17464 17471
17459 17462 17472
17471 17472 17462
17459 17472 17457
17472 17471 17473
17474 17465 17467
17474 17467 17470
17475 17470 17469
17470 17475 17476
17476 17474 17470
17477 17464 17465
17465 17474 17477
17478 17471 17464
17471 17478 17473
17464 17477 17478
17479 17476 17475
17476 17479 17480
17473 17457 17472
17481 17479 17475
17482 17481 17475
17476 17483 17474
17474 17483 17477
17476 17480 17483
17484 17479 17481
17479 17484 17485
17485 17480 17479
17486 17484 17481
17487 17473 17478
17488 17457 17473
17473 17487 17488
17485 17489 17480
17478 17490 17487
17490 17478 17477
17490 17477 17483
17491 17484 17486
17484 17491 17492
17492 17485 17484
17485 17492 17493
17493 17489 17485
17483 17480 17494
17490 17483 17494
17494 17480 17489
17495 17492 17491
17492 17495 17496
17496 17493 17492
17487 17497 17488
17497 17457 17488
17457 17497 17455
17497 17487 17498
17490 17498 17487
17489 17499 17494
17490 17494 17499
17493 17500 17489
17489 17500 17499
17498 17490 17501
17502 17496 17495
17496 17502 17503
17504 17500 17493
17503 17504 17496
17496 17504 17493
17497 17453 17455
17453 17497 17505
17498 17505 17497
17500 17504 17506
17504 17503 17506
17507 17503 17502
17503 17507 17508
17500 17509 17499
17505 17498 17510
17501 17510 17498
17500 17506 17511
17509 17500 17511
17512 17503 17508
17503 17512 17506
17511 17506 17512
17499 17509 17513
17513 17490 17499
17501 17490 17513
17514 17453 17505
17510 17514 17505
17453 17514 17452
17515 17452 17514
17452 17515 17449
17448 17449 17515
17511 17516 17509
17517 17512 17508
17518 17448 17515
17448 17518 17447
17513 17509 17519
17514 17510 17520
17515 17520 17518
17520 17515 17514
17511 17512 17521
17521 17512 17517
17519 17509 17516
17522 17447 17518
17447 17522 17446
17523 17446 17522
17446 17523 17445
17519 17516 17524
17511 17524 17516
17524 17511 17521
17525 17521 17517
17517 17526 17525
17517 17508 17526
17527 17526 17508
17528 17526 17527
17529 17445 17523
17445 17529 17530
17437 17445 17530
17530 17436 17437
17436 17530 17531
17531 17441 17436
17441 17531 17532
17528 17533 17526
17533 17525 17526
17532 17534 17441
17534 17535 17441
17441 17535 17440
17535 17442 17440
17442 17535 17536
17534 17536 17535
17536 17439 17442
17439 17536 17443
17537 17443 17536
17536 17534 17537
17443 17537 17538
17538 17444 17443
17444 17538 17539
17540 17539 17538
17534 17532 17541
17540 17542 17539
17542 17543 17539
17543 17542 17544
17538 17545 17540
17545 17538 17537
17545 17542 17540
17537 17546 17545
17546 17537 17534
17541 17546 17534
17542 17545 17547
17547 17544 17542
17546 17547 17545
17543 17544 17548
17544 17547 17549
17549 17548 17544
17547 17546 17550
17541 17550 17546
17550 17549 17547
17532 17550 17541
17550 17532 17551
17531 17551 17532
17551 17531 17552
17530 17552 17531
17552 17530 17529
17552 17529 17553
17551 17552 17553
17554 17553 17529
17523 17554 17529
17555 17554 17523
17555 17556 17554
17556 17555 17557
17557 17513 17556
17513 17557 17501
17510 17501 17557
17520 17557 17555
17557 17520 17510
17519 17556 17513
17555 17518 17520
17518 17555 17522
17555 17523 17522
17558 17556 17519
17558 17519 17559
17519 17524 17559
17524 17560 17559
17524 17521 17560
17521 17525 17560
17525 17561 17560
17561 17559 17560
17561 17525 17533
17562 17558 17559
17559 17561 17562
17562 17563 17558
17558 17563 17556
17563 17554 17556
17554 17563 17564
17553 17554 17564
17533 17565 17561
17565 17533 17566
17528 17566 17533
17566 17528 17567
17528 17568 17567
17568 17528 17569
17568 17570 17567
17566 17567 17570
17568 17571 17570
17548 17570 17571
17548 17572 17570
17572 17566 17570
17572 17548 17573
17574 17564 17563
17561 17565 17574
17562 17574 17563
17561 17574 17562
17566 17575 17565
17575 17566 17572
17572 17576 17575
17576 17572 17573
17573 17577 17576
17577 17573 17549
17549 17573 17548
17549 17550 17577
17550 17551 17577
17551 17576 17577
17576 17551 17578
17578 17575 17576
17578 17551 17553
17553 17579 17578
17575 17578 17579
17564 17574 17579
17579 17553 17564
17579 17565 17575
17565 17579 17574
17580 17581 17582
17581 17580 17583
17584 17581 17583
17585 17584 17583
17586 17585 17583
17583 17580 17586
17585 17586 17587
17584 17585 17588
17589 17588 17585
17590 17589 17585
17587 17590 17585
17581 17584 17591
17592 17582 17581
17591 17592 17581
17590 17593 17589
17593 17594 17589
17589 17594 17595
17592 17596 17582
17597 17588 17589
17595 17597 17589
17592 17591 17598
17590 17599 17593
17599 17590 17600
17601 17600 17590
17587 17601 17590
17594 17593 17602
17593 17599 17602
17603 17596 17592
17604 17595 17594
17592 17598 17605
17592 17605 17603
17602 17606 17594
17604 17594 17607
17606 17607 17594
17604 17608 17595
17609 17597 17595
17608 17609 17595
17597 17609 17610
17611 17604 17607
17602 17612 17606
17612 17602 17613
17606 17614 17607
17614 17606 17612
17604 17611 17615
17604 17615 17608
17602 17616 17613
17616 17602 17599
17600 17616 17599
17616 17600 17617
17618 17607 17614
17607 17618 17611
17618 17615 17611
17615 17618 17619
17615 17620 17608
17619 17620 17615
17608 17621 17609
17622 17612 17613
17622 17614 17612
17609 17623 17610
17616 17624 17613
17624 17622 17613
17620 17619 17625
17616 17626 17624
17626 17616 17617
17627 17618 17614
17622 17627 17614
17619 17618 17627
17625 17628 17620
17608 17628 17621
17628 17608 17620
17628 17625 17629
17619 17630 17625
17630 17619 17627
17628 17631 17621
17631 17609 17621
17623 17609 17632
17631 17632 17609
17631 17628 17633
17629 17633 17628
17625 17634 17629
17634 17625 17630
17633 17629 17635
17634 17635 17629
17632 17636 17623
17623 17636 17637
17638 17632 17631
17635 17634 17639
17640 17631 17633
17638 17631 17640
17635 17640 17633
17638 17641 17632
17636 17632 17641
17640 17635 17642
17639 17642 17635
17636 17643 17637
17643 17644 17637
17645 17637 17644
17637 17645 17646
17645 17588 17646
17588 17645 17584
17647 17646 17588
17647 17637 17646
17597 17647 17588
17597 17610 17647
17648 17584 17645
17648 17645 17644
17649 17584 17648
17644 17649 17648
17584 17649 17591
17650 17591 17649
17591 17650 17598
17651 17598 17650
17598 17651 17605
17623 17647 17610
17651 17652 17605
17652 17603 17605
17603 17652 17653
17654 17603 17653
17603 17654 17596
17652 17651 17655
17656 17650 17649
17650 17656 17657
17657 17651 17650
17649 17644 17656
17653 17658 17654
17651 17657 17659
17652 17660 17653
17653 17660 17658
17661 17652 17655
17652 17661 17660
17662 17651 17659
17651 17662 17655
17662 17661 17655
17644 17663 17656
17663 17644 17664
17644 17643 17664
17665 17657 17656
17665 17659 17657
17656 17663 17665
17661 17662 17666
17659 17667 17662
17662 17667 17666
17667 17659 17668
17665 17668 17659
17669 17663 17664
17663 17669 17670
17665 17663 17670
17643 17671 17664
17664 17671 17669
17671 17643 17672
17668 17665 17673
17665 17670 17673
17672 17643 17674
17674 17643 17636
17674 17636 17675
17675 17636 17641
17641 17676 17675
17676 17641 17677
17677 17641 17678
17638 17678 17641
17679 17678 17638
17638 17640 17679
17642 17679 17640
17679 17642 17680
17642 17681 17680
17642 17639 17681
17679 17682 17678
17682 17679 17680
17681 17682 17680
17682 17677 17678
17677 17682 17683
17681 17683 17682
17683 17676 17677
17684 17674 17675
17675 17676 17684
17674 17684 17685
17676 17683 17686
17686 17684 17676
17687 17683 17681
17683 17687 17686
17684 17686 17688
17686 17687 17688
17688 17685 17684
17685 17672 17674
17672 17685 17689
17685 17688 17690
17690 17689 17685
17688 17691 17690
17691 17688 17687
17671 17672 17689
17689 17690 17692
17690 17691 17692
17693 17671 17689
17694 17689 17692
17689 17694 17693
17586 17695 17587
17696 17695 17586
17697 17695 17696
17695 17697 17698
17699 17695 17698
17695 17699 17601
17587 17695 17601
17698 17626 17699
17617 17601 17699
17626 17617 17699
17601 17617 17600
17700 16039 17701
16039 17700 16038
16042 17701 16039
17702 17703 17704
17703 17705 17704
17702 17704 17706
17706 17707 17702
17706 17708 17707
17708 17706 17709
17709 17710 17708
17710 17709 17711
17711 17712 17710
17712 17711 17713
17704 17714 17706
17715 17706 17714
17706 17715 17709
17715 17711 17709
17711 17715 17716
17716 17713 17711
17713 17716 17717
17714 17718 17715
17718 17714 17719
17719 17714 17720
17721 17717 17716
17721 17716 17715
17718 17721 17715
17717 17721 17722
17722 17723 17717
17717 17723 17713
17723 17724 17713
17713 17724 17712
17724 17725 17712
17724 17726 17725
17725 17726 17727
17727 17726 17728
17729 17728 17726
17724 17730 17726
17724 17723 17730
17730 17729 17726
17729 17730 17731
17723 17722 17732
17732 17730 17723
17719 17733 17718
17721 17734 17722
17722 17734 17732
17734 17735 17732
17732 17735 17736
17732 17736 17730
17736 17737 17730
17730 17737 17731
17737 17736 17738
17735 17738 17736
17737 17738 17731
17738 17735 17739
17740 17739 17735
17740 17735 17734
17739 17740 17741
17742 17740 17734
17742 17741 17740
17741 17742 17743
17744 17743 17742
17743 17744 17745
17742 17746 17744
17747 17746 17733
17733 17746 17748
17746 17742 17748
17748 17742 17734
17748 17718 17733
17718 17748 17721
17749 17745 17744
17746 17749 17744
17745 17749 17750
17749 17751 17750
17751 17749 17752
17746 17752 17749
17752 17753 17751
17753 17752 17754
17746 17754 17752
17754 17755 17753
17755 17754 17756
17754 17746 17756
17757 17755 17756
17755 17757 17758
17757 17759 17758
17759 17757 17760
17761 17759 17760
17762 17757 17756
17760 17757 17762
17763 17760 17762
17761 17760 17763
17764 17761 17763
17746 17762 17756
17763 17765 17764
17766 17765 17763
17766 17763 17767
17762 17767 17763
17768 17766 17767
17767 17769 17768
17762 17747 17767
17747 17762 17746
17747 17769 17767
17747 17719 17769
17719 17747 17733
17719 17720 17769
17769 17720 17770
17770 17720 17704
17705 17770 17704
17769 17771 17768
17769 17770 17771
17704 17720 17714
17772 17773 17774
17775 17772 17774
17776 17772 17775
17777 17776 17775
17776 17777 17778
17775 17774 17779
17777 17780 17778
17781 17778 17780
17778 17781 17782
17781 17783 17782
17781 17784 17783
17785 17781 17780
17781 17785 17786
17786 17787 17781
17781 17787 17784
17787 17786 17788
17789 17775 17779
17785 17790 17786
17790 17788 17786
17790 17785 17791
17788 17790 17792
17787 17793 17784
17791 17794 17790
17794 17792 17790
17794 17791 17795
17792 17794 17796
17795 17797 17794
17797 17796 17794
17797 17795 17798
17796 17797 17799
17785 17800 17791
17800 17795 17791
17800 17785 17801
17795 17800 17802
17802 17798 17795
17798 17803 17797
17803 17798 17804
17805 17797 17803
17797 17805 17799
17798 17802 17806
17806 17804 17798
17804 17806 17807
17804 17808 17803
17808 17804 17809
17807 17809 17804
17810 17803 17808
17803 17810 17805
17811 17810 17808
17809 17811 17808
17810 17811 17812
17811 17809 17813
17809 17807 17814
17814 17813 17809
17813 17815 17811
17815 17813 17816
17817 17811 17815
17811 17817 17812
17818 17806 17802
17806 17818 17819
17819 17807 17806
17813 17814 17820
17820 17816 17813
17816 17821 17815
17821 17816 17822
17815 17823 17817
17823 17815 17821
17816 17820 17824
17824 17822 17816
17821 17825 17823
17825 17821 17826
17826 17827 17825
17827 17826 17828
17822 17829 17821
17829 17826 17821
17828 17826 17829
17828 17829 17830
17831 17830 17829
17829 17822 17831
17830 17831 17832
17822 17824 17833
17833 17831 17822
17830 17832 17834
17831 17833 17835
17835 17832 17831
17836 17824 17820
17820 17837 17836
17837 17820 17814
17807 17837 17814
17837 17807 17838
17807 17819 17838
17832 17835 17839
17839 17834 17832
17834 17839 17840
17819 17841 17838
17841 17819 17842
17843 17838 17841
17838 17843 17837
17844 17836 17837
17837 17843 17844
17836 17844 17845
17845 17846 17836
17824 17836 17846
17846 17833 17824
17833 17846 17847
17847 17835 17833
17835 17847 17848
17848 17839 17835
17846 17845 17849
17849 17847 17846
17839 17848 17850
17850 17840 17839
17840 17850 17851
17847 17849 17852
17852 17848 17847
17853 17841 17842
17842 17854 17853
17854 17842 17855
17855 17856 17854
17856 17855 17857
17857 17858 17856
17858 17857 17859
17859 17857 17860
17859 17861 17858
17861 17859 17862
17862 17859 17860
17862 17860 17863
17863 17864 17862
17864 17863 17865
17863 17866 17865
17863 17867 17866
17867 17863 17868
17867 17868 17869
17868 17777 17869
17777 17868 17780
17801 17780 17868
17868 17863 17801
17863 17860 17801
17780 17801 17785
17870 17869 17777
17871 17870 17777
17871 17777 17775
17789 17871 17775
17864 17872 17862
17862 17872 17873
17862 17873 17861
17861 17873 17874
17861 17874 17875
17876 17861 17875
17876 17858 17861
17858 17876 17877
17856 17858 17877
17877 17854 17856
17854 17877 17878
17878 17853 17854
17879 17853 17878
17853 17879 17880
17841 17853 17880
17841 17880 17843
17880 17881 17843
17882 17843 17881
17844 17843 17882
17883 17844 17882
17844 17883 17845
17883 17849 17845
17849 17883 17884
17885 17849 17884
17849 17885 17852
17886 17879 17878
17879 17886 17887
17888 17887 17886
17886 17889 17888
17890 17888 17889
17889 17891 17890
17892 17890 17891
17890 17892 17893
17892 17894 17893
17894 17892 17895
17892 17896 17895
17896 17897 17895
17893 17894 17898
17892 17899 17896
17898 17900 17893
17900 17890 17893
17900 17898 17901
17901 17902 17900
17899 17892 17903
17891 17903 17892
17902 17904 17900
17904 17902 17905
17905 17906 17904
17906 17905 17907
17908 17906 17907
17906 17908 17909
17904 17910 17900
17890 17900 17910
17910 17904 17911
17906 17911 17904
17912 17909 17908
17909 17912 17913
17912 17914 17913
17914 17912 17915
17911 17906 17916
17909 17916 17906
17915 17917 17914
17917 17915 17918
17919 17917 17918
17917 17919 17920
17916 17909 17921
17913 17921 17909
17921 17913 17922
17914 17922 17913
17922 17914 17923
17917 17923 17914
17888 17890 17910
17923 17917 17924
17920 17924 17917
17924 17920 17925
17916 17926 17911
17910 17926 17888
17926 17910 17911
17926 17916 17927
17921 17927 17916
17927 17921 17928
17921 17929 17928
17929 17921 17922
17923 17929 17922
17923 17930 17929
17931 17930 17923
17925 17931 17924
17924 17931 17923
17931 17925 17932
17887 17888 17926
17927 17887 17926
17887 17927 17933
17928 17933 17927
17934 17932 17925
17929 17935 17928
17930 17935 17929
17933 17928 17936
17935 17936 17928
17935 17930 17937
17931 17937 17930
17936 17935 17938
17937 17938 17935
17937 17931 17939
17932 17934 17940
17938 17937 17941
17940 17942 17932
17932 17942 17943
17943 17939 17931
17932 17943 17931
17933 17936 17944
17933 17944 17945
17933 17945 17887
17945 17879 17887
17880 17879 17945
17936 17946 17944
17938 17946 17936
17944 17946 17882
17944 17882 17881
17945 17881 17880
17945 17944 17881
17946 17938 17947
17884 17946 17947
17946 17884 17883
17946 17883 17882
17948 17884 17947
17884 17948 17885
17942 17949 17943
17950 17885 17948
17885 17950 17951
17951 17852 17885
17852 17951 17952
17848 17852 17952
17952 17850 17848
17850 17952 17953
17954 17850 17953
17954 17851 17850
17955 17954 17953
17956 17952 17951
17952 17956 17953
17956 17955 17953
17955 17956 17957
17958 17951 17950
17951 17958 17956
17956 17958 17957
17950 17959 17958
17959 17960 17958
17960 17959 17961
17961 17959 17941
17961 17941 17937
17959 17962 17941
17962 17938 17941
17938 17962 17947
17963 17960 17961
17949 17960 17963
17960 17949 17964
17964 17965 17960
17965 17958 17960
17958 17965 17957
17966 17964 17949
17963 17961 17939
17939 17961 17937
17963 17939 17943
17949 17963 17943
17947 17962 17948
17959 17948 17962
17959 17950 17948
17623 17637 17647
17967 17968 17969
17968 17967 17970
17970 17971 17968
17971 17970 17972
17972 17973 17971
17973 17974 17971
17974 17973 17975
17975 17976 17974
17976 17975 17977
17978 17976 17977
17979 17980 17981
17980 17979 17982
17982 17983 17980
17983 17982 17984
17984 17985 17983
17985 17984 17986
17986 17987 17985
17987 17986 17988
17988 17989 17987
17989 17988 17990
17991 17989 17990
17989 17991 17992
17993 17992 17991
17992 17993 17994
17993 17995 17994
17995 17993 17996
17996 17997 17995
17997 17996 17998
17999 17997 17998
17997 17999 18000
18001 18000 17999
18000 18001 18002
18003 18002 18001
18002 18003 18004
18005 18004 18003
18004 18005 18006
18007 18006 18005
18006 18007 18008
18009 18008 18007
18008 18009 18010
18009 18011 18010
18011 18009 18012
17998 18013 17999
18013 17998 18014
18014 18015 18013
18016 18013 18015
18013 18016 18017
18018 18017 18016
18017 18018 18019
18020 18019 18018
18019 18020 18021
18020 18022 18021
18007 18021 18022
18022 18020 18023
18024 18022 18023
18022 18024 18025
18024 18026 18025
18012 18025 18026
18026 18024 18027
18015 18014 18028
18029 18028 18014
18028 18029 18030
18029 18031 18030
18031 18029 18032
18033 18031 18032
18031 18033 18034
18033 18035 18034
18035 18033 18036
18036 18037 18035
18037 18036 18038
18038 18039 18037
18039 18038 18040
18040 18041 18039
18041 18040 18042
18042 18043 18041
18043 18042 18044
18045 18043 18044
18043 18045 18046
17990 18038 18036
18038 17990 17988
17988 18040 18038
18036 17991 17990
17991 18036 18033
18032 17991 18033
17991 18032 17993
18032 17996 17993
17996 18032 18029
18014 17996 18029
17996 18014 17998
18044 17979 18045
17979 18044 17982
18044 17984 17982
17984 18044 18042
18042 17986 17984
17986 18042 18040
18040 17988 17986
17266 18047 18048
18049 18050 18051
18052 18050 18049
18053 18054 18055
18053 18056 18054
18057 18056 18053
18058 18057 18053
18058 18059 18057
18058 18060 18059
18058 18061 18060
18062 18063 18064
18064 18065 18062
18065 18064 18066
18064 18067 18066
18065 18068 18062
18067 18069 18066
18069 18067 18070
18066 18071 18065
18071 18066 18072
18073 18065 18071
18065 18073 18068
18070 18074 18069
18074 18070 18075
18075 18076 18074
18076 18075 18077
18072 18078 18071
18078 18072 18079
18080 18071 18078
18071 18080 18073
18077 18081 18076
18081 18077 18082
18082 18083 18081
18083 18082 18084
18078 18085 18080
18085 18078 18086
18087 18086 18078
18079 18087 18078
18087 18079 18088
18084 18089 18083
18089 18084 18090
18091 18085 18086
18085 18091 18092
18093 18087 18088
18087 18093 18094
18095 18094 18093
18094 18095 18096
18097 18086 18087
18094 18097 18087
18086 18097 18098
18099 18092 18091
18092 18099 18100
18101 18096 18095
18096 18101 18102
18099 18103 18100
18103 18099 18104
18105 18089 18090
18106 18105 18090
18105 18106 18107
18106 18108 18107
18108 18106 18109
18109 18110 18108
18110 18109 18111
18111 18112 18110
18112 18111 18113
18113 18114 18112
18114 18113 18115
18115 18116 18114
18116 18115 18117
18118 18116 18117
18116 18118 18119
18120 18119 18118
18119 18120 18121
18122 18121 18120
18121 18122 18123
18124 18123 18122
18123 18124 18125
18126 18125 18124
18127 18128 18129
18128 18127 18130
18131 18129 18128
18129 18131 18132
18133 18132 18131
18132 18133 18134
18135 18136 18137
18135 18138 18136
18139 18138 18135
18140 18138 18139
18138 18140 18141
18142 18141 18140
18142 18143 18141
18144 18143 18142
18145 18143 18144
18145 18146 18143
18147 18146 18145
18148 18146 18147
18146 18148 18149
18150 18149 18148
18151 18152 18153
18152 18151 18154
18154 18151 18155
18154 18156 18152
18152 18156 18157
18158 18154 18155
18154 18158 18159
18159 18156 18154
18156 18159 18160
18160 18157 18156
18157 18160 18161
18162 18159 18158
18159 18162 18163
18163 18160 18159
18160 18163 18164
18165 18161 18160
18161 18165 18166
18167 18163 18162
18163 18167 18168
18169 18164 18163
18168 18169 18163
18169 18170 18164
18171 18166 18165
18166 18171 18172
18173 18168 18167
18168 18173 18174
18174 18169 18168
18169 18174 18175
18175 18170 18169
18170 18175 18176
18177 18172 18171
18172 18177 18178
18179 18174 18173
18174 18179 18180
18180 18175 18174
18175 18180 18181
18181 18176 18175
18176 18181 18182
18183 18178 18177
18178 18183 18184
18185 18180 18179
18180 18185 18186
18180 18187 18181
18187 18180 18186
18188 18182 18181
18188 18181 18187
18182 18188 18189
18190 18184 18183
18184 18190 18191
18192 18188 18187
18193 18188 18192
18188 18193 18194
18194 18189 18188
18195 18191 18190
18191 18195 18196
18189 18194 18197
18193 18198 18194
18199 18196 18195
18196 18199 18200
18201 18194 18198
18194 18201 18202
18202 18197 18194
18197 18202 18203
18204 18200 18199
18200 18204 18205
18206 18205 18204
18205 18206 18207
18208 18207 18206
18207 18208 18209
18210 18209 18208
18209 18210 18211
18212 18211 18210
18211 18212 18213
18212 18214 18213
18214 18212 18215
18215 18216 18214
18216 18215 18217
18218 18203 18202
18219 18218 18202
18201 18219 18202
18203 18218 18220
18220 18218 18221
18218 18222 18221
18222 18223 18221
18223 18224 18221
18224 18223 18225
18225 18226 18224
18226 18225 18227
18228 18226 18227
18226 18228 18229
18230 18229 18228
18230 18231 18229
18232 18231 18230
18231 18232 18233
18234 18235 18236
18237 18234 18236
18235 18238 18236
18239 18236 18238
18240 18237 18236
18241 18240 18236
18242 18236 18239
18243 18241 18236
18244 18236 18242
18245 18243 18236
18246 18236 18244
18247 18245 18236
18248 18236 18246
18247 18236 18249
18250 18236 18248
18249 18236 18250
18251 15063 15069
15063 18251 18252
18253 18252 18251
18252 18253 18254
18255 18254 18253
18254 18255 18256
15190 18256 18255
15190 18257 18256
15190 18258 18257
18258 15190 18259
18259 18260 18258
18260 18259 18261
15104 15190 18255
18253 15104 18255
15104 18253 15096
18251 15096 18253
15096 18251 15088
15069 15088 18251
18262 18263 18264
18263 18262 18265
18266 18267 18268
18266 18269 18267
18269 18266 18270
18271 18267 18269
18271 18269 18272
18273 18271 18272
18274 18273 18272
18273 18274 18275
18276 18275 18274
18276 18274 18277
18276 18277 18278
18277 18279 18278
18279 18277 18280
18280 18281 18279
18280 18282 18281
18282 18283 18281
18284 18283 18282
18283 18284 18285
18286 18285 18284
18285 18286 18287
18288 18287 18286
18287 18288 18289
18290 18289 18288
18289 18290 18291
18292 18291 18290
18291 18292 18293
18294 17668 17673
17668 18294 17667
17667 18294 18295
17667 18295 17666
18296 18297 18298
18297 18296 18299
18297 18300 18298
18300 18297 18301
18301 18302 18300
18302 18301 18303
18303 18304 18302
18304 18303 18305
18305 18306 18304
18306 18305 18307
18307 18308 18306
18308 18307 18309
18310 18308 18309
18308 18310 18311
18310 18312 18311
18312 18310 18313
18313 18314 18312
18314 18313 18315
18315 18316 18314
18316 18315 18317
18317 18318 18316
18318 18317 18319
18320 16709 16719
16709 18320 16714
18321 16714 18320
16714 18321 16716
18322 16716 18321
16716 18322 16720
18322 16729 16720
16729 18322 18323
16719 18324 18320
16719 18325 18324
18325 16719 16718
18325 16718 16728
18323 16730 16729
16730 18323 18326
18327 18321 18320
18327 18322 18321
18320 18324 18327
18328 18325 16728
18328 18324 18325
18329 16730 18326
16730 18329 18330
18330 16733 16730
18331 16733 18330
18330 18329 18331
16733 18331 16736
18328 16728 18332
18333 18332 16728
16737 18333 16728
18334 18333 16737
16737 16738 18334
18335 18334 16738
18335 18333 18334
18335 16738 16756
18329 18336 18331
18333 18337 18332
18333 18335 18337
18337 18328 18332
18338 18331 18336
18331 18338 18339
18340 18339 18338
18339 18340 18341
18340 18342 18341
18342 18340 18343
18342 18343 18344
18335 18345 18337
18346 18345 18335
18346 18335 16756
16753 18346 16756
16753 16750 18346
18346 16750 16757
18346 16757 18345
16763 18345 16757
18337 18345 18347
18348 18345 16763
18345 18348 18347
18338 18349 18340
18349 18343 18340
18349 18338 18350
18343 18349 18351
16763 18352 18348
18352 16763 18353
18343 18351 18354
18355 18343 18354
18356 18348 18352
18348 18356 18347
18354 18351 18357
18349 18357 18351
18358 18356 18352
18358 18352 18353
18358 18353 18359
18354 18357 18360
18350 18361 18349
18357 18349 18361
18361 18350 18362
18363 18362 18350
18338 18363 18350
18363 18338 18336
18336 18364 18363
18364 18336 18329
18329 18365 18364
18365 18329 18326
18366 18365 18326
18366 18326 18323
18367 18366 18323
18322 18367 18323
18368 18367 18322
18327 18368 18322
18369 18368 18327
18324 18369 18327
18370 18369 18324
18328 18370 18324
18367 18368 18371
18369 18372 18368
18368 18372 18371
18373 18370 18328
18337 18373 18328
18370 18373 18374
18374 18369 18370
18347 18373 18337
18369 18374 18375
18369 18376 18372
18376 18371 18372
18369 18375 18376
18367 18371 18377
18371 18376 18378
18377 18371 18378
18356 18374 18373
18347 18356 18373
18374 18356 18379
18380 18374 18379
18374 18380 18375
18375 18380 18376
18380 18381 18376
18379 18356 18358
18376 18382 18378
18382 18376 18381
18381 18383 18382
18381 18384 18383
18379 18358 18384
18381 18380 18384
18379 18384 18380
18384 18358 18359
18385 18383 18384
18386 18385 18384
18386 18384 18359
18387 18385 18386
18385 18387 18388
18389 18388 18387
18388 18389 18390
18387 18391 18389
18392 18388 18390
18388 18392 18393
18393 18385 18388
18394 18386 18359
18386 18394 18387
18359 16769 18394
18391 16769 16770
18385 18393 18395
18392 18396 18393
18396 18392 18397
18397 18398 18396
18398 18397 18399
18399 18400 18398
18400 18399 18401
18401 18402 18400
18403 18402 18401
18402 18403 18404
18393 18405 18395
18405 18393 18396
18403 18406 18404
18406 18403 18407
18396 18408 18405
18408 18396 18398
18409 18400 18402
18409 18402 18404
18400 18409 18410
18398 18410 18408
18410 18398 18400
18407 18411 18406
18407 18412 18411
18412 18413 18411
18414 18413 18412
18415 18414 18412
18415 18416 18414
18416 18415 18417
18418 18416 18417
18416 18418 18419
18420 18419 18418
18420 18421 18419
18420 18422 18421
18420 18423 18422
18422 18424 18421
18422 18425 18424
18424 18426 18421
18426 18416 18419
18426 18419 18421
18426 18424 18427
18428 18427 18424
18425 18428 18424
18416 18426 18429
18429 18414 18416
18426 18430 18429
18430 18426 18427
18431 18430 18427
18428 18431 18427
18430 18431 18432
18360 18430 18432
18430 18360 18433
18433 18429 18430
18357 18433 18360
18433 18357 18434
18429 18433 18435
18434 18435 18433
18414 18429 18435
18436 18414 18435
18435 18434 18436
18414 18436 18413
18361 18434 18357
18434 18361 18437
18436 18411 18413
18411 18436 18438
18438 18434 18437
18434 18438 18436
18438 18406 18411
18406 18438 18439
18439 18404 18406
18404 18439 18440
18440 18441 18404
18404 18441 18409
18362 18437 18361
18437 18362 18442
18442 18440 18439
18439 18438 18442
18438 18437 18442
18362 18443 18442
18443 18441 18440
18443 18440 18442
18443 18362 18444
18362 18363 18444
18364 18444 18363
18444 18364 18445
18445 18443 18444
18364 18446 18445
18446 18364 18365
18365 18447 18446
18447 18365 18366
18366 18377 18447
18377 18366 18367
18377 18448 18447
18443 18445 18449
18446 18449 18445
18377 18450 18448
18378 18450 18377
18378 18382 18450
18382 18451 18450
18451 18382 18383
18451 18383 18452
18452 18383 18385
18395 18452 18385
18453 18452 18395
18405 18453 18395
18454 18451 18452
18453 18454 18452
18450 18451 18454
18450 18454 18448
18448 18454 18453
18408 18453 18405
18453 18408 18455
18455 18448 18453
18410 18455 18408
18455 18410 18456
18456 18410 18409
18441 18456 18409
18456 18441 18443
18456 18457 18455
18448 18455 18457
18457 18447 18448
18447 18457 18446
18449 18446 18457
18457 18456 18449
18449 18456 18443
18458 18459 18460
17860 18461 17801
18461 17800 17801
18461 17818 17800
18461 17857 17818
17857 18461 17860
17818 17802 17800
17857 17855 17818
17818 17855 17819
17855 17842 17819
18462 18463 18464
18463 18462 17903
18462 18464 18465
18463 17903 17891
18466 18465 18464
18465 18466 18467
18468 18465 18467
18464 18469 18466
18463 18470 18464
18464 18471 18469
18470 18471 18464
18472 18463 17891
18463 18472 18473
18470 18463 18473
17891 17889 18472
18474 18472 17889
18472 18474 18475
18475 18476 18472
18472 18476 18473
18476 18475 18477
17889 17886 18474
18475 18478 18477
17876 18478 18475
18478 17876 18479
17876 17875 18479
18475 17877 17876
17877 18475 18474
18474 17878 17877
17878 18474 17886
18480 18481 18482
18481 18480 18483
18484 18482 18481
18484 18485 18482
18485 18486 18482
18484 18487 18485
18485 18488 18486
18487 18488 18485
18489 18487 18484
18487 18489 18490
18491 18486 18488
18492 18486 18491
18492 18493 18486
18482 18493 18480
18486 18493 18482
18493 18492 18494
18493 18494 18495
18496 18491 18488
18492 18497 18494
18494 18497 18498
18494 18498 18499
18494 18499 18495
18498 18500 18499
18500 18498 18501
18502 18501 18498
18497 18502 18498
18501 18502 18503
18504 18503 18502
18504 18502 18497
18503 18504 18505
18497 18492 18506
18507 18491 18496
18508 18504 18497
18508 18497 18506
18509 18508 18506
18510 18505 18504
18510 18504 18508
18505 18510 18511
18512 18510 18508
18510 18513 18511
18513 18510 18514
18508 18515 18512
18515 18508 18509
18514 18516 18513
18516 18514 18517
18510 18517 18514
18510 18512 18517
18517 18518 18516
18518 18517 18519
18517 18512 18519
18515 18520 18512
18520 18518 18519
18512 18520 18519
18515 18521 18520
18522 18520 18521
18520 18522 18523
18518 18520 18523
18524 18522 18521
18522 18524 18525
18524 18526 18525
18526 18524 18527
18528 18524 18521
18527 18524 18529
18528 18529 18524
18528 18530 18529
18530 18528 18531
18529 18530 18532
18532 18533 18529
18533 18526 18527
18533 18527 18529
18532 18534 18533
18534 18535 18533
18526 18533 18535
18535 18534 18536
18532 18536 18534
18536 18532 18537
18532 18538 18537
18538 18532 18539
18530 18539 18532
18539 18540 18538
18540 18539 18541
18541 18542 18540
18542 18541 18543
18543 18544 18542
18544 18543 18545
18545 18546 18544
18546 18545 18547
18548 18545 18543
18545 18548 18547
18548 18543 18549
18541 18539 18549
18549 18543 18541
18549 18550 18548
18550 18551 18548
18548 18551 18547
18551 18550 18552
18551 18553 18547
18552 18550 18554
18554 18555 18552
18556 18552 18555
18557 18555 18554
18554 18558 18557
18550 18558 18554
18550 18549 18559
18559 18558 18550
18549 18530 18559
18560 18547 18553
18547 18560 18546
18551 18552 18561
18552 18556 18561
18562 18561 18556
18561 18563 18551
18563 18553 18551
18564 18563 18561
18564 18561 18562
18563 18564 18565
18565 18553 18563
18553 18565 18560
18562 18556 18566
18566 18556 18555
18566 18489 18562
18489 18566 18490
18530 18531 18559
18531 18567 18559
18558 18559 18567
18568 18558 18567
18558 18568 18557
18569 18557 18568
18570 18490 18566
18490 18570 18571
18572 18571 18570
18571 18572 18573
18574 18571 18573
18571 18574 18575
18575 18490 18571
18573 18576 18574
18577 18574 18576
18574 18577 18578
18578 18575 18574
18579 18578 18577
18578 18579 18580
18578 18580 18581
18582 18581 18580
18581 18582 18583
18584 18579 18577
18576 18584 18577
18579 18584 18585
18584 18576 18586
18580 18587 18582
18587 18580 18579
18585 18587 18579
18576 18573 18588
18588 18586 18576
18587 18585 18589
18586 18588 18590
18591 18582 18587
18589 18591 18587
18582 18591 18592
18591 18589 18593
18588 18594 18590
18594 18588 18595
18573 18595 18588
18595 18573 18572
18596 18592 18591
18592 18596 18597
18591 18598 18596
18598 18591 18593
18572 18599 18595
18599 18572 18600
18570 18600 18572
18600 18570 18601
18602 18595 18599
18595 18602 18594
18603 18597 18596
18598 18603 18596
18597 18603 18604
18603 18598 18605
18569 18600 18601
18606 18604 18603
18605 18606 18603
18604 18606 18607
18607 18608 18604
18597 18604 18608
18608 18607 18609
18607 18610 18609
18610 18607 18611
18606 18611 18607
18606 18605 18612
18613 18602 18599
18602 18613 18614
18600 18613 18599
18613 18600 18615
18569 18615 18600
18569 18616 18615
18616 18569 18617
18618 18606 18612
18606 18618 18619
18611 18606 18619
18620 18614 18613
18620 18615 18616
18615 18620 18613
18614 18620 18621
18622 18619 18618
18619 18622 18623
18624 18621 18620
18622 18624 18623
18616 18624 18620
18621 18624 18625
18624 18622 18625
18626 18619 18623
18619 18626 18611
18624 18616 18627
18627 18623 18624
18623 18627 18626
18628 18626 18627
18628 18616 18617
18628 18627 18616
18626 18628 18629
18610 18626 18629
18610 18611 18626
18630 18629 18628
18630 18628 18617
18630 18617 18568
18629 18630 18531
18629 18531 18528
18629 18528 18610
18528 18609 18610
18609 18528 18521
18515 18609 18521
18609 18515 18608
18608 18515 18631
18515 18509 18631
18632 18631 18509
18632 18509 18633
18632 18633 18634
18631 18632 18635
18635 18597 18631
18597 18608 18631
18597 18635 18592
18582 18592 18635
18632 18583 18635
18632 18634 18583
18583 18582 18635
18581 18583 18634
18496 18581 18634
18581 18496 18636
18496 18488 18636
18636 18488 18487
18575 18636 18487
18575 18578 18636
18578 18581 18636
18490 18575 18487
18634 18507 18496
18633 18507 18634
18633 18506 18507
18506 18492 18507
18507 18492 18491
18509 18506 18633
18637 18495 18638
18495 18637 18639
18499 18638 18495
18638 18499 18500
18493 18495 18639
18493 18639 18480
18483 18639 18637
18639 18483 18480
18640 18641 18642
18641 18640 18643
18644 18642 18641
18642 18644 18645
18645 18644 18646
18643 18640 18647
18648 18643 18647
18648 18647 18649
18647 18650 18649
18651 18649 18650
18651 18648 18649
18648 18651 18652
18341 18642 18645
18645 18339 18341
18339 18645 18653
18645 18646 18653
18646 16736 18653
16736 18646 16735
18654 16735 18646
18644 18654 18646
16735 18654 16734
18331 18653 16736
18331 18339 18653
18650 18647 18655
18354 18650 18655
18354 18655 18656
18650 18354 18657
18647 18656 18655
18656 18647 18640
18652 18651 18658
18659 18652 18658
18659 18658 18660
18425 18659 18660
18360 18657 18354
18360 18432 18657
18432 18661 18657
18650 18657 18661
18661 18432 18662
18660 18658 18662
18651 18650 18661
18662 18651 18661
18651 18662 18658
18428 18425 18660
18662 18432 18431
18431 18428 18660
18660 18662 18431
18342 18640 18642
18642 18341 18342
18640 18342 18344
18663 18664 18665
18666 18664 18663
18664 18666 18667
16200 18664 18667
18664 16200 18668
18667 16201 16200
16201 18667 16205
18667 16207 16205
16207 18667 18666
18668 16200 16199
16769 18353 16762
18359 18353 16769
18353 16763 16762
18669 18670 18671
18672 18670 18669
16863 16994 16973
16863 16973 16972
16994 16863 16860
16994 16991 16973
16991 16978 16973
18673 18674 18675
18676 18677 18678
18676 18679 18677
18679 18680 18677
18680 18679 18681
18682 18676 18678
18683 18682 18678
18683 18678 18684
18685 18683 18684
18684 18686 18685
18686 18684 18687
18688 18686 18687
18681 18689 18680
18689 18690 18680
18689 18691 18690
18692 18693 16652
18692 16652 16587
16578 18692 16587
18692 16578 16583
16629 16700 18694
16700 16629 16630
16704 18694 16700
18694 16704 18695
16704 18696 18695
18696 16704 16706
16706 18697 18696
18697 16706 16712
16712 18698 18697
18698 16712 16715
16724 18698 16715
18698 16724 18699
16725 18699 16724
18699 16725 16731
18700 18701 18702
18701 18700 18703
18704 18700 18702
18705 18700 18704
18700 18705 18706
18707 18706 18705
18706 18707 18708
18708 18709 18706
18709 18708 18710
18709 18710 18711
18711 18703 18709
18712 18701 18703
18703 18711 18712
18701 18712 18713
18714 18707 18705
18707 18714 18715
18716 18715 18714
18715 18716 18717
18716 18718 18717
18718 18716 18719
18714 18719 18716
18719 18720 18718
18720 18719 18721
18719 18714 18721
18705 18721 18714
18721 18705 18704
18704 18720 18721
18720 18704 18702
18722 18711 18710
18711 18722 18723
18723 18712 18711
18724 18723 18722
18723 18724 18725
18725 18726 18723
18726 18725 18727
18728 18726 18727
18726 18728 18729
18730 18728 18727
18725 18730 18727
18728 18730 18731
18730 18725 18732
18733 18732 18725
18732 18733 18734
18732 18735 18730
18736 18730 18735
18730 18736 18737
18738 18736 18735
18736 18738 18739
18740 18739 18738
18739 18740 18741
18742 18738 18735
18735 18732 18742
18732 18743 18742
18743 18732 18744
18743 18745 18742
18738 18742 18745
18745 18740 18738
18746 18740 18745
18745 18743 18746
18740 18746 18747
18748 18749 18750
18751 18749 18748
18751 18752 18749
18752 18751 18753
18750 18754 18748
18754 18750 18755
18755 18756 18754
18756 18755 18757
18758 18759 18760
18759 18758 18761
18762 18761 18758
18761 18762 18763
18764 18760 18759
18760 18764 18765
18764 18766 18765
18766 18764 18767
18767 18768 18766
18768 18767 18769
18769 18770 18768
18770 18769 18771
18771 18772 18770
18773 18774 18775
18774 18773 18776
18777 18775 18774
18775 18777 18778
18779 18778 18777
18778 18779 18780
18777 18781 18779
18781 18777 18782
18774 18782 18777
18783 18781 18782
18781 18783 18784
18785 18783 18782
18785 18782 18786
18782 18774 18786
18776 18786 18774
18787 18785 18786
18786 18776 18787
18785 18787 18788
18785 18789 18783
18789 18784 18783
18789 18785 18790
18788 18790 18785
18790 18791 18789
18791 18790 18792
18793 18792 18790
18790 18788 18793
18792 18793 18794
18795 18789 18791
18789 18795 18796
18784 18789 18796
18794 18797 18792
18797 18794 18798
18792 18799 18791
18799 18792 18797
18799 18795 18791
18795 18799 18800
18800 18797 18798
18797 18800 18799
18801 18802 18803
18802 18801 18804
18805 18803 18802
18803 18805 18806
18807 18804 18801
18804 18807 18808
18809 18810 18811
18810 18809 18812
18810 18813 18811
18813 18810 18814
18814 18815 18813
18815 18814 18816
18813 18817 18811
18817 18813 18818
18818 18813 18815
18815 18819 18818
18819 18815 18820
18821 18818 18819
18818 18821 18817
18821 18822 18817
18822 18811 18817
18811 18822 18809
18822 18821 18823
18824 18809 18822
18822 18825 18824
18825 18822 18826
18809 18824 18827
18828 18809 18827
18809 18828 18829
18824 18778 18827
18778 18828 18827
18778 18824 18775
18830 18775 18824
18775 18830 18773
18828 18778 18780
18831 18832 18833
18832 18831 18834
18835 18832 18834
18832 18835 18836
18837 18836 18835
18836 18837 18838
18839 18838 18837
18838 18839 18840
18839 18841 18840
18833 18842 18831
18842 18833 18843
18712 18723 18726
18726 18713 18712
18713 18726 18729
18844 18845 18846
18846 18845 18847
18846 18848 18844
18846 18849 18848
18847 18850 18846
18850 18851 18846
18852 18849 18846
18851 18852 18846
18853 18854 18855
18854 18853 18856
18857 18853 18855
18853 18857 18858
18856 18859 18854
18859 18856 18860
18860 18861 18859
18861 18860 18862
18854 18863 18855
18855 18863 18857
18861 18863 18859
18859 18863 18854
18857 18864 18858
18864 18857 18865
18865 18857 18863
18866 18864 18865
18866 18865 18863
18864 18866 18867
18868 18861 18862
18861 18868 18869
18867 18869 18868
18869 18867 18866
18861 18869 18863
18869 18866 18863
18870 18871 18872
18871 18873 18872
18871 18870 18874
18871 18874 18875
18873 18871 18876
18876 18871 18877
18878 18871 18875
18877 18871 18878
18879 18880 18881
18880 18879 18882
18880 18883 18881
18883 18880 18884
18885 18882 18879
18882 18885 18886
18887 18886 18885
18886 18887 18888
18879 18881 18889
18881 18883 18889
18887 18885 18889
18885 18879 18889
18890 18883 18884
18883 18890 18891
18891 18889 18883
18890 18892 18891
18892 18889 18891
18892 18890 18893
18887 18894 18888
18894 18887 18895
18895 18893 18894
18893 18895 18892
18887 18889 18895
18895 18889 18892
18896 18897 18898
18899 18897 18896
18897 18899 18900
18901 18899 18896
18899 18901 18902
18903 18902 18901
18902 18903 18904
18905 18903 18901
18896 18905 18901
18905 18896 18898
18903 18905 18906
18906 18904 18903
18905 18907 18906
18905 18908 18907
18909 18908 18905
18908 18909 18910
18911 18910 18909
18910 18911 18912
18912 18908 18910
18909 18913 18911
18913 18909 18914
18905 18914 18909
18914 18905 18898
18915 18914 18898
18915 18913 18914
18898 18916 18915
18916 18898 18917
18918 18915 18916
18915 18918 18919
18913 18915 18919
18898 18920 18917
18920 18898 18897
18921 18907 18908
18908 18912 18921
18907 18921 18922
18922 18906 18907
18906 18922 18923
18904 18906 18923
18900 18920 18897
18920 18900 18924
18925 18916 18917
18920 18925 18917
18916 18925 18926
18926 18925 18927
18928 18927 18925
18927 18928 18929
18930 18929 18928
18928 18931 18930
18928 18932 18931
18928 18933 18932
18933 18928 18934
18935 18933 18934
18933 18935 18936
18936 18932 18933
18934 18937 18935
18937 18934 18938
18928 18938 18934
18938 18928 18925
18938 18925 18939
18939 18937 18938
18937 18939 18940
18929 18930 18941
18941 18942 18929
18942 18941 18943
18930 18943 18941
18944 18929 18942
18929 18944 18927
18944 18926 18927
18926 18944 18945
18918 18926 18945
18926 18918 18916
18920 18940 18939
18925 18920 18939
18940 18920 18924
18943 18930 18946
18931 18946 18930
18946 18931 18947
18932 18947 18931
18947 18932 18948
18932 18936 18948
18949 18950 18951
18950 18949 18952
18952 18953 18950
18953 18952 18954
18955 18956 18957
18956 18955 18958
18959 18960 18961
18960 18959 18962
18963 18962 18959
18962 18963 18964
18965 18964 18963
18964 18965 18966
18965 18967 18966
18967 18965 18968
18968 18969 18967
18969 18968 18970
18970 18971 18969
18971 18970 18972
18973 18971 18972
18971 18973 18974
18975 18974 18973
18974 18975 18976
18977 18976 18975
18976 18977 18978
18979 18980 18981
18980 18979 18982
18983 18982 18979
18982 18983 18984
18985 18986 18987
18986 18985 18988
18989 18990 18991
18990 18989 18992
18992 18993 18990
18993 18992 18994
18994 18995 18993
18995 18994 18996
18997 18995 18996
18995 18997 18998
18999 18998 18997
18998 18999 19000
19001 19000 18999
19000 19001 19002
19001 19003 19002
19003 19001 19004
19004 19005 19003
19005 19004 19006
19006 19007 19005
19007 19006 19008
19009 19010 19011
19009 19012 19010
19012 19013 19010
19013 19014 19010
19010 19015 19011
19010 19016 19015
19016 19010 19017
19017 19010 19018
19019 19010 19014
19020 19010 19019
19020 19021 19010
19010 19021 19022
19010 19023 19018
19023 19010 19024
19010 19025 19024
19025 19010 19022
19026 19027 19028
19027 19026 19029
19028 19030 19026
19030 19028 19031
19031 19032 19030
19032 19031 19033
19034 19032 19033
19032 19034 19035
19029 19036 19027
19036 19029 19037
19037 19038 19036
19038 19037 19039
19039 19040 19038
19040 19039 19041
19041 19042 19040
19042 19041 19043
19044 19035 19034
19035 19044 19045
19046 19045 19044
19045 19046 19047
19048 19047 19046
19047 19048 19049
19050 19049 19048
19049 19050 19051
19043 19052 19042
19052 19043 19053
19054 19052 19053
19052 19054 19055
19056 19055 19054
19055 19056 19057
19051 19057 19056
19057 19051 19050
19058 19059 19060
19060 19059 19061
19061 19059 19062
19062 19059 19063
19064 19059 19058
19065 19059 19064
19066 19059 19065
19067 19059 19066
19067 19068 19059
19069 19063 19059
19070 19069 19059
19071 19070 19059
19072 19071 19059
19068 19073 19059
19073 19074 19059
19074 19072 19059
19075 19076 19077
19077 19078 19075
19075 19078 19079
19080 19075 19079
19081 19075 19080
19081 19082 19075
19083 19075 19082
19084 19075 19083
19075 19084 19085
19085 19086 19075
19086 19087 19075
19075 19087 19076
19088 19089 19090
19089 19088 19091
19091 19092 19089
19092 19091 19093
19093 19094 19092
19094 19093 19095
19096 19094 19095
19094 19096 19097
19098 19097 19096
19097 19098 19099
19100 19099 19098
19099 19100 19101
19102 19101 19100
19101 19102 19103
19104 19103 19102
19103 19104 19105
19106 19105 19104
19105 19106 19107
19106 19108 19107
19108 19106 19109
19109 19110 19108
19110 19109 19111
19111 19090 19110
19090 19111 19088
19098 19112 19100
19100 19112 19102
19102 19112 19104
19104 19112 19106
19106 19112 19109
19109 19112 19111
19111 19112 19088
19088 19112 19091
19091 19112 19093
19093 19112 19095
19095 19112 19096
19096 19112 19098
19113 19114 19115
19114 19113 19116
19113 19115 19117
19116 19118 19114
19118 19116 19119
19119 19120 19118
19120 19119 19121
19113 19117 19122
19123 19113 19122
19113 19123 19124
19125 19124 19123
19124 19125 19126
19127 19126 19125
19126 19127 19128
19129 19128 19127
19128 19129 19130
19121 19131 19120
19131 19121 19132
19132 19133 19131
19133 19132 19134
19135 19133 19134
19133 19135 19136
19135 19137 19136
19138 19136 19137
19136 19138 19139
19129 19140 19130
19140 19129 19141
19141 19142 19140
19142 19141 19143
19143 19144 19142
19144 19143 19145
19145 19146 19144
19146 19145 19147
19146 19147 19148
19146 19148 19149
19150 19146 19149
19146 19150 19151
19152 19151 19150
19151 19152 19153
19154 19153 19152
19153 19154 19155
19156 19155 19154
19155 19156 19157
19158 19157 19156
19157 19158 19159
19158 19160 19159
19160 19158 19161
19160 19161 19162
19161 19163 19162
19163 19161 19164
19164 19165 19163
19165 19164 19166
19139 19165 19166
19165 19139 19138
19167 19168 19169
19168 19167 19170
19171 19169 19168
19172 19170 19167
19170 19172 19173
19174 19173 19172
19173 19174 19175
19176 19171 19168
19168 19177 19176
19177 19168 19178
19178 19179 19177
19179 19178 19180
19180 19181 19179
19181 19180 19182
19182 19183 19181
19183 19182 19184
19185 19175 19174
19175 19185 19186
19187 19186 19185
19186 19187 19188
19187 19189 19188
19189 19187 19190
19190 19191 19189
19190 19192 19191
19192 19190 19193
19194 19183 19184
19183 19194 19195
19196 19195 19194
19195 19196 19197
19198 19197 19196
19197 19198 19199
19200 19199 19198
19199 19200 19201
19202 19201 19200
19203 19202 19200
19200 19204 19203
19204 19200 19205
19205 19206 19204
19206 19205 19207
19207 19208 19206
19208 19207 19209
19209 19210 19208
19210 19209 19211
19211 19212 19210
19212 19211 19213
19214 19212 19213
19212 19214 19215
19216 19215 19214
19217 19215 19216
19215 19217 19218
19219 19218 19217
19218 19219 19220
19219 19193 19220
19193 19219 19192
19221 19222 19223
19222 19221 19224
19224 19225 19222
19225 19224 19226
19227 19221 19223
19221 19227 19228
19229 19230 19231
19230 19229 19232
19233 19231 19230
19231 19233 19234
19233 19235 19234
19235 19233 19236
19237 19235 19236
19235 19237 19238
19237 19239 19238
19239 19237 19240
19241 19239 19240
19239 19241 19242
19243 19242 19241
19242 19243 19244
19245 19244 19243
19244 19245 19246
19247 19246 19245
19246 19247 19248
19247 19249 19248
19249 19247 19250
19250 19251 19249
19251 19250 19252
19252 19253 19251
19253 19252 19254
19255 19253 19254
19253 19255 19256
19257 19256 19255
19256 19257 19258
19259 19258 19257
19258 19259 19260
19259 19261 19260
19261 19259 19262
19262 19263 19261
19263 19262 19264
19264 19265 19263
19265 19264 19266
19267 19268 19269
19268 19267 19270
19269 19271 19267
19271 19269 19272
19273 19271 19272
19271 19273 19274
19275 19268 19270
19268 19275 19276
19275 19277 19276
19277 19275 19278
19279 19277 19278
19277 19279 19280
19279 19281 19280
19281 19279 19282
19282 19283 19281
19283 19282 19284
19285 19286 19287
19286 19285 19288
19289 19285 19287
19285 19289 19290
19289 19291 19290
19291 19289 19292
19293 19286 19288
19286 19293 19294
19293 19295 19294
19295 19293 19296
19297 19295 19296
19295 19297 19298
19299 19298 19297
19298 19299 19300
19301 19300 19299
19300 19301 19302
19303 19304 19305
19304 19303 19306
19307 19303 19305
19303 19307 19308
19309 19308 19307
19308 19309 19310
19309 19311 19310
19311 19309 19312
19313 19314 19315
19314 19313 19316
19316 19317 19314
19317 19316 19318
19319 19317 19318
19317 19319 19320
19321 19320 19319
19320 19321 19322
19323 19324 19325
19324 19323 19326
19327 19328 19329
19328 19327 19330
19331 19327 19329
19327 19331 19332
19333 19328 19330
19328 19333 19334
19335 19336 19337
19336 19335 19338
19335 19339 19338
19339 19335 19340
19341 19339 19340
19339 19341 19342
19341 19343 19342
19343 19341 19344
19345 19346 19347
19346 19345 19348
19349 19350 19351
19350 19349 19352
19349 19353 19352
19354 19351 19350
19351 19354 19355
19356 19355 19354
19355 19356 19357
19349 19358 19353
19349 19359 19358
19359 19349 19360
19360 19361 19359
19361 19360 19362
19362 19363 19361
19363 19362 19364
19364 19365 19363
19365 19364 19366
19367 19357 19356
19357 19367 19368
19369 19368 19367
19368 19369 19370
19369 19371 19370
19371 19369 19372
19371 19372 19373
19372 19374 19373
19374 19372 19375
19376 19365 19366
19365 19376 19377
19378 19377 19376
19377 19378 19379
19380 19379 19378
19379 19380 19381
19382 19381 19380
19381 19382 19383
19382 19384 19383
19382 19385 19384
19382 19386 19385
19386 19382 19387
19387 19388 19386
19388 19387 19389
19389 19390 19388
19390 19389 19391
19391 19392 19390
19392 19391 19393
19393 19394 19392
19394 19393 19395
19396 19394 19395
19394 19396 19397
19396 19398 19397
19399 19397 19398
19397 19399 19400
19401 19400 19399
19400 19401 19402
19401 19375 19402
19375 19401 19374
19403 19404 19405
19404 19403 19406
19407 19404 19406
19405 19408 19403
19408 19405 19409
19409 19410 19408
19410 19409 19411
19412 19404 19407
19413 19404 19412
19404 19413 19414
19415 19414 19413
19414 19415 19416
19417 19416 19415
19416 19417 19418
19419 19418 19417
19418 19419 19420
19411 19421 19410
19421 19411 19422
19422 19423 19421
19423 19422 19424
19425 19423 19424
19423 19425 19426
19426 19425 19427
19428 19426 19427
19426 19428 19429
19419 19430 19420
19430 19419 19431
19431 19432 19430
19432 19431 19433
19433 19434 19432
19434 19433 19435
19435 19436 19434
19436 19435 19437
19438 19436 19437
19439 19436 19438
19440 19436 19439
19436 19440 19441
19442 19441 19440
19441 19442 19443
19444 19443 19442
19443 19444 19445
19446 19445 19444
19445 19446 19447
19448 19447 19446
19447 19448 19449
19448 19450 19449
19450 19448 19451
19452 19450 19451
19451 19453 19452
19453 19451 19454
19454 19455 19453
19455 19454 19456
19429 19455 19456
19455 19429 19428
19457 19458 19459
19458 19457 19460
19461 19460 19457
19460 19461 19462
19458 19463 19459
19463 19458 19464
19465 19466 19467
19466 19465 19468
19468 19469 19466
19469 19468 19470
19471 19469 19470
19469 19471 19472
19471 19473 19472
19473 19471 19474
19475 19473 19474
19473 19475 19476
19475 19477 19476
19477 19475 19478
19478 19479 19477
19479 19478 19480
19480 19481 19479
19481 19480 19482
19482 19483 19481
19483 19482 19484
19485 19483 19484
19483 19485 19486
19487 19486 19485
19486 19487 19488
19489 19488 19487
19488 19489 19490
19489 19491 19490
19491 19489 19492
19492 19493 19491
19493 19492 19494
19494 19495 19493
19495 19494 19496
19497 19495 19496
19495 19497 19498
19499 19498 19497
19498 19499 19500
19501 19500 19499
19500 19501 19502
19503 19504 19505
19504 19503 19506
19507 19505 19504
19505 19507 19508
19507 19509 19508
19509 19507 19510
19503 19511 19506
19511 19503 19512
19513 19511 19512
19511 19513 19514
19513 19515 19514
19515 19513 19516
19517 19515 19516
19515 19517 19518
19519 19518 19517
19518 19519 19520
19521 19522 19523
19522 19521 19524
19522 19525 19523
19525 19522 19526
19527 19525 19526
19525 19527 19528
19521 19529 19524
19529 19521 19530
19531 19529 19530
19529 19531 19532
19531 19533 19532
19533 19531 19534
19534 19535 19533
19535 19534 19536
19536 19537 19535
19537 19536 19538
19539 19540 19541
19540 19539 19542
19540 19543 19541
19543 19540 19544
19544 19545 19543
19545 19544 19546
19547 19545 19546
19545 19547 19548
19549 19550 19551
19550 19549 19552
19553 19551 19550
19551 19553 19554
19553 19555 19554
19555 19553 19556
19556 19557 19555
19557 19556 19558
19559 19560 19561
19560 19559 19562
19563 19564 19565
19564 19563 19566
19564 19567 19565
19567 19564 19568
19563 19569 19566
19569 19563 19570
19571 19572 19573
19572 19571 19574
19575 19572 19574
19572 19575 19576
19575 19577 19576
19577 19575 19578
19579 19577 19578
19577 19579 19580
19581 19582 19583
19582 19581 19584
19585 19586 19587
19588 19586 19585
19589 19586 19588
19590 19586 19589
19591 19586 19590
19592 19586 19591
19593 19586 19592
19594 19586 19593
19595 19586 19594
19587 19586 19595
19596 19597 19598
19597 19596 19599
19596 19600 19599
19600 19596 19601
19601 19602 19600
19602 19601 19603
19603 19604 19602
19604 19603 19605
19605 19606 19604
19606 19605 19607
19608 19606 19607
19606 19608 19609
19608 19610 19609
19610 19608 19611
19611 19612 19610
19612 19611 19613
19613 19614 19612
19614 19613 19615
19615 19597 19614
19597 19615 19598
19603 19616 19605
19605 19616 19607
19607 19616 19608
19608 19616 19611
19611 19616 19613
19613 19616 19615
19615 19616 19598
19598 19616 19596
19596 19616 19601
19601 19616 19603
19617 19618 19619
19620 19618 19617
19621 19618 19620
19622 19618 19621
19623 19618 19622
19624 19618 19623
19625 19618 19624
19626 19618 19625
19627 19618 19626
19619 19618 19627
19628 19629 19630
19629 19628 19631
19628 19632 19631
19632 19628 19633
19633 19634 19632
19634 19633 19635
19635 19636 19634
19636 19635 19637
19637 19638 19636
19638 19637 19639
19640 19638 19639
19638 19640 19641
19640 19642 19641
19642 19640 19643
19643 19644 19642
19644 19643 19645
19645 19646 19644
19646 19645 19647
19647 19629 19646
19629 19647 19630
19635 19648 19637
19637 19648 19639
19639 19648 19640
19640 19648 19643
19643 19648 19645
19645 19648 19647
19647 19648 19630
19630 19648 19628
19628 19648 19633
19633 19648 19635
19649 19650 19651
19650 19649 19652
19652 19653 19650
19653 19652 19654
19654 19655 19653
19655 19654 19656
19657 19655 19656
19655 19657 19658
19655 19659 19653
19659 19655 19660
19658 19660 19655
19661 19653 19659
19653 19661 19650
19660 19658 19662
19658 19663 19662
19664 19650 19661
19650 19664 19651
19658 19665 19663
19658 19666 19665
19658 19657 19666
19667 19668 19669
19669 19670 19667
19670 19669 19671
19672 19670 19671
19669 19673 19671
19669 19674 19673
19674 19669 19675
19669 19676 19675
19677 19673 19674
19677 19678 19673
19679 19669 19668
19669 19679 19680
19669 19680 19676
19681 19672 19671
19681 19671 19682
19671 19683 19682
19671 19673 19683
19673 19684 19683
19673 19685 19684
19678 19685 19673
19686 19685 19678
19685 19686 19687
19687 19684 19685
19688 19687 19686
19687 19688 19689
19684 19687 19690
19689 19690 19687
19690 19683 19684
19690 19689 19691
19692 19689 19688
19689 19692 19693
19689 19693 19691
19694 19693 19692
19693 19694 19695
19691 19696 19690
19683 19690 19696
19696 19691 19697
19683 19698 19682
19697 19698 19696
19698 19683 19696
19698 19681 19682
19681 19698 19699
19698 19697 19700
19700 19699 19698
19701 19691 19693
19691 19701 19697
19701 19700 19697
19695 19701 19693
19700 19701 19702
19701 19695 19703
19704 19701 19703
19701 19704 19702
19703 19695 19705
19703 19706 19704
19706 19703 19705
19707 19705 19695
19705 19707 19708
19709 19704 19706
19706 19710 19709
19710 19706 19711
19706 19705 19711
19704 19709 19712
19704 19712 19713
19713 19702 19704
19702 19713 19714
19702 19715 19700
19715 19702 19714
19699 19700 19715
19705 19716 19711
19716 19705 19708
19695 19694 19707
19717 19718 19719
19720 19717 19719
19717 19720 19721
19722 19721 19720
19721 19722 19723
19724 19723 19722
19723 19724 19725
19719 19726 19720
19726 19719 19727
19720 19728 19722
19728 19720 19726
19722 19729 19724
19729 19722 19728
19729 19730 19724
19724 19731 19725
19718 19732 19719
19732 19727 19719
19730 19733 19724
19724 19733 19731
19734 19735 19736
19737 19735 19734
19735 19737 19738
19739 19738 19737
19738 19739 19740
19741 19740 19739
19740 19741 19742
19735 19743 19736
19744 19742 19741
19741 19745 19744
19745 19741 19746
19739 19746 19741
19747 19744 19745
19744 19747 19748
19749 19748 19747
19748 19749 19750
19749 19751 19750
19742 19744 19752
19744 19753 19752
19753 19744 19748
19748 19754 19753
19754 19748 19750
19751 19754 19750
19746 19739 19755
19737 19755 19739
19755 19737 19756
19734 19756 19737
19756 19734 19757
19736 19757 19734
19757 19736 19758
19759 19760 19761
19759 19762 19760
19763 19760 19762
19760 19763 19764
19764 19765 19760
19760 19765 19761
19762 19766 19763
19766 19762 19767
19767 19768 19766
19768 19767 19769
19769 19770 19768
19770 19769 19771
19771 19772 19770
19772 19771 19773
19772 19773 19774
19773 19775 19774
19773 19776 19775
19773 19777 19776
19777 19773 19771
19778 19775 19776
19775 19778 19779
19780 19776 19777
19776 19780 19778
19771 19781 19777
19781 19771 19769
19782 19777 19781
19777 19782 19780
19781 19783 19782
19783 19781 19784
19769 19784 19781
19784 19769 19767
19784 19785 19783
19785 19784 19786
19767 19786 19784
19786 19767 19762
19786 19787 19785
19787 19786 19759
19762 19759 19786
19788 19775 19779
19788 19774 19775
19789 19787 19759
19759 19761 19789
19790 19791 19792
19791 19790 19793
19794 19792 19791
19792 19794 19795
19796 19795 19794
19795 19796 19797
19796 19798 19797
19798 19796 19799
19800 19796 19794
19796 19800 19801
19801 19799 19796
19794 19802 19800
19802 19794 19791
19799 19801 19803
19799 19803 19804
19791 19805 19802
19805 19791 19793
19799 19804 19806
19799 19806 19807
19799 19807 19798
19808 19809 19810
19811 19809 19808
19809 19811 19812
19813 19812 19811
19809 19812 19814
19815 19809 19814
19809 19815 19816
19809 19816 19817
19812 19818 19814
19812 19819 19818
19820 19819 19812
19820 19812 19813
19821 19818 19819
19820 19821 19819
19818 19821 19822
19823 19815 19814
19823 19814 19824
19821 19820 19825
19821 19826 19822
19827 19822 19826
19822 19827 19828
19828 19818 19822
19829 19828 19827
19828 19829 19830
19831 19830 19829
19830 19831 19832
19833 19832 19824
19832 19833 19830
19834 19830 19833
19830 19834 19828
19829 19835 19831
19835 19829 19836
19829 19827 19836
19814 19834 19833
19824 19814 19833
19836 19837 19835
19837 19836 19838
19839 19827 19826
19827 19839 19836
19839 19838 19836
19840 19839 19826
19826 19821 19840
19839 19840 19841
19838 19839 19842
19843 19839 19841
19839 19843 19842
19842 19844 19838
19845 19842 19843
19842 19845 19844
19844 19846 19838
19838 19846 19837
19846 19844 19847
19843 19848 19845
19849 19845 19848
19845 19849 19850
19845 19850 19844
19848 19843 19851
19843 19852 19851
19841 19852 19843
19852 19841 19853
19854 19841 19840
19841 19854 19853
19825 19840 19821
19840 19825 19854
19855 19844 19850
19844 19855 19847
19809 19856 19857
19857 19810 19809
19809 19817 19856
19858 19859 19860
19858 19861 19859
19861 19858 19862
19862 19863 19861
19863 19862 19864
19864 19865 19863
19865 19864 19866
19867 19859 19861
19859 19867 19868
19869 19861 19863
19861 19869 19867
19863 19870 19869
19870 19863 19865
19870 19865 19871
19865 19866 19872
19860 19859 19873
19873 19859 19868
19871 19865 19874
19865 19872 19874
19818 19828 19834
19818 19834 19814
19875 19876 19877
19876 19878 19877
19878 19876 19879
19879 19880 19878
19880 19879 19881
19881 19882 19880
19882 19881 19883
19883 19884 19882
19884 19883 19885
19886 19884 19885
19884 19886 19887
19888 19887 19886
19887 19888 19889
19890 19889 19888
19876 19875 19891
19892 19877 19878
19877 19892 19893
19894 19878 19880
19878 19894 19892
19895 19880 19882
19880 19895 19894
19896 19882 19884
19882 19896 19895
19897 19884 19887
19884 19897 19896
19898 19887 19889
19887 19898 19897
19890 19898 19889
19893 19875 19877
19875 19893 19899
19900 19901 19902
19901 19903 19902
19904 19902 19903
19902 19904 19905
19906 19905 19904
19905 19906 19907
19908 19907 19906
19907 19908 19909
19910 19909 19908
19909 19910 19911
19912 19911 19910
19911 19912 19913
19912 19914 19913
19913 19914 19915
19913 19915 19916
19913 19917 19911
19917 19913 19916
19915 19918 19916
19918 19915 19919
19916 19920 19917
19920 19916 19918
19911 19921 19909
19921 19911 19917
19917 19922 19921
19922 19917 19920
19923 19921 19922
19921 19923 19924
19924 19909 19921
19909 19924 19907
19925 19924 19923
19924 19925 19926
19926 19907 19924
19907 19926 19905
19927 19926 19925
19926 19927 19928
19928 19905 19926
19905 19928 19902
19929 19928 19927
19928 19929 19900
19900 19902 19928
19930 19919 19915
19930 19915 19914
19931 19932 19933
19932 19931 19934
19935 19933 19932
19933 19935 19936
19931 19937 19934
19938 19934 19937
19939 19938 19937
19940 19939 19937
19937 19931 19941
19941 19940 19937
19940 19941 19942
19942 19943 19940
19943 19942 19944
19945 19941 19931
19946 19941 19945
19942 19941 19946
19947 19948 19949
19949 19948 19950
19951 19950 19948
19949 19952 19947
19953 19952 19949
19954 19953 19949
19949 19955 19954
19955 19949 19956
19951 19957 19950
19949 19950 19957
19957 19958 19949
19958 19956 19949
19957 19959 19958
19957 19951 19959
19958 19959 19960
19959 19961 19960
19962 19961 19959
19951 19962 19959
19951 19963 19962
19963 19951 19964
19965 19962 19963
19961 19962 19966
19966 19962 19965
19967 19965 19963
19963 19968 19967
19964 19968 19963
19968 19964 19969
19948 19969 19964
19961 19966 19970
19961 19970 19960
19970 19966 19971
19972 19960 19970
19960 19972 19958
19951 19948 19964
19973 19974 19975
19974 19973 19976
19974 19976 19977
19974 19977 19978
19978 19979 19974
19979 19980 19974
19974 19980 19981
19974 19981 19982
19974 19982 19975
19980 19983 19981
19981 19983 19984
19983 19985 19984
19984 19985 19986
19987 19984 19986
19986 19988 19987
19988 19989 19987
19989 19990 19987
19990 19991 19987
19981 19991 19982
19991 19981 19984
19987 19991 19984
19991 19990 19992
19991 19992 19975
19982 19991 19975
19990 19989 19993
19993 19994 19990
19994 19992 19990
19992 19994 19995
19975 19992 19995
19986 19996 19988
19986 19985 19996
19996 19997 19988
19998 19996 19985
19985 19983 19998
19999 20000 20001
20001 20000 20002
20003 20002 20000
20001 20004 19999
20001 20005 20004
20005 20006 20004
20007 20006 20005
20005 20001 20008
20009 20008 20001
20009 20002 20003
20002 20009 20001
20009 20003 20010
20010 20008 20009
20003 20011 20010
20010 20012 20008
20012 20010 20011
20011 20013 20012
20013 20011 20014
20011 20015 20014
20003 20015 20011
20014 20015 20016
20016 20015 20017
20017 20015 20003
20017 20003 20018
20019 20016 20017
20018 20019 20017
20020 20016 20019
20019 20018 20021
20000 20021 20018
20003 20000 20018
20022 20023 20024
20023 20022 20025
20023 20025 20026
20026 20025 20027
20028 20026 20027
20026 20029 20023
20023 20030 20024
20031 20030 20023
20029 20031 20023
20032 20030 20031
20030 20032 20024
20032 20033 20024
20024 20033 20034
20033 20035 20034
20035 20033 20036
20033 20032 20036
20032 20037 20036
20032 20038 20037
20039 20036 20037
20035 20036 20039
20038 20040 20037
20040 20039 20037
20041 20035 20039
20038 20042 20040
20042 20038 20043
20043 20044 20029
20044 20043 20038
20044 20031 20029
20032 20031 20044
20032 20044 20038
20045 20046 20047
20046 20045 20048
20046 20049 20047
20049 20046 20050
20051 20048 20045
20048 20051 20052
20053 20047 20049
20047 20053 20045
20053 20051 20045
20051 20053 20054
20055 20051 20054
20051 20055 20052
20056 20049 20050
20049 20056 20057
20057 20053 20049
20056 20058 20057
20053 20057 20058
20058 20056 20059
20059 20060 20058
20053 20060 20054
20060 20053 20058
20060 20055 20054
20060 20059 20061
20055 20060 20061
20062 20063 20064
20065 20064 20063
20064 20065 20066
20067 20068 20069
20070 20069 20068
20069 20070 20071
20072 20073 20074
20075 20074 20073
20073 20072 20076
20077 20078 20079
20080 20079 20078
20079 20080 20081
20082 20083 20084
20083 20082 20085
20086 20087 20088
20087 20086 20089
20090 20091 20092
20091 20090 20093
20094 20095 20096
20095 20094 20097
20098 20099 20100
20099 20098 20101
20102 20103 20104
20103 20102 20105
20106 20103 20105
20103 20106 20107
20108 20105 20102
20105 20108 20109
20105 20110 20106
20110 20105 20109
20111 20109 20108
20109 20111 20112
20113 20112 20111
20112 20113 20114
20113 20115 20114
20115 20113 20116
20116 20117 20115
20117 20116 20118
20118 20119 20117
20119 20118 20120
20120 20121 20119
20121 20120 20122
20122 20123 20121
20123 20122 20124
20125 20123 20124
20123 20125 20126
20127 20126 20125
20126 20127 20128
20129 20121 20123
20121 20129 20130
20131 20121 20130
20121 20131 20119
20132 20119 20131
20119 20132 20117
20133 20117 20132
20117 20133 20115
20134 20115 20133
20115 20134 20114
20135 20114 20134
20114 20135 20112
20136 20126 20128
20126 20136 20137
20137 20123 20126
20123 20137 20129
20132 20138 20133
20133 20138 20134
20131 20139 20132
20130 20139 20131
20132 20139 20138
20140 20134 20138
20134 20140 20135
20135 20140 20110
20139 20141 20138
20141 20140 20138
20137 20141 20129
20129 20141 20130
20141 20139 20130
20140 20141 20142
20137 20142 20141
20142 20137 20136
20143 20142 20136
20142 20144 20140
20144 20142 20145
20146 20145 20142
20142 20143 20146
20145 20146 20147
20148 20147 20146
20147 20148 20149
20150 20149 20148
20149 20150 20151
20150 20152 20151
20152 20150 20153
20153 20154 20152
20154 20153 20155
20155 20156 20154
20156 20155 20157
20158 20156 20157
20156 20158 20159
20160 20155 20153
20125 20160 20153
20160 20125 20124
20125 20153 20127
20153 20150 20127
20161 20160 20124
20161 20162 20160
20162 20155 20160
20162 20161 20163
20163 20164 20162
20157 20155 20164
20164 20155 20162
20165 20157 20164
20157 20165 20166
20167 20157 20166
20164 20163 20168
20165 20164 20168
20169 20157 20167
20158 20157 20169
20127 20170 20128
20128 20170 20143
20170 20171 20143
20127 20171 20170
20128 20143 20136
20143 20171 20146
20127 20150 20171
20171 20148 20146
20150 20148 20171
20109 20135 20110
20135 20109 20112
20110 20140 20106
20140 20107 20106
20107 20140 20144
20172 20173 20174
20173 20172 20175
20172 20176 20175
20176 20172 20177
20175 20178 20173
20178 20175 20179
20180 20175 20176
20175 20180 20179
20179 20181 20178
20181 20179 20182
20182 20183 20181
20183 20182 20184
20185 20183 20184
20183 20185 20186
20187 20186 20185
20186 20187 20188
20189 20188 20187
20188 20189 20190
20191 20190 20189
20190 20191 20192
20193 20192 20191
20192 20193 20194
20193 20195 20194
20195 20193 20196
20196 20197 20195
20197 20196 20198
20191 20199 20193
20199 20191 20200
20191 20201 20200
20201 20191 20189
20189 20202 20201
20202 20189 20187
20187 20203 20202
20196 20204 20198
20204 20196 20205
20205 20193 20199
20193 20205 20196
20202 20203 20206
20201 20202 20207
20200 20201 20207
20202 20206 20207
20199 20200 20208
20205 20199 20208
20207 20206 20208
20208 20200 20207
20203 20209 20206
20185 20209 20203
20203 20187 20185
20209 20185 20184
20184 20210 20209
20210 20184 20182
20211 20209 20210
20209 20211 20206
20211 20208 20206
20210 20180 20211
20208 20211 20212
20205 20212 20204
20212 20205 20208
20213 20204 20212
20214 20212 20211
20212 20214 20215
20215 20216 20212
20212 20216 20213
20216 20215 20217
20217 20218 20216
20218 20217 20219
20219 20220 20218
20220 20219 20221
20222 20220 20221
20220 20222 20223
20224 20223 20222
20223 20224 20225
20226 20225 20224
20225 20226 20227
20226 20228 20227
20228 20226 20229
20230 20223 20225
20230 20195 20223
20195 20230 20194
20195 20197 20223
20223 20197 20220
20231 20194 20230
20232 20231 20230
20232 20230 20225
20231 20232 20233
20234 20233 20232
20227 20234 20225
20234 20232 20225
20227 20235 20234
20235 20227 20236
20237 20236 20227
20233 20234 20238
20235 20238 20234
20239 20237 20227
20228 20239 20227
20197 20198 20240
20198 20213 20240
20240 20213 20241
20197 20240 20241
20198 20204 20213
20213 20216 20241
20197 20241 20220
20241 20216 20218
20220 20241 20218
20210 20179 20180
20179 20210 20182
20180 20176 20211
20177 20211 20176
20211 20177 20214
20242 20243 20244
20244 20243 20245
20243 20242 20246
20247 20243 20246
20242 20248 20246
20249 20248 20242
20250 20246 20248
20246 20250 20251
20251 20247 20246
20251 20252 20247
20253 20251 20250
20250 20254 20253
20255 20253 20254
20253 20255 20256
20257 20256 20255
20256 20257 20258
20259 20256 20258
20259 20258 20260
20256 20261 20253
20251 20253 20261
20261 20252 20251
20261 20256 20262
20262 20256 20259
20259 20263 20262
20263 20261 20262
20263 20252 20261
20263 20259 20264
20265 20264 20259
20265 20259 20260
20264 20265 20266
20266 20267 20264
20267 20266 20268
20269 20267 20268
20267 20269 20270
20269 20271 20270
20271 20272 20270
20272 20267 20270
20272 20271 20273
20271 20269 20274
20267 20272 20275
20264 20275 20263
20275 20264 20267
20275 20276 20263
20276 20252 20263
20252 20276 20277
20276 20278 20277
20278 20276 20279
20276 20275 20279
20272 20279 20275
20279 20280 20278
20280 20281 20278
20281 20277 20278
20281 20280 20282
20282 20283 20281
20283 20282 20284
20285 20284 20282
20284 20285 20286
20283 20287 20281
20277 20281 20287
20287 20252 20277
20287 20283 20288
20289 20282 20280
20282 20289 20285
20290 20289 20280
20280 20279 20290
20289 20290 20291
20292 20283 20284
20292 20284 20286
20283 20292 20245
20283 20245 20288
20247 20287 20288
20252 20287 20247
20245 20243 20288
20243 20247 20288
20293 20245 20292
20293 20292 20294
20295 20294 20292
20294 20295 20296
20295 20297 20296
20297 20295 20298
20294 20296 20299
20299 20293 20294
20293 20299 20300
20244 20293 20300
20244 20245 20293
20300 20301 20244
20301 20300 20302
20302 20303 20301
20303 20249 20301
20249 20303 20304
20303 20302 20305
20300 20306 20302
20299 20306 20300
20302 20306 20305
20307 20306 20299
20307 20296 20297
20296 20307 20299
20303 20308 20304
20308 20303 20309
20309 20310 20308
20311 20297 20298
20297 20311 20312
20312 20307 20297
20311 20313 20312
20313 20311 20314
20315 20303 20305
20303 20315 20309
20315 20305 20306
20316 20309 20315
20316 20315 20306
20309 20316 20317
20317 20310 20309
20310 20317 20318
20307 20319 20306
20313 20319 20312
20319 20316 20306
20307 20312 20319
20319 20320 20316
20320 20319 20313
20317 20316 20320
20320 20313 20314
20320 20314 20321
20317 20320 20321
20318 20317 20321
20318 20322 20310
20310 20322 20323
20322 20324 20323
20324 20322 20325
20322 20326 20325
20322 20318 20326
20325 20326 20327
20328 20323 20324
20323 20328 20329
20324 20254 20328
20254 20250 20328
20254 20324 20330
20325 20330 20324
20330 20255 20254
20255 20330 20331
20331 20257 20255
20257 20331 20332
20333 20332 20331
20334 20331 20330
20330 20325 20334
20334 20325 20327
20334 20327 20335
20333 20335 20336
20335 20333 20337
20331 20334 20337
20337 20333 20331
20334 20335 20337
20336 20338 20333
20338 20336 20339
20338 20340 20333
20340 20332 20333
20341 20339 20336
20339 20341 20342
20341 20343 20342
20343 20341 20344
20341 20345 20344
20345 20341 20346
20336 20346 20341
20346 20336 20335
20347 20346 20335
20327 20347 20335
20347 20327 20348
20349 20347 20348
20347 20349 20350
20346 20347 20350
20350 20345 20346
20351 20350 20349
20352 20351 20349
20348 20352 20349
20351 20352 20353
20354 20353 20352
20353 20354 20355
20356 20354 20352
20352 20348 20356
20327 20356 20348
20354 20356 20357
20350 20351 20358
20345 20350 20358
20354 20314 20355
20314 20354 20321
20354 20357 20321
20357 20318 20321
20318 20357 20326
20356 20327 20326
20357 20356 20326
20355 20359 20353
20359 20355 20360
20360 20355 20314
20361 20359 20360
20361 20360 20314
20359 20361 20362
20362 20363 20359
20363 20353 20359
20363 20362 20364
20365 20363 20364
20363 20365 20366
20358 20363 20366
20367 20365 20364
20365 20367 20368
20367 20369 20368
20370 20368 20369
20368 20370 20371
20369 20367 20372
20373 20372 20367
20373 20364 20362
20364 20373 20367
20372 20373 20374
20373 20375 20374
20375 20373 20376
20376 20362 20361
20362 20376 20373
20371 20377 20368
20365 20368 20377
20366 20365 20377
20377 20371 20378
20379 20371 20370
20371 20379 20380
20380 20378 20371
20378 20380 20381
20376 20298 20375
20298 20376 20311
20376 20361 20311
20361 20314 20311
20378 20345 20377
20345 20378 20344
20378 20343 20344
20343 20378 20381
20345 20366 20377
20345 20358 20366
20298 20382 20383
20384 20383 20382
20383 20384 20385
20384 20386 20385
20386 20384 20387
20387 20388 20386
20388 20387 20389
20387 20390 20389
20390 20387 20391
20384 20391 20387
20391 20384 20392
20382 20392 20384
20392 20382 20393
20393 20382 20295
20382 20298 20295
20292 20393 20295
20393 20285 20392
20285 20393 20286
20292 20286 20393
20392 20289 20391
20289 20392 20285
20289 20390 20391
20390 20289 20291
20273 20390 20291
20273 20389 20390
20272 20273 20291
20273 20394 20389
20394 20273 20271
20271 20395 20394
20396 20394 20395
20394 20396 20397
20395 20271 20274
20272 20291 20290
20279 20272 20290
20397 20389 20394
20389 20397 20388
20398 20399 20400
20399 20401 20400
20401 20402 20400
20403 20398 20400
20404 20403 20400
20405 20404 20400
20406 20400 20402
20407 20400 20406
20408 20400 20407
20409 20400 20408
20410 20400 20409
20400 20410 20411
20412 20405 20400
20413 20412 20400
20414 20400 20411
20415 20400 20414
20416 20258 20257
20258 20416 20260
20332 20416 20257
20416 20332 20340
20248 20304 20329
20304 20248 20249
20304 20323 20329
20323 20304 20308
20310 20323 20308
20328 20248 20329
20248 20328 20250
20301 20249 20242
20244 20301 20242
20353 20363 20351
20363 20358 20351
20417 20418 20419
20418 20417 20420
20421 20419 20418
20419 20421 20422
20421 20423 20422
20423 20421 20424
20425 20423 20424
20423 20425 20426
20425 20427 20426
20427 20425 20428
20429 20427 20428
20427 20429 20430
20431 20432 20433
20432 20431 20434
20433 20435 20431
20435 20433 20436
20437 20435 20436
20435 20437 20438
20437 20439 20438
20439 20437 20440
20441 20439 20440
20439 20441 20442
20441 20443 20442
20443 20441 20444
20445 20446 20447
20446 20445 20448
20446 20449 20447
20449 20446 20450
20450 20451 20449
20451 20450 20452
20453 20451 20452
20451 20453 20454
20455 20454 20453
20454 20455 20456
20455 20457 20456
20457 20455 20458
20459 20460 20461
20460 20459 20462
20463 20460 20462
20460 20463 20464
20465 20464 20463
20464 20465 20466
20465 20467 20466
20467 20465 20468
20468 20469 20467
20469 20468 20470
20471 20469 20470
20469 20471 20472
18101 20473 18102
13006 13021 13005
12707 20474 12708
12709 20474 12707
20475 20476 20477
20476 20478 20477
20478 20476 20479
20480 20478 20479
20480 20481 20478
20480 20482 20481
20480 20479 20482
20479 20483 20482
20484 20483 20479
20484 20479 20476
20485 20481 20482
20486 20481 20485
20487 20485 20482
20487 20486 20485
20483 20487 20482
20488 20489 20490
20489 20488 20491
20492 20491 20488
20491 20492 20493
20490 20494 20488
20494 20490 20495
20488 20496 20492
20496 20488 20494
20493 20497 20491
20497 20493 20498
20492 20499 20493
20499 20498 20493
20495 20500 20494
20500 20495 20501
20498 20499 20502
20503 20494 20500
20494 20503 20496
20492 20496 20504
20504 20499 20492
20499 20504 20505
20502 20499 20505
20496 20506 20504
20496 20503 20506
20498 20507 20497
20507 20498 20508
20502 20508 20498
20508 20502 20509
20503 20500 20510
20505 20504 20511
20502 20512 20509
20512 20502 20505
20513 20500 20501
20500 20513 20514
20510 20500 20514
20515 20506 20503
20503 20510 20515
20506 20515 20516
20504 20517 20511
20517 20504 20506
20506 20516 20517
20505 20518 20512
20518 20505 20511
20511 20519 20518
20519 20511 20517
20520 20516 20515
20516 20520 20521
20522 20516 20521
20516 20522 20517
20522 20519 20517
20515 20523 20520
20523 20515 20510
20510 20524 20523
20524 20510 20514
20525 20514 20513
20519 20522 20526
20514 20527 20524
20527 20514 20525
20528 20525 20513
20513 20529 20528
20522 20530 20526
20530 20522 20521
20520 20531 20521
20531 20530 20521
20520 20532 20531
20532 20520 20523
20533 20523 20524
20533 20532 20523
20530 20531 20534
20532 20534 20531
20532 20533 20535
20536 20533 20524
20537 20525 20528
20525 20537 20527
20528 20529 20538
20538 20537 20528
20539 20538 20529
20529 20495 20539
20490 20539 20495
20539 20490 20540
20489 20540 20490
20540 20489 20541
20495 20529 20501
20540 20541 20542
20539 20540 20542
20538 20539 20542
20541 20543 20542
20541 20544 20543
20544 20545 20543
20545 20544 20546
20543 20547 20542
20547 20543 20545
20537 20538 20548
20548 20549 20537
20549 20548 20550
20551 20550 20548
20550 20551 20552
20548 20553 20551
20553 20548 20538
20549 20554 20537
20554 20527 20537
20527 20554 20555
20524 20527 20555
20536 20524 20555
20556 20536 20555
20556 20557 20536
20536 20557 20558
20559 20536 20558
20559 20533 20536
20533 20559 20535
20559 20560 20535
20561 20535 20560
20535 20561 20532
20534 20532 20561
20560 20559 20562
20563 20562 20559
20559 20558 20563
20562 20563 20564
20563 20565 20564
20565 20563 20566
20567 20563 20558
20567 20566 20563
20566 20567 20568
20569 20534 20561
20534 20569 20570
20569 20571 20570
20571 20572 20570
20571 20573 20572
20573 20571 20574
20574 20575 20573
20575 20574 20576
20577 20575 20576
20576 20578 20577
20579 20577 20578
20578 20580 20579
20581 20579 20580
20579 20581 20582
20582 20583 20579
20577 20579 20583
20583 20582 20584
20580 20578 20585
20586 20584 20582
20584 20586 20587
20583 20584 20588
20587 20588 20584
20589 20585 20578
20578 20576 20589
20585 20589 20590
20588 20587 20591
20583 20592 20577
20588 20592 20583
20592 20588 20593
20591 20593 20588
20594 20581 20580
20581 20594 20595
20507 20587 20586
20587 20507 20508
20508 20591 20587
20591 20508 20509
20593 20596 20592
20591 20512 20593
20512 20591 20509
20589 20597 20590
20597 20589 20598
20599 20592 20596
20592 20599 20575
20577 20592 20575
20593 20518 20596
20518 20593 20512
20575 20599 20573
20596 20519 20599
20519 20596 20518
20600 20573 20599
20519 20600 20599
20573 20600 20572
20601 20597 20598
20600 20519 20526
20598 20602 20601
20602 20598 20603
20604 20603 20598
20604 20598 20589
20576 20604 20589
20576 20574 20604
20574 20605 20604
20603 20604 20605
20605 20574 20571
20600 20530 20572
20530 20600 20526
20571 20569 20605
20606 20603 20605
20569 20606 20605
20530 20570 20572
20570 20530 20534
20606 20569 20607
20608 20603 20606
20606 20609 20608
20609 20606 20607
20561 20607 20569
20607 20561 20560
20560 20609 20607
20609 20560 20562
20562 20610 20609
20610 20562 20564
20565 20610 20564
20610 20565 20611
20609 20610 20612
20609 20612 20608
20613 20612 20610
20611 20613 20610
20613 20611 20614
20612 20615 20608
20608 20615 20616
20608 20616 20617
20608 20617 20603
20603 20617 20602
20617 20618 20602
20618 20619 20602
20619 20601 20602
20601 20619 20620
20620 20597 20601
20621 20597 20620
20597 20621 20590
20621 20585 20590
20585 20621 20622
20622 20580 20585
20580 20622 20594
20622 20623 20594
20594 20623 20595
20595 20623 20624
20595 20624 20625
20626 20625 20624
20625 20626 20627
20628 20624 20623
20624 20628 20626
20629 20622 20621
20622 20629 20623
20620 20629 20621
20619 20629 20620
20629 20619 20630
20631 20630 20619
20630 20631 20632
20632 20633 20630
20633 20632 20634
20630 20635 20629
20635 20630 20633
20631 20619 20618
20636 20637 20595
20637 20636 20638
20636 20639 20638
20639 20586 20638
20586 20639 20507
20639 20497 20507
20497 20639 20640
20639 20641 20640
20641 20642 20640
20642 20641 20541
20641 20639 20643
20639 20636 20643
20644 20642 20541
20645 20497 20640
20497 20645 20646
20491 20497 20646
20647 20491 20646
20647 20648 20491
20640 20642 20649
20640 20649 20645
20489 20644 20541
20491 20650 20489
20489 20650 20644
20491 20648 20650
20651 20652 20653
20652 20651 20654
20654 20655 20652
20655 20654 20656
20656 20657 20655
20657 20656 20658
20656 20659 20658
20654 20659 20656
20659 20654 20651
20660 20652 20655
20652 20660 20661
20652 20662 20653
20662 20652 20661
20661 20663 20662
20663 20661 20664
20665 20663 20664
20664 20666 20665
20666 20667 20665
20668 20664 20661
20664 20668 20666
20668 20667 20666
20667 20668 20669
20668 20670 20669
20655 20671 20660
20671 20672 20660
20672 20671 20673
20673 20674 20672
20674 20673 20675
20676 20674 20675
20677 20674 20676
20678 20677 20676
20674 20679 20672
20679 20674 20677
20678 20679 20677
20679 20678 20680
20681 20672 20679
20680 20681 20679
20672 20681 20660
20681 20680 20682
20671 20655 20657
20683 20684 20685
20684 20686 20685
20686 20684 20687
20687 20688 20686
20688 20687 20689
20690 20688 20689
20688 20690 20691
20689 20692 20690
20692 20689 20693
20694 20693 20689
20693 20694 20695
20696 20695 20694
20691 20697 20688
20697 20698 20688
20698 20697 20699
20699 20700 20698
20700 20699 20701
20702 20700 20701
20529 20513 20501
20703 20704 20705
20704 20703 20706
20707 20704 20706
20704 20707 20708
20703 20709 20706
20709 20707 20706
20709 20703 20710
20705 20711 20703
20711 20705 20712
20713 20705 20704
20708 20713 20704
20705 20713 20714
20713 20708 20715
20716 20708 20707
20708 20716 20717
20707 20709 20718
20719 20720 20721
20720 20719 20722
20723 20721 20720
20721 20723 20724
20725 20724 20723
20724 20725 20726
20724 20726 20727
20721 20724 20727
20727 20719 20721
20720 20728 20723
20728 20720 20729
20730 20720 20722
20720 20730 20729
20731 20729 20730
20729 20731 20732
20733 20732 20731
20732 20733 20734
20734 20733 20735
20732 20736 20729
20736 20732 20734
20735 20736 20734
20736 20735 20737
20736 20737 20738
20723 20739 20725
20740 20739 20728
20739 20740 20741
20742 20741 20740
20741 20742 20743
20744 20743 20742
20745 20744 20742
20746 20744 20745
20742 20747 20745
20747 20742 20740
20747 20746 20745
20746 20747 20748
20740 20749 20747
20749 20748 20747
20749 20740 20728
20748 20749 20750
20739 20723 20728
20751 20752 20753
20754 20753 20752
20753 20754 20755
20756 20755 20754
20755 20756 20757
20756 20758 20757
20758 20756 20759
20760 20757 20758
20757 20760 20761
20761 20762 20757
20762 20761 20763
20764 20762 20763
20759 20756 20765
20766 20765 20756
20765 20766 20767
20768 20767 20766
20767 20768 20769
20770 20769 20768
20771 20772 20773
20773 20772 20774
20774 20775 20773
20776 20773 20775
20776 20775 20777
20777 20775 20778
20777 20778 20779
20775 20780 20778
20775 20774 20780
20780 20781 20778
20780 20774 20781
20782 20778 20781
20778 20782 20779
20783 20782 20781
20779 20782 20783
20784 20595 20637
20581 20595 20784
20581 20784 20785
20582 20581 20785
20582 20785 20786
20787 20582 20786
20787 20788 20582
20582 20788 20586
20789 20586 20788
20586 20789 20638
20638 20790 20637
20638 20789 20790
20791 20792 20793
20792 20794 20793
20794 20795 20793
20795 20794 20796
20797 20795 20796
20795 20797 20798
20799 20798 20797
20798 20799 20800
20801 20800 20799
20800 20801 20802
20801 20803 20802
20803 20804 20802
20803 20805 20804
20791 20806 20792
20806 20791 20807
20808 20809 20810
20809 20808 20811
20811 20812 20809
20812 20811 20813
20813 20814 20812
20814 20813 20815
20816 20808 20810
20808 20816 20817
20818 20817 20816
20817 20818 20819
20820 20819 20818
20819 20820 20821
20814 20815 20822
20822 20823 20814
20821 20820 20824
20824 20820 20825
20826 20827 20828
20828 20827 20829
20830 20826 20828
20826 20830 20831
20832 20831 20830
20831 20832 20833
20834 20833 20832
20833 20834 20835
20836 20835 20834
20835 20836 20837
20836 20838 20837
20838 20836 20839
20839 20840 20838
20840 20839 20841
20841 20842 20840
20842 20841 20843
20843 20844 20842
20844 20843 20845
20845 20846 20844
20847 20846 20845
20848 20849 20850
20851 20850 20849
20850 20851 20852
20851 20853 20852
20853 20851 20854
20854 20855 20853
20854 20856 20855
20856 20854 20857
20854 20858 20857
20858 20854 20859
20856 20857 20860
20856 20861 20855
20861 20856 20862
20863 20861 20862
20861 20863 20864
20865 20864 20863
20864 20865 20866
20866 20865 20867
20868 20860 20857
20860 20868 20869
20868 20870 20869
20870 20868 20871
20870 20871 20872
20873 20858 20859
20858 20873 20874
20873 20875 20874
20875 20873 20876
20877 20875 20876
20875 20877 20878
20878 20877 20879
20880 20881 20882
20881 20883 20882
20880 20882 20884
20880 20884 20885
20886 20885 20884
20885 20886 20887
20886 20888 20887
20888 20886 20889
20889 20890 20888
20890 20889 20891
20891 20892 20890
20892 20891 20893
20892 20893 20894
20893 20895 20894
20894 20895 20896
20897 20898 20899
20899 20898 20900
20897 20901 20898
20898 20901 20902
20898 20902 20903
20904 20900 20898
20905 20906 20907
20908 20909 20910
20910 20909 20911
20911 20912 20910
20912 20913 20910
20910 20913 20914
20915 20908 20910
20916 20917 20918
20919 20920 20921
20921 20920 20922
20921 20923 20919
20924 20923 20921
20925 20924 20921
20921 20926 20925
20927 20926 20921
20928 20927 20921
20929 20930 20931
20932 20933 20934
20932 20935 20933
20933 20935 20936
20936 20937 20933
20938 20933 20937
20938 20939 20933
20940 20941 20942
20943 20944 20945
20946 20947 20948
20949 20950 20951
20952 20953 20954
12961 12996 12963
12964 12982 12961
12972 12982 12964
20955 20956 20957
20956 20955 20958
20957 20959 20955
20959 20957 20960
20956 20961 20957
20961 20960 20957
20961 20956 20962
20963 20958 20955
20958 20963 20964
20965 20955 20959
20955 20965 20963
20960 20961 20966
20967 20966 20961
20966 20967 20968
20961 20962 20969
20969 20967 20961
20970 20968 20967
20967 20971 20970
20967 20969 20971
20968 20970 20972
20963 20973 20964
20973 20963 20974
20965 20974 20963
20974 20975 20973
20975 20974 20976
20977 20976 20974
20974 20965 20977
20976 20977 20978
20979 20975 20976
20978 20979 20976
20975 20979 20980
20979 20978 20981
20981 20982 20979
20982 20981 20983
20979 20984 20980
20982 20984 20979
20983 20985 20982
20982 20985 20986
20984 20982 20986
20985 20983 20987
20988 20989 20990
20989 20988 20991
20990 20992 20988
20992 20990 20993
20994 20989 20991
20989 20994 20995
20996 20990 20989
20990 20996 20997
20993 20998 20992
20998 20993 20999
21000 20989 20995
20989 21000 20996
21001 20990 20997
20990 21001 20993
21001 20999 20993
20999 21001 21002
21002 21003 20999
21003 21002 21004
21003 21004 21005
20999 21003 21006
21006 20998 20999
20994 21007 20995
21007 21000 20995
21007 20994 21008
21009 21007 21008
21007 21009 21010
21011 21010 21009
21010 21011 21012
21010 21013 21007
21000 21007 21013
21013 21010 21014
21015 21012 21011
21012 21015 21016
21010 21017 21014
21017 21010 21012
21016 21017 21012
21017 21016 21018
21019 21018 21016
21018 21019 21020
21019 21021 21020
21016 21022 21019
21022 21016 21015
21023 21024 21025
21024 21023 21026
21027 21023 21025
21023 21027 21028
21025 21029 21027
21029 21030 21027
21030 21029 21031
21031 21032 21030
21032 21033 21030
21033 21032 21034
21035 21034 21032
21034 21035 21036
21035 21037 21036
21037 21035 21038
21038 21039 21037
21039 21038 21040
21041 21038 21035
21041 21035 21032
21032 21031 21041
21038 21041 21042
21042 21040 21038
21040 21043 21039
21043 21040 21044
21040 21045 21044
21045 21040 21042
21044 21046 21043
21046 21044 21047
21047 21044 21045
21048 21047 21045
21047 21048 21049
21050 21047 21049
21047 21050 21046
21048 21051 21049
21051 21048 21052
21053 21049 21051
21049 21053 21050
21052 21054 21051
21054 21053 21051
21054 21052 21055
21053 21054 21056
21055 21057 21054
21057 21058 21054
21058 21056 21054
21058 21057 21059
21059 21060 21058
21061 21062 21063
21062 21061 21064
21061 21065 21064
21065 21061 21066
21063 21067 21061
21067 21066 21061
21067 21063 21068
21062 21069 21063
21068 21063 21069
21069 21062 21070
21071 21065 21066
21065 21071 21072
21073 21068 21069
21070 21073 21069
21068 21073 21074
21073 21070 21075
21066 21076 21071
21076 21066 21067
21074 21073 21077
21075 21077 21073
21077 21075 21078
21079 21071 21076
21071 21079 21080
21080 21081 21071
21081 21072 21071
21081 21080 21082
21077 21083 21074
21083 21077 21084
21080 21085 21082
21077 21086 21084
21086 21077 21078
21080 21087 21085
21087 21080 21079
21084 21088 21083
21088 21084 21089
21087 21089 21085
21089 21087 21088
21090 21084 21086
21084 21090 21089
21091 21089 21090
21089 21091 21085
21092 21030 21033
21030 21092 21027
21092 21028 21027
21029 21025 21093
21093 21025 21024
21094 21095 21096
21095 21094 21097
21098 21099 21100
21099 21098 21101
21101 21098 21102
21103 21102 21098
21102 21103 21104
21103 21105 21104
21105 21103 21106
21107 21105 21106
21108 21109 21110
21109 21108 21111
21112 21110 21109
21110 21112 21113
21114 21115 21116
21115 21114 21117
21118 21117 21114
21117 21118 21119
21120 21116 21115
21116 21120 21121
21122 21119 21118
21119 21122 21123
21124 21125 21126
21125 21124 21127
21125 21128 21126
21128 21125 21129
21128 21129 21130
21131 21126 21128
21132 21131 21128
21130 21132 21128
21131 21132 21133
21134 21133 21132
21135 21134 21132
21132 21130 21135
21134 21135 21136
21136 21137 21134
21137 21136 21138
21139 21137 21138
21137 21139 21140
21141 21140 21139
21140 21141 21142
21140 21143 21137
21143 21134 21137
21133 21134 21143
21143 21140 21144
21144 21140 21142
21145 21142 21141
21142 21145 21146
21142 21147 21144
21147 21142 21146
21148 21146 21145
21146 21148 21149
21149 21147 21146
21149 21150 21147
21150 21149 21151
21152 21149 21148
21149 21152 21151
21153 21150 21151
21150 21153 21154
21155 21151 21152
21151 21155 21153
21156 21154 21153
21155 21156 21153
21154 21156 21157
21156 21155 21158
21157 21156 21159
21160 21159 21156
21160 21156 21158
21159 21160 21161
21161 21160 21162
21163 21164 21165
21164 21163 21166
21167 21163 21165
21163 21167 21168
21169 21166 21163
21169 21163 21168
21166 21169 21170
21171 21164 21166
21170 21171 21166
21164 21171 21172
21167 21173 21168
21173 21167 21174
21170 21175 21171
21175 21172 21171
21175 21170 21176
21172 21175 21177
21178 21168 21173
21168 21178 21169
21176 21179 21175
21179 21177 21175
21177 21179 21180
21173 21181 21178
21181 21173 21182
21183 21182 21173
21183 21173 21174
21182 21183 21184
21185 21179 21176
21179 21185 21186
21182 21184 21187
21179 21188 21180
21188 21179 21186
21182 21189 21181
21189 21182 21187
21190 21186 21185
21186 21190 21191
21191 21189 21187
21189 21191 21190
21192 21186 21191
21186 21192 21188
21191 21193 21192
21193 21191 21187
21126 21131 21194
21194 21124 21126
21195 21196 21197
21196 21195 21198
21199 21200 21201
21200 21199 21202
21202 21203 21200
21203 21204 21200
21204 21203 21205
21206 21204 21205
21204 21206 21207
21208 21207 21206
21209 21210 21211
21212 21211 21210
21211 21212 21213
21212 21214 21213
21212 21215 21214
21216 21212 21210
21212 21216 21217
21210 21218 21216
21219 21220 21217
21221 21220 21219
21222 21223 21224
21222 21225 21223
21225 21222 21226
21225 21226 21227
21225 21227 21228
21225 21229 21223
21223 21229 21230
21229 21225 21231
21231 21232 21233
21232 21234 21235
21234 21232 21236
21237 21232 21235
21232 21237 21238
21233 21239 21240
21241 21242 21243
21242 21241 21244
21242 21245 21243
21245 21242 21246
21247 21248 21249
21248 21247 21250
21249 21251 21247
21251 21249 21252
21253 21248 21250
21248 21253 21254
21255 21256 21252
21256 21255 21257
21258 21257 21255
21257 21258 21259
21258 21260 21259
21260 21258 21261
21262 21263 21254
21263 21262 21264
21264 21265 21263
21265 21264 21266
21267 21265 21266
21265 21267 21268
21269 21270 21268
21270 21269 21271
21272 21270 21271
21270 21272 21273
21273 21274 21261
21274 21273 21272
21275 21276 21277
21276 21275 21278
21279 21278 21275
21278 21279 21280
21276 21281 21277
21281 21276 21282
21283 21284 21280
21284 21283 21285
21285 21286 21284
21286 21285 21287
21288 21286 21287
21286 21288 21289
21290 21291 21282
21291 21290 21292
21293 21292 21290
21292 21293 21294
21293 21295 21294
21295 21293 21296
21297 21298 21296
21298 21297 21299
21297 21300 21299
21300 21297 21301
21302 21301 21289
21301 21302 21300
21303 21304 21305
21304 21303 21306
21307 21308 21309
21308 21307 21310
21311 21312 21313
21312 21311 21314
21315 21316 21317
21316 21315 21318
21319 21320 21321
21320 21319 21322
21323 21324 21325
21324 21323 21326
21327 21328 21329
21328 21327 21330
21331 21332 21333
21332 21331 21334
21335 21336 21337
21336 21335 21338
21339 21337 21336
21337 21339 21340
21341 21342 21343
21342 21341 21344
21345 21343 21342
21343 21345 21346
21347 21348 21349
21348 21347 21350
21351 21349 21348
21349 21351 21352
21353 21354 21355
21354 21353 21356
21357 21355 21354
21355 21357 21358
21359 21360 21361
21360 21359 21362
21363 21364 21365
21364 21363 21366
21367 21368 21369
21368 21367 21370
21371 21372 21373
21372 21371 21374
21375 21376 21377
21376 21375 21378
21379 21380 21381
21380 21379 21382
21383 21384 21385
21384 21383 21386
21387 21388 21389
21388 21387 21390
21391 21392 21393
21392 21391 21394
21391 21395 21394
21395 21391 21396
21397 21398 21399
21398 21397 21400
21401 21402 21403
21402 21401 21404
21405 21406 21407
21406 21405 21408
21409 21410 21411
21410 21409 21412
21409 21413 21412
21413 21409 21414
21415 21416 21417
21416 21415 21418
21419 21420 21421
21420 21419 21422
21423 21424 21425
21426 21427 21428
21427 21426 21429
21430 21431 21432
21431 21430 21433
21434 21435 21436
21435 21434 21437
21438 21439 21440
21439 21438 21441
21442 21443 21444
21445 21446 21447
21446 21445 21448
21449 21450 21451
21452 21451 21450
21451 21452 21453
21453 21452 21454
21455 21456 21457
21456 21455 21458
21459 21460 21461
21460 21459 21462
21463 21464 21465
21464 21463 21466
21467 21468 21469
21468 21467 21470
21471 21472 21473
21472 21474 21473
21474 21472 21475
21476 21474 21475
21477 21478 21479
21478 21480 21479
21480 21478 21481
21480 21481 21482
21483 21484 21485
21484 21486 21485
21486 21484 21487
21486 21487 21488
21489 21490 21491
21490 21492 21491
21492 21490 21493
21492 21493 21494
21495 21496 21497
21498 21496 21495
21496 21498 21499
21499 21498 21500
21501 21502 21503
21501 21504 21502
21504 21501 21505
21504 21505 21506
21507 21508 21509
21510 21508 21507
21508 21510 21511
21511 21510 21512
21513 21514 21515
21514 21513 21516
21517 21518 21519
21518 21517 21520
21521 21522 21523
21522 21521 21524
21525 21526 21527
21526 21525 21528
21529 21530 21531
21530 21529 21532
21533 21534 21535
21534 21533 21536
21537 21538 21539
21538 21537 21540
21541 21542 21543
21542 21541 21544
21545 21546 21547
21546 21545 21548
21549 21550 21551
21550 21549 21552
21553 21554 21555
21554 21553 21556
21557 21558 21559
21558 21557 21560
21561 21562 21563
21562 21561 21564
21565 21566 21567
21566 21565 21568
21569 21570 21571
21570 21569 21572
21573 21574 21575
21574 21573 21576
21577 21578 21579
21578 21577 21580
21581 21582 21583
21582 21581 21584
21585 21586 21587
21586 21585 21588
21589 21590 21591
21590 21589 21592
21593 21594 21595
21594 21593 21596
21597 21598 21599
21598 21597 21600
21601 21602 21603
21602 21601 21604
21605 21606 21607
21606 21605 21608
21609 21610 21611
21610 21609 21612
21613 21614 21615
21614 21613 21616
21617 21618 21619
21618 21617 21620
21621 21622 21623
21622 21621 21624
21625 21626 21627
21626 21625 21628
21629 21626 21628
21625 21629 21628
21626 21629 21630
21630 21627 21626
21627 21630 21631
21631 21625 21627
21625 21631 21632
21629 21625 21632
21633 21630 21629
21632 21633 21629
21630 21633 21634
21634 21631 21630
21635 21634 21633
21633 21632 21635
21634 21635 21636
21631 21634 21636
21636 21632 21631
21632 21636 21635
21637 21638 21639
21638 21637 21640
21637 21641 21640
21641 21637 21642
21643 21644 21645
21644 21643 21646
21647 21648 21649
21648 21647 21650
21651 21652 21653
21652 21651 21654
21655 21656 21657
21656 21655 21658
21655 21659 21658
21659 21655 21660
21661 21662 21663
21662 21661 21664
21665 21666 21667
21666 21665 21668
21669 21670 21671
21672 21673 21674
21673 21672 21675
21676 21677 21678
21677 21676 21679
21680 21681 21682
21681 21680 21683
21684 21685 21686
21685 21684 21687
21688 21689 21690
21691 21692 21693
21692 21691 21694
21695 21696 21697
21696 21695 21698
21695 21699 21698
21699 21695 21700
21701 21702 21703
21702 21701 21704
21705 21706 21707
21706 21705 21708
21709 21710 21711
21710 21709 21712
21713 21714 21715
21714 21713 21716
21713 21717 21716
21717 21713 21718
21719 21720 21721
21720 21719 21722
21723 21724 21725
21724 21723 21726
21727 21728 21729
21730 21731 21732
21731 21730 21733
21734 21735 21736
21735 21734 21737
21738 21739 21740
21739 21738 21741
21742 21743 21744
21743 21742 21745
21746 21747 21748
21749 21750 21751
21750 21749 21752
21753 21754 21755
21754 21753 21756
21753 21757 21756
21757 21753 21758
21759 21760 21761
21760 21759 21762
21763 21764 21765
21764 21763 21766
21767 21768 21769
21768 21767 21770
21771 21772 21773
21772 21771 21774
21771 21775 21774
21775 21771 21776
21777 21778 21779
21778 21777 21780
21781 21782 21783
21782 21781 21784
21785 21786 21787
21788 21789 21790
21789 21788 21791
21792 21793 21794
21793 21792 21795
21796 21797 21798
21797 21796 21799
21800 21801 21802
21801 21800 21803
21804 21805 21806
21807 21808 21809
21808 21807 21810
21811 21812 21813
21814 21811 21813
21815 21814 21813
21816 21815 21813
21817 21816 21813
21818 21817 21813
21819 21818 21813
21820 21819 21813
21821 21820 21813
21812 21821 21813
21822 21823 21824
21823 21822 21825
21826 21822 21824
21822 21826 21827
21828 21827 21826
21827 21828 21829
21830 21829 21828
21829 21830 21831
21832 21831 21830
21831 21832 21833
21832 21834 21833
21834 21832 21835
21836 21834 21835
21834 21836 21837
21838 21837 21836
21837 21838 21839
21840 21839 21838
21839 21840 21841
21823 21841 21840
21841 21823 21825
21833 21834 21842
21837 21839 21843
21843 21834 21837
21834 21843 21842
21842 21843 21844
21845 21842 21844
21845 21833 21842
21844 21846 21845
21847 21846 21844
21825 21822 21847
21822 21846 21847
21844 21843 21848
21848 21847 21844
21839 21841 21848
21848 21825 21847
21825 21848 21841
21843 21839 21848
21846 21822 21827
21827 21829 21846
21846 21829 21845
21829 21831 21845
21833 21845 21831
21849 21850 21851
21852 21850 21849
21853 21850 21852
21854 21850 21853
21855 21850 21854
21856 21850 21855
21857 21850 21856
21858 21850 21857
21859 21850 21858
21851 21850 21859
21860 21861 21862
21861 21860 21863
21860 21864 21863
21864 21860 21865
21865 21866 21864
21866 21865 21867
21867 21868 21866
21868 21867 21869
21869 21870 21868
21870 21869 21871
21872 21870 21871
21870 21872 21873
21872 21874 21873
21874 21872 21875
21875 21876 21874
21876 21875 21877
21877 21878 21876
21878 21877 21879
21879 21861 21878
21861 21879 21862
21871 21880 21872
21875 21881 21877
21881 21872 21880
21872 21881 21875
21880 21882 21881
21883 21882 21880
21871 21883 21880
21882 21883 21884
21885 21882 21884
21862 21885 21860
21884 21860 21885
21882 21886 21881
21886 21882 21885
21877 21886 21879
21862 21886 21885
21886 21862 21879
21881 21886 21877
21860 21884 21865
21865 21884 21867
21884 21883 21867
21867 21883 21869
21883 21871 21869
21887 14469 14467
14474 14469 21887
14478 14474 21887
17009 16985 16989
13787 13796 13801
15223 15234 15225
13074 13129 13073
13129 13074 13103
13045 13062 13050
13050 13062 13052
15163 15217 15161
15218 15217 15163
12063 12055 21888
18017 17999 18013
17999 18017 18001
18019 18001 18017
18001 18019 18003
18021 18003 18019
18003 18021 18005
18021 18007 18005
18025 18007 18022
18007 18025 18009
18025 18012 18009
16958 17040 16950
17043 17040 17051
18539 18530 18549
18557 18601 18555
18566 18555 18601
18557 18569 18601
18570 18566 18601
18569 18568 18617
18630 18568 18567
18531 18630 18567
17407 17392 17378
15412 15411 15438
15415 15412 15438
12471 12437 12445
12437 12471 12440
12440 12471 12472
21889 21890 21891
21890 21889 21892
21893 21889 21891
21889 21893 21894
21895 21896 21897
21898 21899 21900
21899 21898 21901
21902 21903 21904
21904 21903 21905
21906 21905 21903
21905 21906 21907
21906 21908 21907
21908 21906 21909
21909 21910 21908
21910 21909 21911
21911 21912 21910
21912 21911 21913
21912 21913 21914
21914 21913 21915
21914 21915 21916
21902 21904 21917
21917 21918 21902
21919 21920 21921
21920 21919 21922
21923 21921 21920
21921 21923 21924
21925 21924 21923
21924 21925 21926
21919 21927 21922
21927 21919 21928
21928 21929 21927
21929 21928 21930
21930 21931 21929
21931 21930 21932
21925 21933 21926
21933 21925 21934
21932 21935 21931
21935 21936 21931
21937 21938 21939
21938 21940 21939
21937 21941 21938
21941 21937 21942
21942 21943 21941
21943 21942 21944
21944 21945 21943
21945 21944 21946
21946 21947 21945
21947 21946 21948
21949 21947 21948
21947 21949 21950
21951 21950 21949
21950 21951 21952
21953 21952 21951
21952 21953 21954
21955 21954 21953
21954 21955 21956
21956 21955 21957
21958 21956 21957
21959 21960 21961
21960 21962 21961
21962 21960 21963
21964 21962 21963
21962 21964 21965
21965 21964 21966
21967 21965 21966
21965 21967 21968
21969 21965 21968
21965 21969 21970
21967 21971 21968
21972 21967 21966
21967 21972 21973
21972 21974 21973
21974 21972 21975
21975 21976 21974
21976 21975 21977
21977 21978 21976
21971 21979 21968
21979 21971 21980
21981 21979 21980
21979 21981 21982
21981 21983 21982
21969 21984 21970
21984 21969 21985
21986 21984 21985
21984 21986 21987
21986 21988 21987
21988 21986 21989
21989 21990 21988
21991 21992 21993
21993 21992 21994
21991 21995 21992
21991 21996 21995
21996 21997 21995
21997 21996 21998
21999 21997 21998
21997 21999 22000
22001 22000 21999
22000 22001 22002
22003 22002 22001
22002 22003 22004
22003 22005 22004
22004 22005 22006
22005 22007 22006
22008 22009 22010
22009 22011 22010
22008 22010 22012
22010 22013 22012
22010 22014 22013
22015 22010 22011
22016 22017 22018
22019 22020 22021
22020 22022 22021
22022 22020 22023
22023 22020 22024
22020 22025 22024
22026 22020 22019
22027 22028 22029
22030 22031 22032
22031 22033 22032
22031 22030 22034
22035 22031 22034
22036 22031 22035
22031 22036 22037
22038 22031 22037
22039 22031 22038
22040 22041 22042
22043 22044 22045
22043 22045 22046
22045 22047 22046
22047 22045 22048
22049 22048 22045
22049 22045 22050
22051 22052 22053
22054 22055 22056
22057 22058 22059
22060 22061 22062
22063 22064 22065
22066 22067 22068
22068 22067 22069
22069 22067 22070
22070 22067 22071
22071 22067 22072
22072 22067 22073
22073 22067 22074
22074 22067 22075
22075 22067 22076
22076 22067 22066
22068 22077 22066
22077 22068 22078
22068 22079 22078
22079 22068 22069
22069 22080 22079
22080 22069 22070
22070 22081 22080
22081 22070 22071
22072 22081 22071
22081 22072 22082
22073 22082 22072
22082 22073 22083
22073 22084 22083
22084 22073 22074
22074 22085 22084
22085 22074 22075
22075 22086 22085
22086 22075 22076
22086 22066 22077
22066 22086 22076
22087 22088 22089
22090 22088 22087
22091 22088 22090
22092 22088 22091
22093 22088 22092
22094 22088 22093
22095 22088 22094
22096 22088 22095
22097 22088 22096
22089 22088 22097
12671 12683 12661
17543 17548 17571
17527 17508 17507
17569 17528 17527
22098 22099 22100
22099 22101 22100
22099 22098 22102
22099 22102 22103
22101 22099 22104
22104 22099 22105
22106 22099 22103
22105 22099 22106
22107 22108 22109
22108 22107 22110
22108 22111 22109
22111 22108 22112
22113 22110 22107
22110 22113 22114
22115 22114 22113
22114 22115 22116
22107 22109 22117
22109 22111 22117
22115 22113 22117
22113 22107 22117
22118 22111 22112
22111 22118 22119
22119 22117 22111
22118 22120 22119
22120 22117 22119
22120 22118 22121
22115 22122 22116
22122 22115 22123
22123 22121 22122
22121 22123 22120
22115 22117 22123
22123 22117 22120
22124 22125 22126
22126 22125 22127
22126 22128 22124
22126 22129 22128
22127 22130 22126
22130 22131 22126
22132 22129 22126
22131 22132 22126
22133 22134 22135
22134 22133 22136
22137 22133 22135
22133 22137 22138
22136 22139 22134
22139 22136 22140
22140 22141 22139
22141 22140 22142
22134 22143 22135
22135 22143 22137
22141 22143 22139
22139 22143 22134
22137 22144 22138
22144 22137 22145
22145 22137 22143
22146 22144 22145
22146 22145 22143
22144 22146 22147
22148 22141 22142
22141 22148 22149
22147 22149 22148
22149 22147 22146
22141 22149 22143
22149 22146 22143
13815 13826 13811
15865 14961 14957
22150 14790 14778
14777 22150 14778
14777 14787 22150
14787 14790 22150
14768 14765 14752
14752 14765 14748
14765 14758 14748
14754 14768 14752
14755 14753 14801
14801 14753 14803
14753 14747 14803
14803 14747 14744
14784 14756 14755
14816 14744 14746
16017 16033 16015
16017 16031 16033
16019 16031 16017
16028 16031 16019
16015 16036 16016
17721 17748 17734
