stride: 84
first vertex: 0
vertex count: 820
topology: trianglelist
element[0]:
  SemanticName: POSITION
  SemanticIndex: 0
  Format: R32G32B32_FLOAT
  InputSlot: 0
  AlignedByteOffset: 0
  InputSlotClass: per-vertex
  InstanceDataStepRate: 0
element[1]:
  SemanticName: NORMAL
  SemanticIndex: 0
  Format: R32G32B32_FLOAT
  InputSlot: 0
  AlignedByteOffset: 12
  InputSlotClass: per-vertex
  InstanceDataStepRate: 0
element[2]:
  SemanticName: TANGENT
  SemanticIndex: 0
  Format: R32G32B32A32_FLOAT
  InputSlot: 0
  AlignedByteOffset: 24
  InputSlotClass: per-vertex
  InstanceDataStepRate: 0
element[3]:
  SemanticName: BLENDWEIGHT
  SemanticIndex: 0
  Format: R32G32B32A32_FLOAT
  InputSlot: 0
  AlignedByteOffset: 40
  InputSlotClass: per-vertex
  InstanceDataStepRate: 0
element[4]:
  SemanticName: BLENDINDICES
  SemanticIndex: 0
  Format: R32G32B32A32_SINT
  InputSlot: 0
  AlignedByteOffset: 56
  InputSlotClass: per-vertex
  InstanceDataStepRate: 0
element[5]:
  SemanticName: COLOR
  SemanticIndex: 0
  Format: R8G8B8A8_UNORM
  InputSlot: 0
  AlignedByteOffset: 72
  InputSlotClass: per-vertex
  InstanceDataStepRate: 0
element[6]:
  SemanticName: TEXCOORD
  SemanticIndex: 0
  Format: R32G32_FLOAT
  InputSlot: 0
  AlignedByteOffset: 76
  InputSlotClass: per-vertex
  InstanceDataStepRate: 0

vertex-data:

vb0[0]+000 POSITION: 0.009745263494551182, 1.3285503387451172, 0.11055269837379456
vb0[0]+012 NORMAL: -0.009331844747066498, -0.9995026588439941, 0.03012397699058056
vb0[0]+024 TANGENT: -0.15999329090118408, -0.9581394791603088, -0.2374255657196045, -1.0
vb0[0]+040 BLENDWEIGHT: 1.0, 0.0, 0.0, 0.0
vb0[0]+056 BLENDINDICES: 2, 0, 0, 0
vb0[0]+072 COLOR: 1.0, 0.0, 0.5019607843137255, 0.0
vb0[0]+076 TEXCOORD: 0.4615115225315094, 0.33180201053619385

vb0[1]+000 POSITION: 0.010119105689227581, 1.3294336795806885, 0.112153559923172
vb0[1]+012 NORMAL: 0.14398373663425446, -0.8163315057754517, 0.5593491792678833
vb0[1]+024 TANGENT: 0.1349589079618454, -0.8149037957191467, 0.5636646151542664, -1.0
vb0[1]+040 BLENDWEIGHT: 1.0, 0.0, 0.0, 0.0
vb0[1]+056 BLENDINDICES: 2, 0, 0, 0
vb0[1]+072 COLOR: 1.0, 0.5019607843137255, 0.5019607843137255, 0.0
vb0[1]+076 TEXCOORD: 0.4618864059448242, 0.33698770403862

vb0[2]+000 POSITION: 0.007170185446739197, 1.328566312789917, 0.11135135591030121
vb0[2]+012 NORMAL: 0.011663282290101051, -0.9971789121627808, 0.07414945214986801
vb0[2]+024 TANGENT: -0.05899238586425781, -0.9838088154792786, -0.16923440992832184, -1.0
vb0[2]+040 BLENDWEIGHT: 1.0, 0.0, 0.0, 0.0
vb0[2]+056 BLENDINDICES: 2, 0, 0, 0
vb0[2]+072 COLOR: 1.0, 0.0, 0.5019607843137255, 0.0
vb0[2]+076 TEXCOORD: 0.472136527299881, 0.3339099884033203

vb0[3]+000 POSITION: 0.007381610572338104, 1.329947590827942, 0.11353429406881332
vb0[3]+012 NORMAL: 0.1452750861644745, -0.8086237907409668, 0.5701076984405518
vb0[3]+024 TANGENT: 0.14774775505065918, -0.8149862885475159, 0.560328483581543, -1.0
vb0[3]+040 BLENDWEIGHT: 1.0, 0.0, 0.0, 0.0
vb0[3]+056 BLENDINDICES: 2, 0, 0, 0
vb0[3]+072 COLOR: 1.0, 0.5019607843137255, 0.5019607843137255, 0.0
vb0[3]+076 TEXCOORD: 0.47209450602531433, 0.3412277102470398

vb0[4]+000 POSITION: 0.012328660115599632, 1.3289756774902344, 0.11058981716632843
vb0[4]+012 NORMAL: 0.07084976136684418, -0.9113625884056091, 0.4054609537124634
vb0[4]+024 TANGENT: 0.062098681926727295, -0.8642827868461609, 0.49915823340415955, -1.0
vb0[4]+040 BLENDWEIGHT: 1.0, 0.0, 0.0, 0.0
vb0[4]+056 BLENDINDICES: 2, 0, 0, 0
vb0[4]+072 COLOR: 1.0, 0.5019607843137255, 0.5019607843137255, 0.0
vb0[4]+076 TEXCOORD: 0.4537785053253174, 0.33309024572372437

vb0[5]+000 POSITION: 0.011939942836761475, 1.3285398483276367, 0.10967094451189041
vb0[5]+012 NORMAL: -0.07738249003887177, -0.9902130961418152, -0.11614678055047989
vb0[5]+024 TANGENT: -0.2341064214706421, -0.9114741086959839, -0.33824434876441956, -1.0
vb0[5]+040 BLENDWEIGHT: 1.0, 0.0, 0.0, 0.0
vb0[5]+056 BLENDINDICES: 2, 0, 0, 0
vb0[5]+072 COLOR: 1.0, 0.0, 0.5019607843137255, 0.0
vb0[5]+076 TEXCOORD: 0.45357251167297363, 0.3299520015716553

vb0[6]+000 POSITION: 0.010780245997011662, 1.330712080001831, 0.11348232626914978
vb0[6]+012 NORMAL: 0.16666710376739502, -0.7450331449508667, 0.645869791507721
vb0[6]+024 TANGENT: 0.1378260850906372, -0.7745823860168457, 0.6172730326652527, -1.0
vb0[6]+040 BLENDWEIGHT: 1.0, 0.0, 0.0, 0.0
vb0[6]+056 BLENDINDICES: 2, 0, 0, 0
vb0[6]+072 COLOR: 1.0, 0.5019607843137255, 0.5019607843137255, 0.0
vb0[6]+076 TEXCOORD: 0.46142250299453735, 0.3435400128364563

vb0[7]+000 POSITION: 0.007708410266786814, 1.3316295146942139, 0.11563768237829208
vb0[7]+012 NORMAL: 0.21819379925727844, -0.7285550832748413, 0.64930659532547
vb0[7]+024 TANGENT: 0.2101925164461136, -0.7389114499092102, 0.6401789784431458, -1.0
vb0[7]+040 BLENDWEIGHT: 1.0, 0.0, 0.0, 0.0
vb0[7]+056 BLENDINDICES: 2, 0, 0, 0
vb0[7]+072 COLOR: 1.0, 0.5019607843137255, 0.5019607843137255, 0.0
vb0[7]+076 TEXCOORD: 0.47283750772476196, 0.34958499670028687

vb0[8]+000 POSITION: 0.011723967269062996, 1.332080364227295, 0.11472927033901215
vb0[8]+012 NORMAL: 0.3486696481704712, -0.47668787837028503, 0.8069685101509094
vb0[8]+024 TANGENT: 0.27456188201904297, -0.565882682800293, 0.7774268984794617, -1.0
vb0[8]+040 BLENDWEIGHT: 1.0, 0.0, 0.0, 0.0
vb0[8]+056 BLENDINDICES: 2, 0, 0, 0
vb0[8]+072 COLOR: 1.0, 0.5019607843137255, 0.5019607843137255, 0.0
vb0[8]+076 TEXCOORD: 0.4603175222873688, 0.3517630100250244

vb0[9]+000 POSITION: 0.008553649298846722, 1.3337184190750122, 0.11723288893699646
vb0[9]+012 NORMAL: 0.4082144498825073, -0.32349884510040283, 0.853644847869873
vb0[9]+024 TANGENT: 0.3499273657798767, -0.4322448670864105, 0.8310927152633667, -1.0
vb0[9]+040 BLENDWEIGHT: 1.0, 0.0, 0.0, 0.0
vb0[9]+056 BLENDINDICES: 2, 0, 0, 0
vb0[9]+072 COLOR: 1.0, 0.5019607843137255, 0.5019607843137255, 0.0
vb0[9]+076 TEXCOORD: 0.47193750739097595, 0.35934698581695557

vb0[10]+000 POSITION: 0.004175420384854078, 1.3321137428283691, 0.11752663552761078
vb0[10]+012 NORMAL: 0.20283304154872894, -0.7224852442741394, 0.6609642505645752
vb0[10]+024 TANGENT: 0.2017287164926529, -0.729123592376709, 0.6539756655693054, -1.0
vb0[10]+040 BLENDWEIGHT: 1.0, 0.0, 0.0, 0.0
vb0[10]+056 BLENDINDICES: 2, 0, 0, 0
vb0[10]+072 COLOR: 1.0, 0.5019607843137255, 0.5019607843137255, 0.0
vb0[10]+076 TEXCOORD: 0.4858415126800537, 0.3537279963493347

vb0[11]+000 POSITION: 0.004579705186188221, 1.3346941471099854, 0.11941482126712799
vb0[11]+012 NORMAL: 0.3233810365200043, -0.2301185131072998, 0.9178617000579834
vb0[11]+024 TANGENT: 0.30346396565437317, -0.3387407958507538, 0.8905976414680481, -1.0
vb0[11]+040 BLENDWEIGHT: 1.0, 0.0, 0.0, 0.0
vb0[11]+056 BLENDINDICES: 2, 0, 0, 0
vb0[11]+072 COLOR: 1.0, 0.5019607843137255, 0.5019607843137255, 0.0
vb0[11]+076 TEXCOORD: 0.48555952310562134, 0.3637320101261139

vb0[12]+000 POSITION: 3.471399168120115e-08, 1.3320046663284302, 0.1185835748910904
vb0[12]+012 NORMAL: 0.0, -0.740312397480011, 0.6722630262374878
vb0[12]+024 TANGENT: 0.0, -0.7424219250679016, 0.6699325442314148, -1.0
vb0[12]+040 BLENDWEIGHT: 1.0, 0.0, 0.0, 0.0
vb0[12]+056 BLENDINDICES: 2, 0, 0, 0
vb0[12]+072 COLOR: 1.0, 0.5019607843137255, 0.5019607843137255, 0.10196078431372549
vb0[12]+076 TEXCOORD: 0.4999999701976776, 0.3553619980812073

vb0[13]+000 POSITION: 3.471836862445343e-08, 1.3346871137619019, 0.12066631764173508
vb0[13]+012 NORMAL: -1.5071412917677662e-07, -0.23365916311740875, 0.9723186492919922
vb0[13]+024 TANGENT: 0.0, -0.31504592299461365, 0.9490763545036316, -1.0
vb0[13]+040 BLENDWEIGHT: 1.0, 0.0, 0.0, 0.0
vb0[13]+056 BLENDINDICES: 2, 0, 0, 0
vb0[13]+072 COLOR: 1.0, 0.5019607843137255, 0.5019607843137255, 0.30196078431372547
vb0[13]+076 TEXCOORD: 0.4999999701976776, 0.3647100031375885

vb0[14]+000 POSITION: 3.471836862445343e-08, 1.339331030845642, 0.12048187106847763
vb0[14]+012 NORMAL: 8.3249000226715e-07, -0.040065620094537735, 0.9991970658302307
vb0[14]+024 TANGENT: 0.0, -0.030283570289611816, 0.9995414018630981, -1.0
vb0[14]+040 BLENDWEIGHT: 1.0, 0.0, 0.0, 0.0
vb0[14]+056 BLENDINDICES: 2, 0, 0, 0
vb0[14]+072 COLOR: 1.0, 0.5019607843137255, 0.5019607843137255, 0.30196078431372547
vb0[14]+076 TEXCOORD: 0.4999999701976776, 0.3755500018596649

vb0[15]+000 POSITION: 0.00538210803642869, 1.33905029296875, 0.1191997304558754
vb0[15]+012 NORMAL: 0.3127152919769287, -0.06489347666501999, 0.947627604007721
vb0[15]+024 TANGENT: 0.3119949400424957, -0.06589698791503906, 0.9477958083152771, -1.0
vb0[15]+040 BLENDWEIGHT: 1.0, 0.0, 0.0, 0.0
vb0[15]+056 BLENDINDICES: 2, 0, 0, 0
vb0[15]+072 COLOR: 1.0, 0.5019607843137255, 0.5019607843137255, 0.0
vb0[15]+076 TEXCOORD: 0.4821315109729767, 0.37721899151802063

vb0[16]+000 POSITION: 0.010299662128090858, 1.3373360633850098, 0.11703713238239288
vb0[16]+012 NORMAL: 0.366344690322876, -0.16362006962299347, 0.9159803986549377
vb0[16]+024 TANGENT: 0.3854999840259552, -0.17121155560016632, 0.9066843390464783, -1.0
vb0[16]+040 BLENDWEIGHT: 1.0, 0.0, 0.0, 0.0
vb0[16]+056 BLENDINDICES: 2, 0, 0, 0
vb0[16]+072 COLOR: 1.0, 0.5019607843137255, 0.5019607843137255, 0.0
vb0[16]+076 TEXCOORD: 0.4664205014705658, 0.37323400378227234

vb0[17]+000 POSITION: -3.471836862445343e-08, 1.3435930013656616, 0.12089536339044571
vb0[17]+012 NORMAL: -1.4679362720926292e-06, -0.25577646493911743, 0.9667358994483948
vb0[17]+024 TANGENT: 0.0, -0.2598208785057068, 0.9656568765640259, -1.0
vb0[17]+040 BLENDWEIGHT: 1.0, 0.0, 0.0, 0.0
vb0[17]+056 BLENDINDICES: 2, 0, 0, 0
vb0[17]+072 COLOR: 1.0, 0.5019607843137255, 0.5019607843137255, 0.2
vb0[17]+076 TEXCOORD: 0.4999999701976776, 0.3870140016078949

vb0[18]+000 POSITION: 0.006351219955831766, 1.3436286449432373, 0.11927582323551178
vb0[18]+012 NORMAL: 0.3472605347633362, -0.1444917470216751, 0.9265701174736023
vb0[18]+024 TANGENT: 0.3426626920700073, -0.15829455852508545, 0.926026463508606, -1.0
vb0[18]+040 BLENDWEIGHT: 1.0, 0.0, 0.0, 0.0
vb0[18]+056 BLENDINDICES: 2, 0, 0, 0
vb0[18]+072 COLOR: 1.0, 0.5019607843137255, 0.5019607843137255, 0.0
vb0[18]+076 TEXCOORD: 0.4774015247821808, 0.38975098729133606

vb0[19]+000 POSITION: 0.0052394503727555275, 1.347058653831482, 0.1209707036614418
vb0[19]+012 NORMAL: 0.4423135817050934, -0.32281407713890076, 0.8367494940757751
vb0[19]+024 TANGENT: 0.4210689067840576, -0.3338751494884491, 0.8433434963226318, -1.0
vb0[19]+040 BLENDWEIGHT: 1.0, 0.0, 0.0, 0.0
vb0[19]+056 BLENDINDICES: 2, 0, 0, 0
vb0[19]+072 COLOR: 1.0, 0.5019607843137255, 0.5019607843137255, 0.5019607843137255
vb0[19]+076 TEXCOORD: 0.48223352432250977, 0.400299996137619

vb0[20]+000 POSITION: -3.471837217716711e-08, 1.3466877937316895, 0.12264470010995865
vb0[20]+012 NORMAL: -5.221351784712169e-06, -0.5273343920707703, 0.8496578335762024
vb0[20]+024 TANGENT: 0.0, -0.4941674470901489, 0.8693667054176331, -1.0
vb0[20]+040 BLENDWEIGHT: 1.0, 0.0, 0.0, 0.0
vb0[20]+056 BLENDINDICES: 2, 0, 0, 0
vb0[20]+072 COLOR: 1.0, 0.5019607843137255, 0.5019607843137255, 0.5019607843137255
vb0[20]+076 TEXCOORD: 0.4999999701976776, 0.3954559862613678

vb0[21]+000 POSITION: 0.010578960180282593, 1.3487043380737305, 0.11799158155918121
vb0[21]+012 NORMAL: 0.5477749705314636, 0.00731259910389781, 0.8365938067436218
vb0[21]+024 TANGENT: 0.5632742643356323, -0.012353124096989632, 0.8261776566505432, -1.0
vb0[21]+040 BLENDWEIGHT: 1.0, 0.0, 0.0, 0.0
vb0[21]+056 BLENDINDICES: 2, 0, 0, 0
vb0[21]+072 COLOR: 1.0, 0.5019607843137255, 0.5019607843137255, 0.5019607843137255
vb0[21]+076 TEXCOORD: 0.46437251567840576, 0.41377899050712585

vb0[22]+000 POSITION: 0.013279950246214867, 1.3462404012680054, 0.11651571094989777
vb0[22]+012 NORMAL: 0.4412166476249695, 0.047889865934848785, 0.8961217999458313
vb0[22]+024 TANGENT: 0.4465634524822235, 0.030423521995544434, 0.8942345976829529, -1.0
vb0[22]+040 BLENDWEIGHT: 1.0, 0.0, 0.0, 0.0
vb0[22]+056 BLENDINDICES: 2, 0, 0, 0
vb0[22]+072 COLOR: 1.0, 0.5019607843137255, 0.5019607843137255, 0.25098039215686274
vb0[22]+076 TEXCOORD: 0.45238450169563293, 0.40613099932670593

vb0[23]+000 POSITION: 0.013644152320921421, 1.3405274152755737, 0.11635877937078476
vb0[23]+012 NORMAL: 0.3778288960456848, -0.09091202914714813, 0.92140132188797
vb0[23]+024 TANGENT: 0.365568608045578, -0.10533951967954636, 0.9248043298721313, -1.0
vb0[23]+040 BLENDWEIGHT: 1.0, 0.0, 0.0, 0.0
vb0[23]+056 BLENDINDICES: 2, 0, 0, 0
vb0[23]+072 COLOR: 1.0, 0.5019607843137255, 0.5019607843137255, 0.0
vb0[23]+076 TEXCOORD: 0.4558195173740387, 0.3840540051460266

vb0[24]+000 POSITION: 0.017483215779066086, 1.3430951833724976, 0.11466030031442642
vb0[24]+012 NORMAL: 0.4062822461128235, 0.029913030564785004, 0.913257896900177
vb0[24]+024 TANGENT: 0.37496334314346313, 0.01945340447127819, 0.9268354773521423, -1.0
vb0[24]+040 BLENDWEIGHT: 1.0, 0.0, 0.0, 0.0
vb0[24]+056 BLENDINDICES: 2, 0, 0, 0
vb0[24]+072 COLOR: 1.0, 0.5019607843137255, 0.5019607843137255, 0.25098039215686274
vb0[24]+076 TEXCOORD: 0.43979552388191223, 0.39810699224472046

vb0[25]+000 POSITION: 0.017626293003559113, 1.349997639656067, 0.11353207379579544
vb0[25]+012 NORMAL: 0.43886300921440125, 0.22718742489814758, 0.869359016418457
vb0[25]+024 TANGENT: 0.42523977160453796, 0.2380162477493286, 0.8732235431671143, -1.0
vb0[25]+040 BLENDWEIGHT: 1.0, 0.0, 0.0, 0.0
vb0[25]+056 BLENDINDICES: 2, 0, 0, 0
vb0[25]+072 COLOR: 1.0, 0.5019607843137255, 0.5019607843137255, 0.5019607843137255
vb0[25]+076 TEXCOORD: 0.4370555281639099, 0.43055999279022217

vb0[26]+000 POSITION: 0.022571822628378868, 1.3462562561035156, 0.11226312071084976
vb0[26]+012 NORMAL: 0.3486821949481964, 0.16647757589817047, 0.9223372340202332
vb0[26]+024 TANGENT: 0.3485359847545624, 0.18644700944423676, 0.9185641407966614, -1.0
vb0[26]+040 BLENDWEIGHT: 1.0, 0.0, 0.0, 0.0
vb0[26]+056 BLENDINDICES: 2, 0, 0, 0
vb0[26]+072 COLOR: 1.0, 0.5019607843137255, 0.5019607843137255, 0.5019607843137255
vb0[26]+076 TEXCOORD: 0.42361950874328613, 0.4191780090332031

vb0[27]+000 POSITION: 0.023091236129403114, 1.338478922843933, 0.11233153939247131
vb0[27]+012 NORMAL: 0.32935354113578796, -0.11797202378511429, 0.9368078112602234
vb0[27]+024 TANGENT: 0.34321194887161255, -0.1301431953907013, 0.930198073387146, -1.0
vb0[27]+040 BLENDWEIGHT: 1.0, 0.0, 0.0, 0.0
vb0[27]+056 BLENDINDICES: 2, 0, 0, 0
vb0[27]+072 COLOR: 1.0, 0.5019607843137255, 0.5019607843137255, 0.25098039215686274
vb0[27]+076 TEXCOORD: 0.4263885021209717, 0.3885219991207123

vb0[28]+000 POSITION: 0.028772469609975815, 1.3416600227355957, 0.11082350462675095
vb0[28]+012 NORMAL: 0.35966479778289795, 0.0036675038281828165, 0.9330743551254272
vb0[28]+024 TANGENT: 0.3738385736942291, 0.011770844459533691, 0.9274190068244934, -1.0
vb0[28]+040 BLENDWEIGHT: 1.0, 0.0, 0.0, 0.0
vb0[28]+056 BLENDINDICES: 2, 0, 0, 0
vb0[28]+072 COLOR: 1.0, 0.5019607843137255, 0.5019607843137255, 0.5019607843137255
vb0[28]+076 TEXCOORD: 0.4091845154762268, 0.4044109880924225

vb0[29]+000 POSITION: 0.018370896577835083, 1.3365377187728882, 0.11365977674722672
vb0[29]+012 NORMAL: 0.3498162627220154, -0.21710945665836334, 0.9113134145736694
vb0[29]+024 TANGENT: 0.34735071659088135, -0.22960491478443146, 0.9091914892196655, -1.0
vb0[29]+040 BLENDWEIGHT: 1.0, 0.0, 0.0, 0.0
vb0[29]+056 BLENDINDICES: 2, 0, 0, 0
vb0[29]+072 COLOR: 1.0, 0.5019607843137255, 0.5019607843137255, 0.0
vb0[29]+076 TEXCOORD: 0.44052350521087646, 0.37507298588752747

vb0[30]+000 POSITION: 0.027170995250344276, 1.3337517976760864, 0.10969991236925125
vb0[30]+012 NORMAL: 0.33117976784706116, -0.27510732412338257, 0.9025719165802002
vb0[30]+024 TANGENT: 0.34115567803382874, -0.2966248691082001, 0.891978919506073, -1.0
vb0[30]+040 BLENDWEIGHT: 1.0, 0.0, 0.0, 0.0
vb0[30]+056 BLENDINDICES: 2, 0, 0, 0
vb0[30]+072 COLOR: 1.0, 0.5019607843137255, 0.5019607843137255, 0.25098039215686274
vb0[30]+076 TEXCOORD: 0.41461852192878723, 0.37391000986099243

vb0[31]+000 POSITION: 0.03262628614902496, 1.3356560468673706, 0.10821904242038727
vb0[31]+012 NORMAL: 0.4382249712944031, -0.21751154959201813, 0.8721510767936707
vb0[31]+024 TANGENT: 0.4470212161540985, -0.23467572033405304, 0.8631914258003235, -1.0
vb0[31]+040 BLENDWEIGHT: 1.0, 0.0, 0.0, 0.0
vb0[31]+056 BLENDINDICES: 2, 0, 0, 0
vb0[31]+072 COLOR: 1.0, 0.5019607843137255, 0.5019607843137255, 0.5019607843137255
vb0[31]+076 TEXCOORD: 0.39769452810287476, 0.38527899980545044

vb0[32]+000 POSITION: 0.02182837761938572, 1.3319315910339355, 0.11093081533908844
vb0[32]+012 NORMAL: 0.28894492983818054, -0.3387024700641632, 0.8954280614852905
vb0[32]+024 TANGENT: 0.29561764001846313, -0.36698079109191895, 0.8820063471794128, -1.0
vb0[32]+040 BLENDWEIGHT: 1.0, 0.0, 0.0, 0.0
vb0[32]+056 BLENDINDICES: 2, 0, 0, 0
vb0[32]+072 COLOR: 1.0, 0.5019607843137255, 0.5019607843137255, 0.0
vb0[32]+076 TEXCOORD: 0.43094250559806824, 0.36085599660873413

vb0[33]+000 POSITION: 0.014163661748170853, 1.3343592882156372, 0.11471784114837646
vb0[33]+012 NORMAL: 0.3566504418849945, -0.3130730390548706, 0.8802191019058228
vb0[33]+024 TANGENT: 0.3578141927719116, -0.3321084976196289, 0.8727386593818665, -1.0
vb0[33]+040 BLENDWEIGHT: 1.0, 0.0, 0.0, 0.0
vb0[33]+056 BLENDINDICES: 2, 0, 0, 0
vb0[33]+072 COLOR: 1.0, 0.5019607843137255, 0.5019607843137255, 0.0
vb0[33]+076 TEXCOORD: 0.45312151312828064, 0.36237800121307373

vb0[34]+000 POSITION: 0.014199295081198215, 1.3524099588394165, 0.11487273126840591
vb0[34]+012 NORMAL: 0.5390272736549377, 0.21907758712768555, 0.8132986426353455
vb0[34]+024 TANGENT: 0.5316864252090454, 0.25378119945526123, 0.8080251216888428, -1.0
vb0[34]+040 BLENDWEIGHT: 1.0, 0.0, 0.0, 0.0
vb0[34]+056 BLENDINDICES: 2, 0, 0, 0
vb0[34]+072 COLOR: 1.0, 0.5019607843137255, 0.5019607843137255, 0.5019607843137255
vb0[34]+076 TEXCOORD: 0.4503145217895508, 0.44237399101257324

vb0[35]+000 POSITION: 0.01734434999525547, 1.3306748867034912, 0.11167102307081223
vb0[35]+012 NORMAL: 0.2714325785636902, -0.4508112072944641, 0.8503491282463074
vb0[35]+024 TANGENT: 0.26077330112457275, -0.49412262439727783, 0.8293613195419312, -1.0
vb0[35]+040 BLENDWEIGHT: 1.0, 0.0, 0.0, 0.0
vb0[35]+056 BLENDINDICES: 2, 0, 0, 0
vb0[35]+072 COLOR: 1.0, 0.5019607843137255, 0.5019607843137255, 0.0
vb0[35]+076 TEXCOORD: 0.44325852394104004, 0.3490850031375885

vb0[36]+000 POSITION: 0.034327391535043716, 1.3460699319839478, 0.10822036862373352
vb0[36]+012 NORMAL: 0.389132559299469, 0.037339694797992706, 0.9204246997833252
vb0[36]+024 TANGENT: 0.442402720451355, 0.1149984672665596, 0.8894128203392029, -1.0
vb0[36]+040 BLENDWEIGHT: 1.0, 0.0, 0.0, 0.0
vb0[36]+056 BLENDINDICES: 2, 0, 0, 0
vb0[36]+072 COLOR: 1.0, 0.5019607843137255, 0.5019607843137255, 0.5019607843137255
vb0[36]+076 TEXCOORD: 0.39214351773262024, 0.4232589900493622

vb0[37]+000 POSITION: 0.03952426463365555, 1.3386391401290894, 0.1050708144903183
vb0[37]+012 NORMAL: 0.5306597948074341, -0.24955323338508606, 0.8100143074989319
vb0[37]+024 TANGENT: 0.5313854217529297, -0.21047131717205048, 0.8205677270889282, -1.0
vb0[37]+040 BLENDWEIGHT: 1.0, 0.0, 0.0, 0.0
vb0[37]+056 BLENDINDICES: 2, 0, 0, 0
vb0[37]+072 COLOR: 1.0, 0.5019607843137255, 0.5019607843137255, 0.5019607843137255
vb0[37]+076 TEXCOORD: 0.37420251965522766, 0.39970698952674866

vb0[38]+000 POSITION: 0.014459453523159027, 1.3297632932662964, 0.1118498146533966
vb0[38]+012 NORMAL: 0.22831323742866516, -0.5999964475631714, 0.7667316198348999
vb0[38]+024 TANGENT: 0.13878144323825836, -0.6832411885261536, 0.7168830037117004, -1.0
vb0[38]+040 BLENDWEIGHT: 1.0, 0.0, 0.0, 0.0
vb0[38]+056 BLENDINDICES: 2, 0, 0, 0
vb0[38]+072 COLOR: 1.0, 0.5019607843137255, 0.5019607843137255, 0.0
vb0[38]+076 TEXCOORD: 0.4501975178718567, 0.33995500206947327

vb0[39]+000 POSITION: 0.013184982351958752, 1.329345703125, 0.1113351434469223
vb0[39]+012 NORMAL: 0.050258737057447433, -0.8331785798072815, 0.5507153868675232
vb0[39]+024 TANGENT: 0.002814531559124589, -0.8249321579933167, 0.5652247667312622, -1.0
vb0[39]+040 BLENDWEIGHT: 1.0, 0.0, 0.0, 0.0
vb0[39]+056 BLENDINDICES: 2, 0, 0, 0
vb0[39]+072 COLOR: 1.0, 0.5019607843137255, 0.5019607843137255, 0.0
vb0[39]+076 TEXCOORD: 0.452829509973526, 0.33602800965309143

vb0[40]+000 POSITION: 0.013895781710743904, 1.3285648822784424, 0.11017313599586487
vb0[40]+012 NORMAL: -0.12926854193210602, -0.8255801200866699, 0.5492786765098572
vb0[40]+024 TANGENT: -0.15951907634735107, -0.79787278175354, 0.5813368558883667, -1.0
vb0[40]+040 BLENDWEIGHT: 1.0, 0.0, 0.0, 0.0
vb0[40]+056 BLENDINDICES: 2, 0, 0, 0
vb0[40]+072 COLOR: 1.0, 0.5019607843137255, 0.5019607843137255, 0.0
vb0[40]+076 TEXCOORD: 0.4494205117225647, 0.3314409852027893

vb0[41]+000 POSITION: 0.01512177661061287, 1.3284814357757568, 0.110336072742939
vb0[41]+012 NORMAL: 0.09983687847852707, -0.6966363191604614, 0.7104437947273254
vb0[41]+024 TANGENT: 0.010252594947814941, -0.7145572304725647, 0.6995018720626831, -1.0
vb0[41]+040 BLENDWEIGHT: 1.0, 0.0, 0.0, 0.0
vb0[41]+056 BLENDINDICES: 2, 0, 0, 0
vb0[41]+072 COLOR: 1.0, 0.5019607843137255, 0.5019607843137255, 0.0
vb0[41]+076 TEXCOORD: 0.4467495083808899, 0.333514004945755

vb0[42]+000 POSITION: 0.01808994822204113, 1.3285149335861206, 0.10992450267076492
vb0[42]+012 NORMAL: 0.16839472949504852, -0.5446497201919556, 0.8215836882591248
vb0[42]+024 TANGENT: 0.14419050514698029, -0.5695402026176453, 0.8092175722122192, -1.0
vb0[42]+040 BLENDWEIGHT: 1.0, 0.0, 0.0, 0.0
vb0[42]+056 BLENDINDICES: 2, 0, 0, 0
vb0[42]+072 COLOR: 1.0, 0.5019607843137255, 0.5019607843137255, 0.0
vb0[42]+076 TEXCOORD: 0.4397575259208679, 0.3402869999408722

vb0[43]+000 POSITION: 0.015008271671831608, 1.3277469873428345, 0.10952384769916534
vb0[43]+012 NORMAL: 0.027416512370109558, -0.5630176663398743, 0.8259899020195007
vb0[43]+024 TANGENT: -0.02673030085861683, -0.569520115852356, 0.8215426802635193, -1.0
vb0[43]+040 BLENDWEIGHT: 1.0, 0.0, 0.0, 0.0
vb0[43]+056 BLENDINDICES: 2, 0, 0, 0
vb0[43]+072 COLOR: 1.0, 0.5019607843137255, 0.5019607843137255, 0.0
vb0[43]+076 TEXCOORD: 0.44621551036834717, 0.32925400137901306

vb0[44]+000 POSITION: 0.01780381239950657, 1.3270710706710815, 0.1089373379945755
vb0[44]+012 NORMAL: 0.10207245498895645, -0.48066872358322144, 0.8709413409233093
vb0[44]+024 TANGENT: 0.0885690450668335, -0.5092533230781555, 0.8560470342636108, -1.0
vb0[44]+040 BLENDWEIGHT: 1.0, 0.0, 0.0, 0.0
vb0[44]+056 BLENDINDICES: 2, 0, 0, 0
vb0[44]+072 COLOR: 1.0, 0.5019607843137255, 0.5019607843137255, 0.0
vb0[44]+076 TEXCOORD: 0.4396985173225403, 0.33264100551605225

vb0[45]+000 POSITION: 0.013110412284731865, 1.3286718130111694, 0.10972671955823898
vb0[45]+012 NORMAL: -0.1620745211839676, -0.9313643574714661, 0.32602494955062866
vb0[45]+024 TANGENT: -0.15182434022426605, -0.8419901132583618, 0.5176889300346375, -1.0
vb0[45]+040 BLENDWEIGHT: 1.0, 0.0, 0.0, 0.0
vb0[45]+056 BLENDINDICES: 2, 0, 0, 0
vb0[45]+072 COLOR: 1.0, 0.5019607843137255, 0.5019607843137255, 0.0
vb0[45]+076 TEXCOORD: 0.45057833194732666, 0.33099836111068726

vb0[46]+000 POSITION: 0.013898310251533985, 1.32811439037323, 0.10958011448383331
vb0[46]+012 NORMAL: -0.19756798446178436, -0.5898427963256836, 0.7829766273498535
vb0[46]+024 TANGENT: -0.20050179958343506, -0.5620384216308594, 0.8024411797523499, -1.0
vb0[46]+040 BLENDWEIGHT: 1.0, 0.0, 0.0, 0.0
vb0[46]+056 BLENDINDICES: 2, 0, 0, 0
vb0[46]+072 COLOR: 1.0, 0.5019607843137255, 0.5019607843137255, 0.0
vb0[46]+076 TEXCOORD: 0.4484599232673645, 0.32867076992988586

vb0[47]+000 POSITION: 0.013181484304368496, 1.3284233808517456, 0.10947753489017487
vb0[47]+012 NORMAL: -0.32530897855758667, -0.49447086453437805, 0.8060227036476135
vb0[47]+024 TANGENT: -0.33175936341285706, -0.5047265887260437, 0.7969861030578613, -1.0
vb0[47]+040 BLENDWEIGHT: 1.0, 0.0, 0.0, 0.0
vb0[47]+056 BLENDINDICES: 2, 0, 0, 0
vb0[47]+072 COLOR: 1.0, 0.5019607843137255, 0.5019607843137255, 0.0
vb0[47]+076 TEXCOORD: 0.44974491000175476, 0.32851478457450867

vb0[48]+000 POSITION: 0.012666589580476284, 1.328541874885559, 0.10937214642763138
vb0[48]+012 NORMAL: -0.08744199573993683, -0.9921563863754272, -0.0893288105726242
vb0[48]+024 TANGENT: -0.4032231867313385, -0.8874048590660095, -0.22343632578849792, -1.0
vb0[48]+040 BLENDWEIGHT: 1.0, 0.0, 0.0, 0.0
vb0[48]+056 BLENDINDICES: 2, 0, 0, 0
vb0[48]+072 COLOR: 1.0, 0.0, 0.5019607843137255, 0.0
vb0[48]+076 TEXCOORD: 0.45259755849838257, 0.3297329843044281

vb0[49]+000 POSITION: 0.014342714101076126, 1.3269970417022705, 0.10914602130651474
vb0[49]+012 NORMAL: 0.13115407526493073, -0.34475311636924744, 0.9294857382774353
vb0[49]+024 TANGENT: 0.09365189075469971, -0.33359378576278687, 0.9380536079406738, -1.0
vb0[49]+040 BLENDWEIGHT: 1.0, 0.0, 0.0, 0.0
vb0[49]+056 BLENDINDICES: 2, 0, 0, 0
vb0[49]+072 COLOR: 1.0, 0.5019607843137255, 0.5019607843137255, 0.0
vb0[49]+076 TEXCOORD: 0.44762852787971497, 0.3264079988002777

vb0[50]+000 POSITION: 0.013489579781889915, 1.327689290046692, 0.10933903604745865
vb0[50]+012 NORMAL: 0.07644201815128326, -0.13940297067165375, 0.9872807860374451
vb0[50]+024 TANGENT: 0.0133094796910882, -0.19322317838668823, 0.9810645580291748, -1.0
vb0[50]+040 BLENDWEIGHT: 1.0, 0.0, 0.0, 0.0
vb0[50]+056 BLENDINDICES: 2, 0, 0, 0
vb0[50]+072 COLOR: 1.0, 0.5019607843137255, 0.5019607843137255, 0.0
vb0[50]+076 TEXCOORD: 0.4495229125022888, 0.32673677802085876

vb0[51]+000 POSITION: 0.012674655765295029, 1.3260139226913452, 0.1092742532491684
vb0[51]+012 NORMAL: 0.3221784234046936, -0.3207552134990692, 0.8906835317611694
vb0[51]+024 TANGENT: 0.29790765047073364, -0.268341988325119, 0.9161023497581482, -1.0
vb0[51]+040 BLENDWEIGHT: 1.0, 0.0, 0.0, 0.0
vb0[51]+056 BLENDINDICES: 2, 0, 0, 0
vb0[51]+072 COLOR: 1.0, 0.5019607843137255, 0.5019607843137255, 0.0
vb0[51]+076 TEXCOORD: 0.45166251063346863, 0.3234480023384094

vb0[52]+000 POSITION: 0.012113419361412525, 1.326982855796814, 0.10957375913858414
vb0[52]+012 NORMAL: 0.38142168521881104, -0.01580975204706192, 0.9242659211158752
vb0[52]+024 TANGENT: 0.3112117350101471, -0.05326926335692406, 0.9488463997840881, -1.0
vb0[52]+040 BLENDWEIGHT: 1.0, 0.0, 0.0, 0.0
vb0[52]+056 BLENDINDICES: 2, 0, 0, 0
vb0[52]+072 COLOR: 1.0, 0.5019607843137255, 0.5019607843137255, 0.0
vb0[52]+076 TEXCOORD: 0.4530927538871765, 0.32532280683517456

vb0[53]+000 POSITION: 0.00962803140282631, 1.3259938955307007, 0.11074485629796982
vb0[53]+012 NORMAL: 0.4679851830005646, -0.16008546948432922, 0.869115948677063
vb0[53]+024 TANGENT: 0.4843769669532776, -0.09359722584486008, 0.8698382377624512, -1.0
vb0[53]+040 BLENDWEIGHT: 1.0, 0.0, 0.0, 0.0
vb0[53]+056 BLENDINDICES: 2, 0, 0, 0
vb0[53]+072 COLOR: 1.0, 0.5019607843137255, 0.5019607843137255, 0.0
vb0[53]+076 TEXCOORD: 0.4623745083808899, 0.3251590132713318

vb0[54]+000 POSITION: 0.009880619123578072, 1.3243296146392822, 0.11002258211374283
vb0[54]+012 NORMAL: 0.48935675621032715, -0.4183720052242279, 0.7651762962341309
vb0[54]+024 TANGENT: 0.45760273933410645, -0.34749850630760193, 0.818440318107605, -1.0
vb0[54]+040 BLENDWEIGHT: 1.0, 0.0, 0.0, 0.0
vb0[54]+056 BLENDINDICES: 2, 0, 0, 0
vb0[54]+072 COLOR: 1.0, 0.5019607843137255, 0.5019607843137255, 0.0
vb0[54]+076 TEXCOORD: 0.46348050236701965, 0.32165899872779846

vb0[55]+000 POSITION: 0.007379560731351376, 1.3255201578140259, 0.11205053329467773
vb0[55]+012 NORMAL: 0.4322853684425354, -0.08806312084197998, 0.897426426410675
vb0[55]+024 TANGENT: 0.43265223503112793, -0.09011954069137573, 0.8970454335212708, -1.0
vb0[55]+040 BLENDWEIGHT: 1.0, 0.0, 0.0, 0.0
vb0[55]+056 BLENDINDICES: 2, 0, 0, 0
vb0[55]+072 COLOR: 1.0, 0.5019607843137255, 0.5019607843137255, 0.0
vb0[55]+076 TEXCOORD: 0.47326552867889404, 0.3249709904193878

vb0[56]+000 POSITION: 0.007496731821447611, 1.3231165409088135, 0.11142139881849289
vb0[56]+012 NORMAL: 0.4622599184513092, -0.5114895105361938, 0.7243577837944031
vb0[56]+024 TANGENT: 0.4338337481021881, -0.4435844421386719, 0.7842328548431396, -1.0
vb0[56]+040 BLENDWEIGHT: 1.0, 0.0, 0.0, 0.0
vb0[56]+056 BLENDINDICES: 2, 0, 0, 0
vb0[56]+072 COLOR: 1.0, 0.5019607843137255, 0.5019607843137255, 0.0
vb0[56]+076 TEXCOORD: 0.4737884998321533, 0.3208470046520233

vb0[57]+000 POSITION: 0.010755626484751701, 1.3221616744995117, 0.10823513567447662
vb0[57]+012 NORMAL: 0.32091790437698364, -0.46578118205070496, 0.8246573209762573
vb0[57]+024 TANGENT: 0.34772393107414246, -0.4784799814224243, 0.8063156604766846, -1.0
vb0[57]+040 BLENDWEIGHT: 1.0, 0.0, 0.0, 0.0
vb0[57]+056 BLENDINDICES: 2, 0, 0, 0
vb0[57]+072 COLOR: 1.0, 0.5019607843137255, 0.5019607843137255, 0.0
vb0[57]+076 TEXCOORD: 0.46209150552749634, 0.31441399455070496

vb0[58]+000 POSITION: 0.01426600106060505, 1.323988437652588, 0.10806706547737122
vb0[58]+012 NORMAL: 0.2294696718454361, -0.4228779375553131, 0.8766514658927917
vb0[58]+024 TANGENT: 0.23462729156017303, -0.41847896575927734, 0.8773968815803528, -1.0
vb0[58]+040 BLENDWEIGHT: 1.0, 0.0, 0.0, 0.0
vb0[58]+056 BLENDINDICES: 2, 0, 0, 0
vb0[58]+072 COLOR: 1.0, 0.5019607843137255, 0.5019607843137255, 0.0
vb0[58]+076 TEXCOORD: 0.4491235017776489, 0.31958499550819397

vb0[59]+000 POSITION: 0.012563256546854973, 1.3188291788101196, 0.10577276349067688
vb0[59]+012 NORMAL: 0.24722225964069366, -0.4451792538166046, 0.8606373071670532
vb0[59]+024 TANGENT: 0.2684374153614044, -0.45308923721313477, 0.8500891327857971, -1.0
vb0[59]+040 BLENDWEIGHT: 1.0, 0.0, 0.0, 0.0
vb0[59]+056 BLENDINDICES: 2, 0, 0, 0
vb0[59]+072 COLOR: 1.0, 0.5019607843137255, 0.5019607843137255, 0.0
vb0[59]+076 TEXCOORD: 0.4572645127773285, 0.30425599217414856

vb0[60]+000 POSITION: 0.016826119273900986, 1.3209213018417358, 0.10582052171230316
vb0[60]+012 NORMAL: 0.1972142606973648, -0.48382019996643066, 0.8526573181152344
vb0[60]+024 TANGENT: 0.2133176326751709, -0.48353835940361023, 0.8489324450492859, -1.0
vb0[60]+040 BLENDWEIGHT: 1.0, 0.0, 0.0, 0.0
vb0[60]+056 BLENDINDICES: 2, 0, 0, 0
vb0[60]+072 COLOR: 1.0, 0.5019607843137255, 0.5019607843137255, 0.0
vb0[60]+076 TEXCOORD: 0.4431855082511902, 0.31349998712539673

vb0[61]+000 POSITION: 0.016338888555765152, 1.3254536390304565, 0.10829320549964905
vb0[61]+012 NORMAL: 0.12109201401472092, -0.4354541301727295, 0.8920294046401978
vb0[61]+024 TANGENT: 0.12527966499328613, -0.4209464192390442, 0.8983924984931946, -1.0
vb0[61]+040 BLENDWEIGHT: 1.0, 0.0, 0.0, 0.0
vb0[61]+056 BLENDINDICES: 2, 0, 0, 0
vb0[61]+072 COLOR: 1.0, 0.5019607843137255, 0.5019607843137255, 0.0
vb0[61]+076 TEXCOORD: 0.44287750124931335, 0.3264150023460388

vb0[62]+000 POSITION: 0.01985156536102295, 1.3231185674667358, 0.10675434023141861
vb0[62]+012 NORMAL: 0.18906161189079285, -0.5128905177116394, 0.8373762965202332
vb0[62]+024 TANGENT: 0.1875578761100769, -0.4997894763946533, 0.8455959558486938, -1.0
vb0[62]+040 BLENDWEIGHT: 1.0, 0.0, 0.0, 0.0
vb0[62]+056 BLENDINDICES: 2, 0, 0, 0
vb0[62]+072 COLOR: 1.0, 0.5019607843137255, 0.5019607843137255, 0.0
vb0[62]+076 TEXCOORD: 0.4341295063495636, 0.3245599865913391

vb0[63]+000 POSITION: 0.007783911656588316, 1.3212172985076904, 0.10899367183446884
vb0[63]+012 NORMAL: 0.33806312084198, -0.576493501663208, 0.7438874840736389
vb0[63]+024 TANGENT: 0.34232771396636963, -0.577690601348877, 0.7410029172897339, -1.0
vb0[63]+040 BLENDWEIGHT: 1.0, 0.0, 0.0, 0.0
vb0[63]+056 BLENDINDICES: 2, 0, 0, 0
vb0[63]+072 COLOR: 1.0, 0.5019607843137255, 0.5019607843137255, 0.0
vb0[63]+076 TEXCOORD: 0.47305452823638916, 0.3121950030326843

vb0[64]+000 POSITION: 0.004340024199336767, 1.320639729499817, 0.10993802547454834
vb0[64]+012 NORMAL: 0.20612004399299622, -0.6845756769180298, 0.6991928815841675
vb0[64]+024 TANGENT: 0.20524553954601288, -0.6628804802894592, 0.7200441956520081, -1.0
vb0[64]+040 BLENDWEIGHT: 1.0, 0.0, 0.0, 0.0
vb0[64]+056 BLENDINDICES: 2, 0, 0, 0
vb0[64]+072 COLOR: 1.0, 0.5019607843137255, 0.5019607843137255, 0.0
vb0[64]+076 TEXCOORD: 0.4853455126285553, 0.31147199869155884

vb0[65]+000 POSITION: 0.004182733595371246, 1.3225350379943848, 0.11267415434122086
vb0[65]+012 NORMAL: 0.23366285860538483, -0.5779030323028564, 0.7819398045539856
vb0[65]+024 TANGENT: 0.23813781142234802, -0.5083346366882324, 0.8275784850120544, -1.0
vb0[65]+040 BLENDWEIGHT: 1.0, 0.0, 0.0, 0.0
vb0[65]+056 BLENDINDICES: 2, 0, 0, 0
vb0[65]+072 COLOR: 1.0, 0.5019607843137255, 0.5019607843137255, 0.0
vb0[65]+076 TEXCOORD: 0.48614150285720825, 0.32078999280929565

vb0[66]+000 POSITION: -3.4719462860266503e-08, 1.3204102516174316, 0.11043700575828552
vb0[66]+012 NORMAL: -8.198402952075412e-07, -0.7131555676460266, 0.7010058760643005
vb0[66]+024 TANGENT: 0.0, -0.6933450698852539, 0.7206057906150818, -1.0
vb0[66]+040 BLENDWEIGHT: 1.0, 0.0, 0.0, 0.0
vb0[66]+056 BLENDINDICES: 2, 0, 0, 0
vb0[66]+072 COLOR: 1.0, 0.5019607843137255, 0.5019607843137255, 0.30196078431372547
vb0[66]+076 TEXCOORD: 0.4999999701976776, 0.3115749955177307

vb0[67]+000 POSITION: 3.4722745567705715e-08, 1.3222968578338623, 0.11317169666290283
vb0[67]+012 NORMAL: 1.2377455504974932e-06, -0.5814851522445679, 0.813556969165802
vb0[67]+024 TANGENT: 0.0, -0.5256684422492981, 0.8506895303726196, -1.0
vb0[67]+040 BLENDWEIGHT: 1.0, 0.0, 0.0, 0.0
vb0[67]+056 BLENDINDICES: 2, 0, 0, 0
vb0[67]+072 COLOR: 1.0, 0.5019607843137255, 0.5019607843137255, 0.30196078431372547
vb0[67]+076 TEXCOORD: 0.4999999701976776, 0.32106900215148926

vb0[68]+000 POSITION: 0.004125572275370359, 1.3252513408660889, 0.11337629705667496
vb0[68]+012 NORMAL: 0.23405513167381287, -0.05727781727910042, 0.9705345630645752
vb0[68]+024 TANGENT: 0.2228994518518448, -0.0547565259039402, 0.9733023643493652, -1.0
vb0[68]+040 BLENDWEIGHT: 1.0, 0.0, 0.0, 0.0
vb0[68]+056 BLENDINDICES: 2, 0, 0, 0
vb0[68]+072 COLOR: 1.0, 0.5019607843137255, 0.5019607843137255, 0.0
vb0[68]+076 TEXCOORD: 0.48660752177238464, 0.32561200857162476

vb0[69]+000 POSITION: -3.4727122510958e-08, 1.325201392173767, 0.11380895227193832
vb0[69]+012 NORMAL: -1.3948231298854807e-06, -0.04544563218951225, 0.9989668130874634
vb0[69]+024 TANGENT: 0.0, -0.03645259141921997, 0.9993353486061096, -1.0
vb0[69]+040 BLENDWEIGHT: 1.0, 0.0, 0.0, 0.0
vb0[69]+056 BLENDINDICES: 2, 0, 0, 0
vb0[69]+072 COLOR: 1.0, 0.5019607843137255, 0.5019607843137255, 0.2
vb0[69]+076 TEXCOORD: 0.4999999701976776, 0.3258489966392517

vb0[70]+000 POSITION: -3.471836862445343e-08, 1.316806435585022, 0.10760218650102615
vb0[70]+012 NORMAL: 0.0, -0.5107983946800232, 0.8597005605697632
vb0[70]+024 TANGENT: 0.0, -0.5195589065551758, 0.8544346690177917, -1.0
vb0[70]+040 BLENDWEIGHT: 1.0, 0.0, 0.0, 0.0
vb0[70]+056 BLENDINDICES: 2, 0, 0, 0
vb0[70]+072 COLOR: 1.0, 0.5019607843137255, 0.5019607843137255, 0.5019607843137255
vb0[70]+076 TEXCOORD: 0.4999999701976776, 0.29646000266075134

vb0[71]+000 POSITION: 0.004402831196784973, 1.317100167274475, 0.10721319168806076
vb0[71]+012 NORMAL: 0.17333273589611053, -0.49321165680885315, 0.852465808391571
vb0[71]+024 TANGENT: 0.1825544834136963, -0.502244770526886, 0.84523606300354, -1.0
vb0[71]+040 BLENDWEIGHT: 1.0, 0.0, 0.0, 0.0
vb0[71]+056 BLENDINDICES: 2, 0, 0, 0
vb0[71]+072 COLOR: 1.0, 0.5019607843137255, 0.5019607843137255, 0.0
vb0[71]+076 TEXCOORD: 0.4851675033569336, 0.2980389893054962

vb0[72]+000 POSITION: 0.004697634372860193, 1.312492847442627, 0.10502948611974716
vb0[72]+012 NORMAL: 0.19651247560977936, -0.33308011293411255, 0.9221933484077454
vb0[72]+024 TANGENT: 0.19855897128582, -0.3355218768119812, 0.9208688735961914, -1.0
vb0[72]+040 BLENDWEIGHT: 1.0, 0.0, 0.0, 0.0
vb0[72]+056 BLENDINDICES: 2, 0, 0, 0
vb0[72]+072 COLOR: 1.0, 0.5019607843137255, 0.5019607843137255, 0.25098039215686274
vb0[72]+076 TEXCOORD: 0.4845395088195801, 0.2840299904346466

vb0[73]+000 POSITION: -3.471836862445343e-08, 1.3120903968811035, 0.1054488942027092
vb0[73]+012 NORMAL: 2.1746831180280424e-07, -0.3092930316925049, 0.9509667754173279
vb0[73]+024 TANGENT: 0.0, -0.3226902186870575, 0.9465045928955078, -1.0
vb0[73]+040 BLENDWEIGHT: 1.0, 0.0, 0.0, 0.0
vb0[73]+056 BLENDINDICES: 2, 0, 0, 0
vb0[73]+072 COLOR: 1.0, 0.5019607843137255, 0.5019607843137255, 0.5019607843137255
vb0[73]+076 TEXCOORD: 0.4999999701976776, 0.2822659909725189

vb0[74]+000 POSITION: 0.005034336354583502, 1.3065050840377808, 0.10338320583105087
vb0[74]+012 NORMAL: 0.26975560188293457, -0.31369176506996155, 0.9104007482528687
vb0[74]+024 TANGENT: 0.25799235701560974, -0.32233455777168274, 0.9107910990715027, -1.0
vb0[74]+040 BLENDWEIGHT: 1.0, 0.0, 0.0, 0.0
vb0[74]+056 BLENDINDICES: 2, 0, 0, 0
vb0[74]+072 COLOR: 1.0, 0.5019607843137255, 0.5019607843137255, 0.5019607843137255
vb0[74]+076 TEXCOORD: 0.484981507062912, 0.26506099104881287

vb0[75]+000 POSITION: 3.471836862445343e-08, 1.3059266805648804, 0.10426770150661469
vb0[75]+012 NORMAL: 3.158621893817326e-06, -0.29451489448547363, 0.9556468725204468
vb0[75]+024 TANGENT: 0.0, -0.31156694889068604, 0.9502242207527161, -1.0
vb0[75]+040 BLENDWEIGHT: 1.0, 0.0, 0.0, 0.0
vb0[75]+056 BLENDINDICES: 2, 0, 0, 0
vb0[75]+072 COLOR: 1.0, 0.5019607843137255, 0.5019607843137255, 0.5019607843137255
vb0[75]+076 TEXCOORD: 0.4999999701976776, 0.26482298970222473

vb0[76]+000 POSITION: 0.004001257475465536, 1.3273389339447021, 0.11299475282430649
vb0[76]+012 NORMAL: 0.18972164392471313, 0.3601081371307373, 0.9134154915809631
vb0[76]+024 TANGENT: 0.16953007876873016, 0.36184296011924744, 0.916694700717926, -1.0
vb0[76]+040 BLENDWEIGHT: 1.0, 0.0, 0.0, 0.0
vb0[76]+056 BLENDINDICES: 2, 0, 0, 0
vb0[76]+072 COLOR: 1.0, 0.5019607843137255, 0.5019607843137255, 0.0
vb0[76]+076 TEXCOORD: 0.48628851771354675, 0.3300609886646271

vb0[77]+000 POSITION: -3.470961473794887e-08, 1.3273813724517822, 0.1133693978190422
vb0[77]+012 NORMAL: -1.040321421896806e-06, 0.35790157318115234, 0.933759331703186
vb0[77]+024 TANGENT: 0.0, 0.40947425365448, 0.9123216867446899, -1.0
vb0[77]+040 BLENDWEIGHT: 1.0, 0.0, 0.0, 0.0
vb0[77]+056 BLENDINDICES: 2, 0, 0, 0
vb0[77]+072 COLOR: 1.0, 0.5019607843137255, 0.5019607843137255, 0.10196078431372549
vb0[77]+076 TEXCOORD: 0.4999999701976776, 0.330253005027771

vb0[78]+000 POSITION: -3.4744633836680805e-08, 1.3287731409072876, 0.1124265193939209
vb0[78]+012 NORMAL: -1.3648369190377707e-07, 0.8916786909103394, 0.4526688754558563
vb0[78]+024 TANGENT: 0.0, 0.9644498229026794, 0.2642659842967987, -1.0
vb0[78]+040 BLENDWEIGHT: 1.0, 0.0, 0.0, 0.0
vb0[78]+056 BLENDINDICES: 2, 0, 0, 0
vb0[78]+072 COLOR: 1.0, 0.0, 0.5019607843137255, 0.0
vb0[78]+076 TEXCOORD: 0.4999999701976776, 0.3353051245212555

vb0[79]+000 POSITION: 0.0038836258463561535, 1.3288214206695557, 0.11193348467350006
vb0[79]+012 NORMAL: 0.10197137296199799, 0.8939996361732483, 0.4363099932670593
vb0[79]+024 TANGENT: 0.045710090547800064, 0.9644262194633484, 0.26037049293518066, -1.0
vb0[79]+040 BLENDWEIGHT: 1.0, 0.0, 0.0, 0.0
vb0[79]+056 BLENDINDICES: 2, 0, 0, 0
vb0[79]+072 COLOR: 1.0, 0.0, 0.5019607843137255, 0.0
vb0[79]+076 TEXCOORD: 0.4830839931964874, 0.33539578318595886

vb0[80]+000 POSITION: 0.00723551120609045, 1.3273931741714478, 0.11197638511657715
vb0[80]+012 NORMAL: 0.33886897563934326, 0.29780012369155884, 0.8924589157104492
vb0[80]+024 TANGENT: 0.35759586095809937, 0.24215318262577057, 0.9019351005554199, -1.0
vb0[80]+040 BLENDWEIGHT: 1.0, 0.0, 0.0, 0.0
vb0[80]+056 BLENDINDICES: 2, 0, 0, 0
vb0[80]+072 COLOR: 1.0, 0.5019607843137255, 0.5019607843137255, 0.0
vb0[80]+076 TEXCOORD: 0.4731525182723999, 0.3290030062198639

vb0[81]+000 POSITION: 0.009534723125398159, 1.3274860382080078, 0.11084751039743423
vb0[81]+012 NORMAL: 0.4066675901412964, 0.16879287362098694, 0.897847592830658
vb0[81]+024 TANGENT: 0.45094579458236694, 0.14503610134124756, 0.8806885480880737, -1.0
vb0[81]+040 BLENDWEIGHT: 1.0, 0.0, 0.0, 0.0
vb0[81]+056 BLENDINDICES: 2, 0, 0, 0
vb0[81]+072 COLOR: 1.0, 0.5019607843137255, 0.5019607843137255, 0.0
vb0[81]+076 TEXCOORD: 0.462381511926651, 0.32823601365089417

vb0[82]+000 POSITION: 0.007142252754420042, 1.328777551651001, 0.11105627566576004
vb0[82]+012 NORMAL: 0.1930256187915802, 0.8194423913955688, 0.5396807789802551
vb0[82]+024 TANGENT: 0.14049077033996582, 0.961173951625824, 0.23750163614749908, -1.0
vb0[82]+040 BLENDWEIGHT: 1.0, 0.0, 0.0, 0.0
vb0[82]+056 BLENDINDICES: 2, 0, 0, 0
vb0[82]+072 COLOR: 1.0, 0.0, 0.5019607843137255, 0.0
vb0[82]+076 TEXCOORD: 0.4722045063972473, 0.33326834440231323

vb0[83]+000 POSITION: 0.009624553844332695, 1.3287321329116821, 0.11034120619297028
vb0[83]+012 NORMAL: 0.28326913714408875, 0.7128213047981262, 0.6415951251983643
vb0[83]+024 TANGENT: 0.17175181210041046, 0.9689971208572388, 0.1776118129491806, -1.0
vb0[83]+040 BLENDWEIGHT: 1.0, 0.0, 0.0, 0.0
vb0[83]+056 BLENDINDICES: 2, 0, 0, 0
vb0[83]+072 COLOR: 1.0, 0.0, 0.5019607843137255, 0.0
vb0[83]+076 TEXCOORD: 0.46156150102615356, 0.33126699924468994

vb0[84]+000 POSITION: 0.011841307394206524, 1.3277860879898071, 0.10959532856941223
vb0[84]+012 NORMAL: 0.37271273136138916, 0.14376318454742432, 0.9167428016662598
vb0[84]+024 TANGENT: 0.30525273084640503, 0.17166410386562347, 0.9366707801818848, -1.0
vb0[84]+040 BLENDWEIGHT: 1.0, 0.0, 0.0, 0.0
vb0[84]+056 BLENDINDICES: 2, 0, 0, 0
vb0[84]+072 COLOR: 1.0, 0.5019607843137255, 0.5019607843137255, 0.0
vb0[84]+076 TEXCOORD: 0.45364251732826233, 0.3271230459213257

vb0[85]+000 POSITION: 0.011813653632998466, 1.3287173509597778, 0.10949725657701492
vb0[85]+012 NORMAL: 0.17876872420310974, 0.8567845821380615, 0.4836960732936859
vb0[85]+024 TANGENT: 0.059205178171396255, 0.9919734001159668, 0.11173035204410553, -1.0
vb0[85]+040 BLENDWEIGHT: 1.0, 0.0, 0.0, 0.0
vb0[85]+056 BLENDINDICES: 2, 0, 0, 0
vb0[85]+072 COLOR: 1.0, 0.0, 0.5019607843137255, 0.0
vb0[85]+076 TEXCOORD: 0.45363351702690125, 0.32949599623680115

vb0[86]+000 POSITION: 0.012654543854296207, 1.328587293624878, 0.1093234196305275
vb0[86]+012 NORMAL: 0.2359432876110077, 0.5774498581886292, 0.7815897464752197
vb0[86]+024 TANGENT: -0.22357331216335297, 0.9401121139526367, 0.2573018968105316, -1.0
vb0[86]+040 BLENDWEIGHT: 1.0, 0.0, 0.0, 0.0
vb0[86]+056 BLENDINDICES: 2, 0, 0, 0
vb0[86]+072 COLOR: 1.0, 0.0, 0.5019607843137255, 0.0
vb0[86]+076 TEXCOORD: 0.4524795711040497, 0.3291980028152466

vb0[87]+000 POSITION: 0.012926314026117325, 1.3281970024108887, 0.1093490943312645
vb0[87]+012 NORMAL: 0.07618263363838196, 0.059971556067466736, 0.9952887296676636
vb0[87]+024 TANGENT: -0.09140050411224365, 0.019040940329432487, 0.9956321120262146, -1.0
vb0[87]+040 BLENDWEIGHT: 1.0, 0.0, 0.0, 0.0
vb0[87]+056 BLENDINDICES: 2, 0, 0, 0
vb0[87]+072 COLOR: 1.0, 0.5019607843137255, 0.5019607843137255, 0.0
vb0[87]+076 TEXCOORD: 0.45058348774909973, 0.32716089487075806

vb0[88]+000 POSITION: 0.012793282978236675, 1.3285415172576904, 0.10930785536766052
vb0[88]+012 NORMAL: -0.8958839774131775, 0.3637251555919647, -0.25513896346092224
vb0[88]+024 TANGENT: -0.9389170408248901, -0.16839216649532318, 0.3001314401626587, -1.0
vb0[88]+040 BLENDWEIGHT: 1.0, 0.0, 0.0, 0.0
vb0[88]+056 BLENDINDICES: 2, 0, 0, 0
vb0[88]+072 COLOR: 1.0, 0.0, 0.5019607843137255, 0.0
vb0[88]+076 TEXCOORD: 0.4522305727005005, 0.32936999201774597

vb0[89]+000 POSITION: 0.08323578536510468, 1.430193305015564, 0.06170416995882988
vb0[89]+012 NORMAL: 0.9601796865463257, 0.03916344791650772, 0.27662450075149536
vb0[89]+024 TANGENT: 0.9637718796730042, 0.03661739453673363, 0.2642024755477905, -1.0
vb0[89]+040 BLENDWEIGHT: 1.0, 0.0, 0.0, 0.0
vb0[89]+056 BLENDINDICES: 2, 0, 0, 0
vb0[89]+072 COLOR: 1.0, 0.5019607843137255, 0.5019607843137255, 0.5019607843137255
vb0[89]+076 TEXCOORD: 0.19637352228164673, 0.6864330172538757

vb0[90]+000 POSITION: 0.08207760751247406, 1.444054365158081, 0.05942259356379509
vb0[90]+012 NORMAL: 0.9515726566314697, 0.12848469614982605, 0.27928683161735535
vb0[90]+024 TANGENT: 0.9572595357894897, 0.11649477481842041, 0.2647320032119751, -1.0
vb0[90]+040 BLENDWEIGHT: 1.0, 0.0, 0.0, 0.0
vb0[90]+056 BLENDINDICES: 2, 0, 0, 0
vb0[90]+072 COLOR: 1.0, 0.5019607843137255, 0.5019607843137255, 0.5019607843137255
vb0[90]+076 TEXCOORD: 0.19350352883338928, 0.72850501537323

vb0[91]+000 POSITION: 0.0764823779463768, 1.4375413656234741, 0.0754370242357254
vb0[91]+012 NORMAL: 0.8964283466339111, 0.1243089959025383, 0.42539796233177185
vb0[91]+024 TANGENT: 0.8955563902854919, 0.10766100883483887, 0.4317265748977661, -1.0
vb0[91]+040 BLENDWEIGHT: 1.0, 0.0, 0.0, 0.0
vb0[91]+056 BLENDINDICES: 2, 0, 0, 0
vb0[91]+072 COLOR: 1.0, 0.5019607843137255, 0.5019607843137255, 0.5019607843137255
vb0[91]+076 TEXCOORD: 0.23521852493286133, 0.7126479744911194

vb0[92]+000 POSITION: 0.07606156170368195, 1.450605869293213, 0.07236454635858536
vb0[92]+012 NORMAL: 0.8946664929389954, 0.16628646850585938, 0.4146331250667572
vb0[92]+024 TANGENT: 0.8890737295150757, 0.174249529838562, 0.42330265045166016, -1.0
vb0[92]+040 BLENDWEIGHT: 1.0, 0.0, 0.0, 0.0
vb0[92]+056 BLENDINDICES: 2, 0, 0, 0
vb0[92]+072 COLOR: 1.0, 0.5019607843137255, 0.5019607843137255, 0.5019607843137255
vb0[92]+076 TEXCOORD: 0.2320525348186493, 0.7528190016746521

vb0[93]+000 POSITION: 0.08511622250080109, 1.436692476272583, 0.04694846644997597
vb0[93]+012 NORMAL: 0.9907112717628479, 0.054695095866918564, 0.12449739873409271
vb0[93]+024 TANGENT: 0.9909332990646362, 0.050827741622924805, 0.12436999380588531, -1.0
vb0[93]+040 BLENDWEIGHT: 1.0, 0.0, 0.0, 0.0
vb0[93]+056 BLENDINDICES: 2, 0, 0, 0
vb0[93]+072 COLOR: 1.0, 0.5019607843137255, 0.5019607843137255, 0.5019607843137255
vb0[93]+076 TEXCOORD: 0.15976153314113617, 0.7007060050964355

vb0[94]+000 POSITION: 0.08491791784763336, 1.4231268167495728, 0.04888657480478287
vb0[94]+012 NORMAL: 0.9917237162590027, -0.038279447704553604, 0.1225510910153389
vb0[94]+024 TANGENT: 0.9913442134857178, -0.024235308170318604, 0.12903261184692383, -1.0
vb0[94]+040 BLENDWEIGHT: 1.0, 0.0, 0.0, 0.0
vb0[94]+056 BLENDINDICES: 2, 0, 0, 0
vb0[94]+072 COLOR: 1.0, 0.5019607843137255, 0.5019607843137255, 0.5019607843137255
vb0[94]+076 TEXCOORD: 0.16244253516197205, 0.6583729982376099

vb0[95]+000 POSITION: 0.08221988379955292, 1.4144450426101685, 0.06284496188163757
vb0[95]+012 NORMAL: 0.9739235639572144, -0.07073722779750824, 0.21556681394577026
vb0[95]+024 TANGENT: 0.9732397198677063, -0.05979376658797264, 0.2218763828277588, -1.0
vb0[95]+040 BLENDWEIGHT: 1.0, 0.0, 0.0, 0.0
vb0[95]+056 BLENDINDICES: 2, 0, 0, 0
vb0[95]+072 COLOR: 1.0, 0.5019607843137255, 0.5019607843137255, 0.5019607843137255
vb0[95]+076 TEXCOORD: 0.196290522813797, 0.6382219791412354

vb0[96]+000 POSITION: 0.08371211588382721, 1.4095219373703003, 0.049204111099243164
vb0[96]+012 NORMAL: 0.9805563688278198, -0.12706509232521057, 0.1495448350906372
vb0[96]+024 TANGENT: 0.9820725917816162, -0.1258174180984497, 0.14036893844604492, -1.0
vb0[96]+040 BLENDWEIGHT: 1.0, 0.0, 0.0, 0.0
vb0[96]+056 BLENDINDICES: 2, 0, 0, 0
vb0[96]+072 COLOR: 1.0, 0.5019607843137255, 0.5019607843137255, 0.5019607843137255
vb0[96]+076 TEXCOORD: 0.16122053563594818, 0.6143620014190674

vb0[97]+000 POSITION: 0.08586955070495605, 1.4155666828155518, 0.0360771045088768
vb0[97]+012 NORMAL: 0.9943371415138245, -0.05175019055604935, 0.09281997382640839
vb0[97]+024 TANGENT: 0.9944244623184204, -0.057568781077861786, 0.08834981173276901, -1.0
vb0[97]+040 BLENDWEIGHT: 1.0, 0.0, 0.0, 0.0
vb0[97]+056 BLENDINDICES: 2, 0, 0, 0
vb0[97]+072 COLOR: 1.0, 0.5019607843137255, 0.5019607843137255, 0.5019607843137255
vb0[97]+076 TEXCOORD: 0.12879154086112976, 0.629056990146637

vb0[98]+000 POSITION: 0.0849413126707077, 1.4042598009109497, 0.037196699529886246
vb0[98]+012 NORMAL: 0.9806187748908997, -0.15552711486816406, 0.1191558763384819
vb0[98]+024 TANGENT: 0.9816492199897766, -0.15980392694473267, 0.10405517369508743, -1.0
vb0[98]+040 BLENDWEIGHT: 1.0, 0.0, 0.0, 0.0
vb0[98]+056 BLENDINDICES: 2, 0, 0, 0
vb0[98]+072 COLOR: 1.0, 0.5019607843137255, 0.5019607843137255, 0.5019607843137255
vb0[98]+076 TEXCOORD: 0.12953153252601624, 0.5920990109443665

vb0[99]+000 POSITION: 0.08061451464891434, 1.3904281854629517, 0.04764741286635399
vb0[99]+012 NORMAL: 0.9675352573394775, -0.22398804128170013, 0.11706805229187012
vb0[99]+024 TANGENT: 0.9664691090583801, -0.22733834385871887, 0.11939359456300735, -1.0
vb0[99]+040 BLENDWEIGHT: 1.0, 0.0, 0.0, 0.0
vb0[99]+056 BLENDINDICES: 2, 0, 0, 0
vb0[99]+072 COLOR: 1.0, 0.5019607843137255, 0.5019607843137255, 0.5019607843137255
vb0[99]+076 TEXCOORD: 0.15964053571224213, 0.5466229915618896

vb0[100]+000 POSITION: 0.08083004504442215, 1.3876817226409912, 0.03787938132882118
vb0[100]+012 NORMAL: 0.959281861782074, -0.27125176787376404, 0.07874466478824615
vb0[100]+024 TANGENT: 0.9595834016799927, -0.26839327812194824, 0.08464504033327103, -1.0
vb0[100]+040 BLENDWEIGHT: 1.0, 0.0, 0.0, 0.0
vb0[100]+056 BLENDINDICES: 2, 0, 0, 0
vb0[100]+072 COLOR: 1.0, 0.5019607843137255, 0.5019607843137255, 0.5019607843137255
vb0[100]+076 TEXCOORD: 0.13368652760982513, 0.5340030193328857

vb0[101]+000 POSITION: 0.0759597197175026, 1.3744616508483887, 0.049178991466760635
vb0[101]+012 NORMAL: 0.9509238600730896, -0.29816922545433044, 0.08269812911748886
vb0[101]+024 TANGENT: 0.9504097104072571, -0.2984021008014679, 0.08762229233980179, -1.0
vb0[101]+040 BLENDWEIGHT: 1.0, 0.0, 0.0, 0.0
vb0[101]+056 BLENDINDICES: 2, 0, 0, 0
vb0[101]+072 COLOR: 1.0, 0.5019607843137255, 0.5019607843137255, 0.5019607843137255
vb0[101]+076 TEXCOORD: 0.17237253487110138, 0.49400898814201355

vb0[102]+000 POSITION: 0.07595718652009964, 1.3728371858596802, 0.039787404239177704
vb0[102]+012 NORMAL: 0.9430716037750244, -0.33060309290885925, 0.03629693388938904
vb0[102]+024 TANGENT: 0.9435257315635681, -0.3289887607097626, 0.03905796632170677, -1.0
vb0[102]+040 BLENDWEIGHT: 1.0, 0.0, 0.0, 0.0
vb0[102]+056 BLENDINDICES: 2, 0, 0, 0
vb0[102]+072 COLOR: 1.0, 0.5019607843137255, 0.5019607843137255, 0.5019607843137255
vb0[102]+076 TEXCOORD: 0.14828753471374512, 0.4793800115585327

vb0[103]+000 POSITION: 0.07684166729450226, 1.4252729415893555, 0.07791119068861008
vb0[103]+012 NORMAL: 0.9082460999488831, 0.05873023718595505, 0.4142944812774658
vb0[103]+024 TANGENT: 0.9020829200744629, 0.0638740062713623, 0.42680978775024414, -1.0
vb0[103]+040 BLENDWEIGHT: 1.0, 0.0, 0.0, 0.0
vb0[103]+056 BLENDINDICES: 2, 0, 0, 0
vb0[103]+072 COLOR: 1.0, 0.5019607843137255, 0.5019607843137255, 0.5019607843137255
vb0[103]+076 TEXCOORD: 0.23841753602027893, 0.6761040091514587

vb0[104]+000 POSITION: 0.07661902904510498, 1.4158729314804077, 0.0798550397157669
vb0[104]+012 NORMAL: 0.9245392084121704, 0.057825878262519836, 0.3766741156578064
vb0[104]+024 TANGENT: 0.8862321972846985, 0.006410717964172363, 0.4631969630718231, -1.0
vb0[104]+040 BLENDWEIGHT: 1.0, 0.0, 0.0, 0.0
vb0[104]+056 BLENDINDICES: 2, 0, 0, 0
vb0[104]+072 COLOR: 1.0, 0.5019607843137255, 0.5019607843137255, 0.5019607843137255
vb0[104]+076 TEXCOORD: 0.24441753327846527, 0.6485300064086914

vb0[105]+000 POSITION: 0.08041232824325562, 1.406787395477295, 0.0696701779961586
vb0[105]+012 NORMAL: 0.9799389839172363, -0.0722036138176918, 0.1857585608959198
vb0[105]+024 TANGENT: 0.9581719636917114, -0.09546928852796555, 0.2697999179363251, -1.0
vb0[105]+040 BLENDWEIGHT: 1.0, 0.0, 0.0, 0.0
vb0[105]+056 BLENDINDICES: 2, 0, 0, 0
vb0[105]+072 COLOR: 1.0, 0.5019607843137255, 0.5019607843137255, 0.5019607843137255
vb0[105]+076 TEXCOORD: 0.21355952322483063, 0.6192479729652405

vb0[106]+000 POSITION: 0.07107499241828918, 1.4307973384857178, 0.0866975411772728
vb0[106]+012 NORMAL: 0.8082784414291382, 0.09584386646747589, 0.5809474587440491
vb0[106]+024 TANGENT: 0.7994315028190613, 0.08207534998655319, 0.5951242446899414, -1.0
vb0[106]+040 BLENDWEIGHT: 1.0, 0.0, 0.0, 0.0
vb0[106]+056 BLENDINDICES: 2, 0, 0, 0
vb0[106]+072 COLOR: 1.0, 0.5019607843137255, 0.5019607843137255, 0.5019607843137255
vb0[106]+076 TEXCOORD: 0.27208951115608215, 0.6973329782485962

vb0[107]+000 POSITION: 0.0703166052699089, 1.4423999786376953, 0.08510281145572662
vb0[107]+012 NORMAL: 0.816257894039154, 0.14830352365970612, 0.5583270192146301
vb0[107]+024 TANGENT: 0.8138344883918762, 0.14761148393154144, 0.5620357990264893, -1.0
vb0[107]+040 BLENDWEIGHT: 1.0, 0.0, 0.0, 0.0
vb0[107]+056 BLENDINDICES: 2, 0, 0, 0
vb0[107]+072 COLOR: 1.0, 0.5019607843137255, 0.5019607843137255, 0.5019607843137255
vb0[107]+076 TEXCOORD: 0.27006250619888306, 0.7315469980239868

vb0[108]+000 POSITION: 0.07079226523637772, 1.4208482503890991, 0.08808334916830063
vb0[108]+012 NORMAL: 0.7924128174781799, 0.07119520753622055, 0.605816125869751
vb0[108]+024 TANGENT: 0.7684661746025085, 0.003512382274493575, 0.6398807764053345, -1.0
vb0[108]+040 BLENDWEIGHT: 1.0, 0.0, 0.0, 0.0
vb0[108]+056 BLENDINDICES: 2, 0, 0, 0
vb0[108]+072 COLOR: 1.0, 0.5019607843137255, 0.5019607843137255, 0.5019607843137255
vb0[108]+076 TEXCOORD: 0.2748345136642456, 0.668599009513855

vb0[109]+000 POSITION: 0.0629877969622612, 1.4236092567443848, 0.0958624929189682
vb0[109]+012 NORMAL: 0.6480583548545837, 0.03946591168642044, 0.7605674266815186
vb0[109]+024 TANGENT: 0.6372351050376892, -0.03398483991622925, 0.769919753074646, -1.0
vb0[109]+040 BLENDWEIGHT: 1.0, 0.0, 0.0, 0.0
vb0[109]+056 BLENDINDICES: 2, 0, 0, 0
vb0[109]+072 COLOR: 1.0, 0.5019607843137255, 0.5019607843137255, 0.5019607843137255
vb0[109]+076 TEXCOORD: 0.30368050932884216, 0.6797080039978027

vb0[110]+000 POSITION: 0.06351714581251144, 1.4336744546890259, 0.09505391120910645
vb0[110]+012 NORMAL: 0.6643369793891907, 0.08943954110145569, 0.742062509059906
vb0[110]+024 TANGENT: 0.6661226153373718, 0.0665658637881279, 0.7428657412528992, -1.0
vb0[110]+040 BLENDWEIGHT: 1.0, 0.0, 0.0, 0.0
vb0[110]+056 BLENDINDICES: 2, 0, 0, 0
vb0[110]+072 COLOR: 1.0, 0.5019607843137255, 0.5019607843137255, 0.5019607843137255
vb0[110]+076 TEXCOORD: 0.3030585050582886, 0.7090839743614197

vb0[111]+000 POSITION: 0.051956985145807266, 1.4242678880691528, 0.10336127132177353
vb0[111]+012 NORMAL: 0.5136520862579346, -0.0029431511647999287, 0.8579935431480408
vb0[111]+024 TANGENT: 0.5090609192848206, -0.08051209896802902, 0.8569567203521729, -1.0
vb0[111]+040 BLENDWEIGHT: 1.0, 0.0, 0.0, 0.0
vb0[111]+056 BLENDINDICES: 2, 0, 0, 0
vb0[111]+072 COLOR: 1.0, 0.5019607843137255, 0.5019607843137255, 0.5019607843137255
vb0[111]+076 TEXCOORD: 0.3468865156173706, 0.685018002986908

vb0[112]+000 POSITION: 0.05202389508485794, 1.4349106550216675, 0.10332471877336502
vb0[112]+012 NORMAL: 0.5371460914611816, 0.06342555582523346, 0.8411012291908264
vb0[112]+024 TANGENT: 0.5258180499076843, 0.03713047504425049, 0.8497863411903381, -1.0
vb0[112]+040 BLENDWEIGHT: 1.0, 0.0, 0.0, 0.0
vb0[112]+056 BLENDINDICES: 2, 0, 0, 0
vb0[112]+072 COLOR: 1.0, 0.5019607843137255, 0.5019607843137255, 0.5019607843137255
vb0[112]+076 TEXCOORD: 0.3450015187263489, 0.7151809930801392

vb0[113]+000 POSITION: 0.0395076684653759, 1.4338724613189697, 0.10993402451276779
vb0[113]+012 NORMAL: 0.42332908511161804, 0.007988072000443935, 0.9059407114982605
vb0[113]+024 TANGENT: 0.4227239489555359, -0.012679816223680973, 0.9061698317527771, -1.0
vb0[113]+040 BLENDWEIGHT: 1.0, 0.0, 0.0, 0.0
vb0[113]+056 BLENDINDICES: 2, 0, 0, 0
vb0[113]+072 COLOR: 1.0, 0.5019607843137255, 0.5019607843137255, 0.5019607843137255
vb0[113]+076 TEXCOORD: 0.3879825174808502, 0.7151910066604614

vb0[114]+000 POSITION: 0.040479276329278946, 1.4218995571136475, 0.10895951092243195
vb0[114]+012 NORMAL: 0.4027622640132904, -0.05897902697324753, 0.9134023785591125
vb0[114]+024 TANGENT: 0.4231312870979309, -0.13054877519607544, 0.896614134311676, -1.0
vb0[114]+040 BLENDWEIGHT: 1.0, 0.0, 0.0, 0.0
vb0[114]+056 BLENDINDICES: 2, 0, 0, 0
vb0[114]+072 COLOR: 1.0, 0.5019607843137255, 0.5019607843137255, 0.5019607843137255
vb0[114]+076 TEXCOORD: 0.38790351152420044, 0.679980993270874

vb0[115]+000 POSITION: 0.038767263293266296, 1.4462159872055054, 0.10950847715139389
vb0[115]+012 NORMAL: 0.4500442445278168, 0.09817226976156235, 0.8875935673713684
vb0[115]+024 TANGENT: 0.4482567608356476, 0.08935617655515671, 0.8894274830818176, -1.0
vb0[115]+040 BLENDWEIGHT: 1.0, 0.0, 0.0, 0.0
vb0[115]+056 BLENDINDICES: 2, 0, 0, 0
vb0[115]+072 COLOR: 1.0, 0.5019607843137255, 0.5019607843137255, 0.5019607843137255
vb0[115]+076 TEXCOORD: 0.3879375159740448, 0.7510960102081299

vb0[116]+000 POSITION: 0.02653299830853939, 1.4436875581741333, 0.11520612239837646
vb0[116]+012 NORMAL: 0.34345224499702454, 0.06358502060174942, 0.937015175819397
vb0[116]+024 TANGENT: 0.3442338705062866, 0.05407857894897461, 0.9373252391815186, -1.0
vb0[116]+040 BLENDWEIGHT: 1.0, 0.0, 0.0, 0.0
vb0[116]+056 BLENDINDICES: 2, 0, 0, 0
vb0[116]+072 COLOR: 1.0, 0.5019607843137255, 0.5019607843137255, 0.5019607843137255
vb0[116]+076 TEXCOORD: 0.4264875054359436, 0.7436079978942871

vb0[117]+000 POSITION: 0.02600647322833538, 1.4600718021392822, 0.11342416703701019
vb0[117]+012 NORMAL: 0.3395968973636627, 0.21223503351211548, 0.9163133502006531
vb0[117]+024 TANGENT: 0.345771461725235, 0.1956811100244522, 0.9176878929138184, -1.0
vb0[117]+040 BLENDWEIGHT: 1.0, 0.0, 0.0, 0.0
vb0[117]+056 BLENDINDICES: 2, 0, 0, 0
vb0[117]+072 COLOR: 1.0, 0.5019607843137255, 0.5019607843137255, 0.5019607843137255
vb0[117]+076 TEXCOORD: 0.42379850149154663, 0.7914810180664062

vb0[118]+000 POSITION: 0.03833834454417229, 1.4611886739730835, 0.10769770294427872
vb0[118]+012 NORMAL: 0.4515089690685272, 0.21547478437423706, 0.8658581972122192
vb0[118]+024 TANGENT: 0.45866256952285767, 0.2028421014547348, 0.8651494979858398, -1.0
vb0[118]+040 BLENDWEIGHT: 1.0, 0.0, 0.0, 0.0
vb0[118]+056 BLENDINDICES: 2, 0, 0, 0
vb0[118]+072 COLOR: 1.0, 0.5019607843137255, 0.5019607843137255, 0.5019607843137255
vb0[118]+076 TEXCOORD: 0.384832501411438, 0.7953959703445435

vb0[119]+000 POSITION: 0.026111237704753876, 1.4300631284713745, 0.1153983473777771
vb0[119]+012 NORMAL: 0.3166969120502472, -0.0669020488858223, 0.9461644887924194
vb0[119]+024 TANGENT: 0.3116062581539154, -0.09112489968538284, 0.945831835269928, -1.0
vb0[119]+040 BLENDWEIGHT: 1.0, 0.0, 0.0, 0.0
vb0[119]+056 BLENDINDICES: 2, 0, 0, 0
vb0[119]+072 COLOR: 1.0, 0.5019607843137255, 0.5019607843137255, 0.5019607843137255
vb0[119]+076 TEXCOORD: 0.4276145100593567, 0.7042019963264465

vb0[120]+000 POSITION: 0.05129814147949219, 1.446859359741211, 0.10205904394388199
vb0[120]+012 NORMAL: 0.5643361806869507, 0.1308111697435379, 0.8151154518127441
vb0[120]+024 TANGENT: 0.5573567152023315, 0.1266571432352066, 0.8205556273460388, -1.0
vb0[120]+040 BLENDWEIGHT: 1.0, 0.0, 0.0, 0.0
vb0[120]+056 BLENDINDICES: 2, 0, 0, 0
vb0[120]+072 COLOR: 1.0, 0.5019607843137255, 0.5019607843137255, 0.5019607843137255
vb0[120]+076 TEXCOORD: 0.3441135287284851, 0.7501580119132996

vb0[121]+000 POSITION: 0.012463546358048916, 1.4583474397659302, 0.11807490140199661
vb0[121]+012 NORMAL: 0.23607569932937622, 0.20659878849983215, 0.9495183229446411
vb0[121]+024 TANGENT: 0.23029936850070953, 0.18913795053958893, 0.954562246799469, -1.0
vb0[121]+040 BLENDWEIGHT: 1.0, 0.0, 0.0, 0.0
vb0[121]+056 BLENDINDICES: 2, 0, 0, 0
vb0[121]+072 COLOR: 1.0, 0.5019607843137255, 0.5019607843137255, 0.5019607843137255
vb0[121]+076 TEXCOORD: 0.4658305048942566, 0.7839599847793579

vb0[122]+000 POSITION: 0.012191408313810825, 1.4406663179397583, 0.11971309036016464
vb0[122]+012 NORMAL: 0.22925972938537598, 0.024635987356305122, 0.973053514957428
vb0[122]+024 TANGENT: 0.23108848929405212, 0.02488088794052601, 0.972614586353302, -1.0
vb0[122]+040 BLENDWEIGHT: 1.0, 0.0, 0.0, 0.0
vb0[122]+056 BLENDINDICES: 2, 0, 0, 0
vb0[122]+072 COLOR: 1.0, 0.5019607843137255, 0.5019607843137255, 0.5019607843137255
vb0[122]+076 TEXCOORD: 0.4675445258617401, 0.7334169745445251

vb0[123]+000 POSITION: 0.011550853960216045, 1.4266349077224731, 0.11910906434059143
vb0[123]+012 NORMAL: 0.23262649774551392, -0.09959457814693451, 0.9674532413482666
vb0[123]+024 TANGENT: 0.2294885665178299, -0.10192477703094482, 0.9679599404335022, -1.0
vb0[123]+040 BLENDWEIGHT: 1.0, 0.0, 0.0, 0.0
vb0[123]+056 BLENDINDICES: 2, 0, 0, 0
vb0[123]+072 COLOR: 1.0, 0.5019607843137255, 0.5019607843137255, 0.5019607843137255
vb0[123]+076 TEXCOORD: 0.4686865210533142, 0.6928290128707886

vb0[124]+000 POSITION: 0.020506517961621284, 1.4103938341140747, 0.11398636549711227
vb0[124]+012 NORMAL: 0.27481406927108765, -0.14441624283790588, 0.9505898952484131
vb0[124]+024 TANGENT: 0.30590173602104187, -0.2165248543024063, 0.9271143674850464, -1.0
vb0[124]+040 BLENDWEIGHT: 1.0, 0.0, 0.0, 0.0
vb0[124]+056 BLENDINDICES: 2, 0, 0, 0
vb0[124]+072 COLOR: 1.0, 0.5019607843137255, 0.5019607843137255, 0.5019607843137255
vb0[124]+076 TEXCOORD: 0.4421585202217102, 0.6456140279769897

vb0[125]+000 POSITION: 0.009423305280506611, 1.4132726192474365, 0.11774895340204239
vb0[125]+012 NORMAL: 0.23903782665729523, -0.1340256929397583, 0.9617161750793457
vb0[125]+024 TANGENT: 0.22857888042926788, -0.17274178564548492, 0.9580772519111633, -1.0
vb0[125]+040 BLENDWEIGHT: 1.0, 0.0, 0.0, 0.0
vb0[125]+056 BLENDINDICES: 2, 0, 0, 0
vb0[125]+072 COLOR: 1.0, 0.5019607843137255, 0.5019607843137255, 0.5019607843137255
vb0[125]+076 TEXCOORD: 0.47389450669288635, 0.6524739861488342

vb0[126]+000 POSITION: -3.471837928259447e-08, 1.4259477853775024, 0.1211305484175682
vb0[126]+012 NORMAL: -2.6384495299680566e-07, -0.08358673751354218, 0.9965004920959473
vb0[126]+024 TANGENT: 0.0, -0.09993405640125275, 0.9949941039085388, -1.0
vb0[126]+040 BLENDWEIGHT: 1.0, 0.0, 0.0, 0.0
vb0[126]+056 BLENDINDICES: 2, 0, 0, 0
vb0[126]+072 COLOR: 1.0, 0.5019607843137255, 0.5019607843137255, 0.5019607843137255
vb0[126]+076 TEXCOORD: 0.4999999701976776, 0.6888290047645569

vb0[127]+000 POSITION: -3.471837572988079e-08, 1.4136234521865845, 0.11961419135332108
vb0[127]+012 NORMAL: 0.0, -0.12211738526821136, 0.9925157427787781
vb0[127]+024 TANGENT: 0.0, -0.1644066572189331, 0.9863926768302917, -1.0
vb0[127]+040 BLENDWEIGHT: 1.0, 0.0, 0.0, 0.0
vb0[127]+056 BLENDINDICES: 2, 0, 0, 0
vb0[127]+072 COLOR: 1.0, 0.5019607843137255, 0.5019607843137255, 0.5019607843137255
vb0[127]+076 TEXCOORD: 0.4999999403953552, 0.6541470289230347

vb0[128]+000 POSITION: 0.029147259891033173, 1.4172794818878174, 0.11269509047269821
vb0[128]+012 NORMAL: 0.3028380572795868, -0.12778908014297485, 0.9444358944892883
vb0[128]+024 TANGENT: 0.3432554602622986, -0.18055158853530884, 0.9217249751091003, -1.0
vb0[128]+040 BLENDWEIGHT: 1.0, 0.0, 0.0, 0.0
vb0[128]+056 BLENDINDICES: 2, 0, 0, 0
vb0[128]+072 COLOR: 1.0, 0.5019607843137255, 0.5019607843137255, 0.5019607843137255
vb0[128]+076 TEXCOORD: 0.4155225157737732, 0.6676520109176636

vb0[129]+000 POSITION: 0.05071982741355896, 1.4606651067733765, 0.10028836876153946
vb0[129]+012 NORMAL: 0.5888918042182922, 0.22217421233654022, 0.7770745754241943
vb0[129]+024 TANGENT: 0.5860816836357117, 0.2152557373046875, 0.7811357975006104, -1.0
vb0[129]+040 BLENDWEIGHT: 1.0, 0.0, 0.0, 0.0
vb0[129]+056 BLENDINDICES: 2, 0, 0, 0
vb0[129]+072 COLOR: 1.0, 0.5019607843137255, 0.5019607843137255, 0.5019607843137255
vb0[129]+076 TEXCOORD: 0.34159451723098755, 0.7916610240936279

vb0[130]+000 POSITION: 0.03799281641840935, 1.4802613258361816, 0.10153476148843765
vb0[130]+012 NORMAL: 0.460715115070343, 0.38222530484199524, 0.8010277152061462
vb0[130]+024 TANGENT: 0.46349042654037476, 0.37953996658325195, 0.8007034659385681, -1.0
vb0[130]+040 BLENDWEIGHT: 1.0, 0.0, 0.0, 0.0
vb0[130]+056 BLENDINDICES: 2, 0, 0, 0
vb0[130]+072 COLOR: 1.0, 0.5019607843137255, 0.5019607843137255, 0.5019607843137255
vb0[130]+076 TEXCOORD: 0.37886351346969604, 0.856902003288269

vb0[131]+000 POSITION: 0.04965284839272499, 1.4781322479248047, 0.09443812817335129
vb0[131]+012 NORMAL: 0.6104097962379456, 0.36840179562568665, 0.701198935508728
vb0[131]+024 TANGENT: 0.6065541505813599, 0.36997249722480774, 0.7037133574485779, -1.0
vb0[131]+040 BLENDWEIGHT: 1.0, 0.0, 0.0, 0.0
vb0[131]+056 BLENDINDICES: 2, 0, 0, 0
vb0[131]+072 COLOR: 1.0, 0.5019607843137255, 0.5019607843137255, 0.5019607843137255
vb0[131]+076 TEXCOORD: 0.33431151509284973, 0.8475210070610046

vb0[132]+000 POSITION: 0.0601201169192791, 1.474734902381897, 0.08513212949037552
vb0[132]+012 NORMAL: 0.7174108624458313, 0.3559696078300476, 0.598838210105896
vb0[132]+024 TANGENT: 0.7251281142234802, 0.35445916652679443, 0.5903794765472412, -1.0
vb0[132]+040 BLENDWEIGHT: 1.0, 0.0, 0.0, 0.0
vb0[132]+056 BLENDINDICES: 2, 0, 0, 0
vb0[132]+072 COLOR: 1.0, 0.5019607843137255, 0.5019607843137255, 0.5019607843137255
vb0[132]+076 TEXCOORD: 0.28811752796173096, 0.8332499861717224

vb0[133]+000 POSITION: 0.06178361922502518, 1.4583762884140015, 0.09095627814531326
vb0[133]+012 NORMAL: 0.6960081458091736, 0.24534305930137634, 0.6748180985450745
vb0[133]+024 TANGENT: 0.7105682492256165, 0.22904419898986816, 0.6653056144714355, -1.0
vb0[133]+040 BLENDWEIGHT: 1.0, 0.0, 0.0, 0.0
vb0[133]+056 BLENDINDICES: 2, 0, 0, 0
vb0[133]+072 COLOR: 1.0, 0.5019607843137255, 0.5019607843137255, 0.5019607843137255
vb0[133]+076 TEXCOORD: 0.29703351855278015, 0.781669020652771

vb0[134]+000 POSITION: 0.06290280818939209, 1.4453264474868774, 0.0932781845331192
vb0[134]+012 NORMAL: 0.6752305626869202, 0.1632169783115387, 0.7193217873573303
vb0[134]+024 TANGENT: 0.6908209323883057, 0.15197229385375977, 0.7068740725517273, -1.0
vb0[134]+040 BLENDWEIGHT: 1.0, 0.0, 0.0, 0.0
vb0[134]+056 BLENDINDICES: 2, 0, 0, 0
vb0[134]+072 COLOR: 1.0, 0.5019607843137255, 0.5019607843137255, 0.5019607843137255
vb0[134]+076 TEXCOORD: 0.3006035089492798, 0.7429630160331726

vb0[135]+000 POSITION: 0.06919030100107193, 1.4552478790283203, 0.08286531269550323
vb0[135]+012 NORMAL: 0.8095382452011108, 0.22548432648181915, 0.5420374870300293
vb0[135]+024 TANGENT: 0.8106822967529297, 0.21624624729156494, 0.5440881252288818, -1.0
vb0[135]+040 BLENDWEIGHT: 1.0, 0.0, 0.0, 0.0
vb0[135]+056 BLENDINDICES: 2, 0, 0, 0
vb0[135]+072 COLOR: 1.0, 0.5019607843137255, 0.5019607843137255, 0.5019607843137255
vb0[135]+076 TEXCOORD: 0.26667651534080505, 0.7700480222702026

vb0[136]+000 POSITION: 0.07525824010372162, 1.4654499292373657, 0.06694817543029785
vb0[136]+012 NORMAL: 0.876285195350647, 0.27133873105049133, 0.3981199860572815
vb0[136]+024 TANGENT: 0.8793565034866333, 0.267031192779541, 0.3942415714263916, -1.0
vb0[136]+040 BLENDWEIGHT: 1.0, 0.0, 0.0, 0.0
vb0[136]+056 BLENDINDICES: 2, 0, 0, 0
vb0[136]+072 COLOR: 1.0, 0.5019607843137255, 0.5019607843137255, 0.5019607843137255
vb0[136]+076 TEXCOORD: 0.22194552421569824, 0.7983670234680176

vb0[137]+000 POSITION: 0.06740549206733704, 1.4709359407424927, 0.0771973580121994
vb0[137]+012 NORMAL: 0.7982398271560669, 0.3370896577835083, 0.4991830289363861
vb0[137]+024 TANGENT: 0.8019894361495972, 0.32846060395240784, 0.49892547726631165, -1.0
vb0[137]+040 BLENDWEIGHT: 1.0, 0.0, 0.0, 0.0
vb0[137]+056 BLENDINDICES: 2, 0, 0, 0
vb0[137]+072 COLOR: 1.0, 0.5019607843137255, 0.5019607843137255, 0.5019607843137255
vb0[137]+076 TEXCOORD: 0.25710052251815796, 0.8189970254898071

vb0[138]+000 POSITION: 0.0654393881559372, 1.4857264757156372, 0.06813406944274902
vb0[138]+012 NORMAL: 0.7969001531600952, 0.3867450952529907, 0.46408864855766296
vb0[138]+024 TANGENT: 0.7946717143058777, 0.38771602511405945, 0.4670899510383606, -1.0
vb0[138]+040 BLENDWEIGHT: 1.0, 0.0, 0.0, 0.0
vb0[138]+056 BLENDINDICES: 2, 0, 0, 0
vb0[138]+072 COLOR: 1.0, 0.5019607843137255, 0.5019607843137255, 0.5019607843137255
vb0[138]+076 TEXCOORD: 0.2382175326347351, 0.8698700070381165

vb0[139]+000 POSITION: 0.058498382568359375, 1.4902431964874268, 0.07531806081533432
vb0[139]+012 NORMAL: 0.7289441227912903, 0.4188815653324127, 0.5414597392082214
vb0[139]+024 TANGENT: 0.727314829826355, 0.4165094494819641, 0.5454657673835754, -1.0
vb0[139]+040 BLENDWEIGHT: 1.0, 0.0, 0.0, 0.0
vb0[139]+056 BLENDINDICES: 2, 0, 0, 0
vb0[139]+072 COLOR: 1.0, 0.5019607843137255, 0.5019607843137255, 0.5019607843137255
vb0[139]+076 TEXCOORD: 0.27012452483177185, 0.8877360224723816

vb0[140]+000 POSITION: 0.07426212728023529, 1.4785213470458984, 0.05767914652824402
vb0[140]+012 NORMAL: 0.8647651672363281, 0.33359965682029724, 0.3753563463687897
vb0[140]+024 TANGENT: 0.8700470328330994, 0.32451164722442627, 0.37109336256980896, -1.0
vb0[140]+040 BLENDWEIGHT: 1.0, 0.0, 0.0, 0.0
vb0[140]+056 BLENDINDICES: 2, 0, 0, 0
vb0[140]+072 COLOR: 1.0, 0.5019607843137255, 0.5019607843137255, 0.5019607843137255
vb0[140]+076 TEXCOORD: 0.2024875283241272, 0.8408769965171814

vb0[141]+000 POSITION: 0.08043254911899567, 1.4704793691635132, 0.04702546074986458
vb0[141]+012 NORMAL: 0.9425560235977173, 0.2302466332912445, 0.24202194809913635
vb0[141]+024 TANGENT: 0.9475383162498474, 0.2167883962392807, 0.2348911613225937, -1.0
vb0[141]+040 BLENDWEIGHT: 1.0, 0.0, 0.0, 0.0
vb0[141]+056 BLENDINDICES: 2, 0, 0, 0
vb0[141]+072 COLOR: 1.0, 0.5019607843137255, 0.5019607843137255, 0.5019607843137255
vb0[141]+076 TEXCOORD: 0.16783352196216583, 0.8084859848022461

vb0[142]+000 POSITION: 0.08134954422712326, 1.4582070112228394, 0.05475480854511261
vb0[142]+012 NORMAL: 0.9493188858032227, 0.1786787360906601, 0.25858762860298157
vb0[142]+024 TANGENT: 0.9516440629959106, 0.17816245555877686, 0.2502634525299072, -1.0
vb0[142]+040 BLENDWEIGHT: 1.0, 0.0, 0.0, 0.0
vb0[142]+056 BLENDINDICES: 2, 0, 0, 0
vb0[142]+072 COLOR: 1.0, 0.5019607843137255, 0.5019607843137255, 0.5019607843137255
vb0[142]+076 TEXCOORD: 0.18486852943897247, 0.7715929746627808

vb0[143]+000 POSITION: 0.08414078503847122, 1.4609402418136597, 0.035258229821920395
vb0[143]+012 NORMAL: 0.981236457824707, 0.13442467153072357, 0.13822077214717865
vb0[143]+024 TANGENT: 0.9841601252555847, 0.1177295446395874, 0.13254594802856445, -1.0
vb0[143]+040 BLENDWEIGHT: 1.0, 0.0, 0.0, 0.0
vb0[143]+056 BLENDINDICES: 2, 0, 0, 0
vb0[143]+072 COLOR: 1.0, 0.5019607843137255, 0.5019607843137255, 0.5019607843137255
vb0[143]+076 TEXCOORD: 0.13473652303218842, 0.7740439772605896

vb0[144]+000 POSITION: 0.08455174416303635, 1.4497463703155518, 0.04239075630903244
vb0[144]+012 NORMAL: 0.985559344291687, 0.10068367421627045, 0.1361451894044876
vb0[144]+024 TANGENT: 0.9865955710411072, 0.09771763533353806, 0.13069236278533936, -1.0
vb0[144]+040 BLENDWEIGHT: 1.0, 0.0, 0.0, 0.0
vb0[144]+056 BLENDINDICES: 2, 0, 0, 0
vb0[144]+072 COLOR: 1.0, 0.5019607843137255, 0.5019607843137255, 0.5019607843137255
vb0[144]+076 TEXCOORD: 0.15059952437877655, 0.7401999831199646

vb0[145]+000 POSITION: 0.08621151745319366, 1.4523676633834839, 0.024470575153827667
vb0[145]+012 NORMAL: 0.9927774667739868, 0.06470596045255661, 0.10102546960115433
vb0[145]+024 TANGENT: 0.99379563331604, 0.04867589846253395, 0.10000419616699219, -1.0
vb0[145]+040 BLENDWEIGHT: 1.0, 0.0, 0.0, 0.0
vb0[145]+056 BLENDINDICES: 2, 0, 0, 0
vb0[145]+072 COLOR: 1.0, 0.5019607843137255, 0.5019607843137255, 0.5019607843137255
vb0[145]+076 TEXCOORD: 0.107402503490448, 0.740123987197876

vb0[146]+000 POSITION: 0.08627225458621979, 1.4408233165740967, 0.029927952215075493
vb0[146]+012 NORMAL: 0.995596706867218, 0.03678186237812042, 0.08622244745492935
vb0[146]+024 TANGENT: 0.9955282807350159, 0.03875720128417015, 0.08614659309387207, -1.0
vb0[146]+040 BLENDWEIGHT: 1.0, 0.0, 0.0, 0.0
vb0[146]+056 BLENDINDICES: 2, 0, 0, 0
vb0[146]+072 COLOR: 1.0, 0.5019607843137255, 0.5019607843137255, 0.5019607843137255
vb0[146]+076 TEXCOORD: 0.11801551282405853, 0.7060160040855408

vb0[147]+000 POSITION: 0.08630947768688202, 1.427778720855713, 0.033703770488500595
vb0[147]+012 NORMAL: 0.9971345663070679, 0.0023945923894643784, 0.07561074942350388
vb0[147]+024 TANGENT: 0.9970812201499939, 0.001413106918334961, 0.07633507251739502, -1.0
vb0[147]+040 BLENDWEIGHT: 1.0, 0.0, 0.0, 0.0
vb0[147]+056 BLENDINDICES: 2, 0, 0, 0
vb0[147]+072 COLOR: 1.0, 0.5019607843137255, 0.5019607843137255, 0.5019607843137255
vb0[147]+076 TEXCOORD: 0.12514753639698029, 0.6670179963111877

vb0[148]+000 POSITION: 0.08704247325658798, 1.418082594871521, 0.021397292613983154
vb0[148]+012 NORMAL: 0.9979674220085144, -0.034253161400556564, 0.05373722314834595
vb0[148]+024 TANGENT: 0.9976286292076111, -0.04116356372833252, 0.0551602803170681, -1.0
vb0[148]+040 BLENDWEIGHT: 1.0, 0.0, 0.0, 0.0
vb0[148]+056 BLENDINDICES: 2, 0, 0, 0
vb0[148]+072 COLOR: 1.0, 0.5019607843137255, 0.5019607843137255, 0.5019607843137255
vb0[148]+076 TEXCOORD: 0.0917615070939064, 0.6329990029335022

vb0[149]+000 POSITION: 0.0861627459526062, 1.4077732563018799, 0.02409164048731327
vb0[149]+012 NORMAL: 0.9934960603713989, -0.09820722043514252, 0.05762723460793495
vb0[149]+024 TANGENT: 0.9935780763626099, -0.09689772129058838, 0.05842411145567894, -1.0
vb0[149]+040 BLENDWEIGHT: 1.0, 0.0, 0.0, 0.0
vb0[149]+056 BLENDINDICES: 2, 0, 0, 0
vb0[149]+072 COLOR: 1.0, 0.5019607843137255, 0.5019607843137255, 0.5019607843137255
vb0[149]+076 TEXCOORD: 0.09591450542211533, 0.6026809811592102

vb0[150]+000 POSITION: 0.08482398837804794, 1.3985086679458618, 0.02570931427180767
vb0[150]+012 NORMAL: 0.9739158749580383, -0.2120477557182312, 0.08076876401901245
vb0[150]+024 TANGENT: 0.9753842353820801, -0.2105976790189743, 0.0653766393661499, -1.0
vb0[150]+040 BLENDWEIGHT: 1.0, 0.0, 0.0, 0.0
vb0[150]+056 BLENDINDICES: 2, 0, 0, 0
vb0[150]+072 COLOR: 1.0, 0.5019607843137255, 0.5019607843137255, 0.5019607843137255
vb0[150]+076 TEXCOORD: 0.09734050929546356, 0.5719990134239197

vb0[151]+000 POSITION: 0.08738907426595688, 1.430574655532837, 0.01676894724369049
vb0[151]+012 NORMAL: 0.9980233907699585, -0.01234404742717743, 0.06161954998970032
vb0[151]+024 TANGENT: 0.9980871677398682, -0.008350194431841373, 0.0612565316259861, -1.0
vb0[151]+040 BLENDWEIGHT: 1.0, 0.0, 0.0, 0.0
vb0[151]+056 BLENDINDICES: 2, 0, 0, 0
vb0[151]+072 COLOR: 1.0, 0.5019607843137255, 0.5019607843137255, 0.5019607843137255
vb0[151]+076 TEXCOORD: 0.08222650736570358, 0.6663439869880676

vb0[152]+000 POSITION: 0.08036082983016968, 1.384106993675232, 0.027450768277049065
vb0[152]+012 NORMAL: 0.944100558757782, -0.32754039764404297, 0.03730212524533272
vb0[152]+024 TANGENT: 0.9449133276939392, -0.3250994086265564, 0.03806889057159424, -1.0
vb0[152]+040 BLENDWEIGHT: 1.0, 0.0, 0.0, 0.0
vb0[152]+056 BLENDINDICES: 2, 0, 0, 0
vb0[152]+072 COLOR: 1.0, 0.5019607843137255, 0.5019607843137255, 0.5019607843137255
vb0[152]+076 TEXCOORD: 0.10398949682712555, 0.5172299742698669

vb0[153]+000 POSITION: 0.07528126984834671, 1.3705508708953857, 0.029254203662276268
vb0[153]+012 NORMAL: 0.9286287426948547, -0.37033894658088684, -0.0223123487085104
vb0[153]+024 TANGENT: 0.9261958003044128, -0.3758695423603058, -0.029723703861236572, -1.0
vb0[153]+040 BLENDWEIGHT: 1.0, 0.0, 0.0, 0.0
vb0[153]+056 BLENDINDICES: 2, 0, 0, 0
vb0[153]+072 COLOR: 1.0, 0.5019607843137255, 0.5019607843137255, 0.5019607843137255
vb0[153]+076 TEXCOORD: 0.12055051326751709, 0.4594630002975464

vb0[154]+000 POSITION: 0.0703306645154953, 1.357879638671875, 0.04274085536599159
vb0[154]+012 NORMAL: 0.9234257340431213, -0.3836275041103363, 0.010716182179749012
vb0[154]+024 TANGENT: 0.9255281090736389, -0.37837615609169006, 0.015144704841077328, -1.0
vb0[154]+040 BLENDWEIGHT: 1.0, 0.0, 0.0, 0.0
vb0[154]+056 BLENDINDICES: 2, 0, 0, 0
vb0[154]+072 COLOR: 1.0, 0.5019607843137255, 0.5019607843137255, 0.5019607843137255
vb0[154]+076 TEXCOORD: 0.17811553180217743, 0.42399701476097107

vb0[155]+000 POSITION: 0.07111435383558273, 1.361003041267395, 0.053273722529411316
vb0[155]+012 NORMAL: 0.9351213574409485, -0.34702375531196594, 0.07157304883003235
vb0[155]+024 TANGENT: 0.93594890832901, -0.3411833941936493, 0.08714008331298828, -1.0
vb0[155]+040 BLENDWEIGHT: 1.0, 0.0, 0.0, 0.0
vb0[155]+056 BLENDINDICES: 2, 0, 0, 0
vb0[155]+072 COLOR: 1.0, 0.5019607843137255, 0.5019607843137255, 0.5019607843137255
vb0[155]+076 TEXCOORD: 0.1992725282907486, 0.44832101464271545

vb0[156]+000 POSITION: 0.07549357414245605, 1.375862956047058, 0.056892331689596176
vb0[156]+012 NORMAL: 0.9501432776451111, -0.2816973626613617, 0.13369494676589966
vb0[156]+024 TANGENT: 0.9475151300430298, -0.2803044617176056, 0.15376809239387512, -1.0
vb0[156]+040 BLENDWEIGHT: 1.0, 0.0, 0.0, 0.0
vb0[156]+056 BLENDINDICES: 2, 0, 0, 0
vb0[156]+072 COLOR: 1.0, 0.5019607843137255, 0.5019607843137255, 0.5019607843137255
vb0[156]+076 TEXCOORD: 0.19245553016662598, 0.5057550072669983

vb0[157]+000 POSITION: 0.07092269510030746, 1.3634154796600342, 0.061088189482688904
vb0[157]+012 NORMAL: 0.9352386593818665, -0.31290847063064575, 0.16558079421520233
vb0[157]+024 TANGENT: 0.9333902597427368, -0.30608221888542175, 0.187339648604393, -1.0
vb0[157]+040 BLENDWEIGHT: 1.0, 0.0, 0.0, 0.0
vb0[157]+056 BLENDINDICES: 2, 0, 0, 0
vb0[157]+072 COLOR: 1.0, 0.5019607843137255, 0.5019607843137255, 0.5019607843137255
vb0[157]+076 TEXCOORD: 0.2161095291376114, 0.4655489921569824

vb0[158]+000 POSITION: 0.06601487845182419, 1.3493609428405762, 0.05978957936167717
vb0[158]+012 NORMAL: 0.9081247448921204, -0.40513819456100464, 0.10569962114095688
vb0[158]+024 TANGENT: 0.913097620010376, -0.38990476727485657, 0.1192765161395073, -1.0
vb0[158]+040 BLENDWEIGHT: 1.0, 0.0, 0.0, 0.0
vb0[158]+056 BLENDINDICES: 2, 0, 0, 0
vb0[158]+072 COLOR: 1.0, 0.5019607843137255, 0.5019607843137255, 0.5019607843137255
vb0[158]+076 TEXCOORD: 0.23357953131198883, 0.41082099080085754

vb0[159]+000 POSITION: 0.06609437614679337, 1.3535025119781494, 0.06776504963636398
vb0[159]+012 NORMAL: 0.9167823195457458, -0.3399112820625305, 0.20969133079051971
vb0[159]+024 TANGENT: 0.9174731969833374, -0.3194938898086548, 0.23699471354484558, -1.0
vb0[159]+040 BLENDWEIGHT: 1.0, 0.0, 0.0, 0.0
vb0[159]+056 BLENDINDICES: 2, 0, 0, 0
vb0[159]+072 COLOR: 1.0, 0.5019607843137255, 0.5019607843137255, 0.5019607843137255
vb0[159]+076 TEXCOORD: 0.24604351818561554, 0.43583300709724426

vb0[160]+000 POSITION: 0.07451619952917099, 1.3769201040267944, 0.06408290565013885
vb0[160]+012 NORMAL: 0.9427065253257751, -0.2816977798938751, 0.17874781787395477
vb0[160]+024 TANGENT: 0.9347025752067566, -0.2674441933631897, 0.23410405218601227, -1.0
vb0[160]+040 BLENDWEIGHT: 1.0, 0.0, 0.0, 0.0
vb0[160]+056 BLENDINDICES: 2, 0, 0, 0
vb0[160]+072 COLOR: 1.0, 0.5019607843137255, 0.5019607843137255, 0.5019607843137255
vb0[160]+076 TEXCOORD: 0.21119752526283264, 0.5161020159721375

vb0[161]+000 POSITION: 0.06985964626073837, 1.365771770477295, 0.06875282526016235
vb0[161]+012 NORMAL: 0.9269827604293823, -0.29958558082580566, 0.22572441399097443
vb0[161]+024 TANGENT: 0.9234773516654968, -0.2695331871509552, 0.27302291989326477, -1.0
vb0[161]+040 BLENDWEIGHT: 1.0, 0.0, 0.0, 0.0
vb0[161]+056 BLENDINDICES: 2, 0, 0, 0
vb0[161]+072 COLOR: 1.0, 0.5019607843137255, 0.5019607843137255, 0.5019607843137255
vb0[161]+076 TEXCOORD: 0.23333853483200073, 0.48279500007629395

vb0[162]+000 POSITION: 0.06870010495185852, 1.3544427156448364, 0.032159145921468735
vb0[162]+012 NORMAL: 0.8862292170524597, -0.4548749029636383, -0.08767316490411758
vb0[162]+024 TANGENT: 0.89191073179245, -0.4447782337665558, -0.08165532350540161, -1.0
vb0[162]+040 BLENDWEIGHT: 1.0, 0.0, 0.0, 0.0
vb0[162]+056 BLENDINDICES: 2, 0, 0, 0
vb0[162]+072 COLOR: 1.0, 0.5019607843137255, 0.5019607843137255, 0.5019607843137255
vb0[162]+076 TEXCOORD: 0.15662053227424622, 0.39724600315093994

vb0[163]+000 POSITION: 0.06221595034003258, 1.3408846855163574, 0.03995068371295929
vb0[163]+012 NORMAL: 0.8093897700309753, -0.575695276260376, -0.11603078991174698
vb0[163]+024 TANGENT: 0.8195249438285828, -0.5642319917678833, -0.10010570287704468, -1.0
vb0[163]+040 BLENDWEIGHT: 1.0, 0.0, 0.0, 0.0
vb0[163]+056 BLENDINDICES: 2, 0, 0, 0
vb0[163]+072 COLOR: 1.0, 0.5019607843137255, 0.5019607843137255, 0.5019607843137255
vb0[163]+076 TEXCOORD: 0.20349152386188507, 0.3490560054779053

vb0[164]+000 POSITION: 0.057737503200769424, 1.3386186361312866, 0.0299566388130188
vb0[164]+012 NORMAL: 0.7649058103561401, -0.6194909811019897, -0.17649388313293457
vb0[164]+024 TANGENT: 0.7591075301170349, -0.6247885823249817, -0.1827431470155716, -1.0
vb0[164]+040 BLENDWEIGHT: 1.0, 0.0, 0.0, 0.0
vb0[164]+056 BLENDINDICES: 2, 0, 0, 0
vb0[164]+072 COLOR: 1.0, 0.5019607843137255, 0.5019607843137255, 0.5019607843137255
vb0[164]+076 TEXCOORD: 0.19052152335643768, 0.3171449899673462

vb0[165]+000 POSITION: 0.0645701214671135, 1.3504422903060913, 0.021891674026846886
vb0[165]+012 NORMAL: 0.8458836674690247, -0.5147494077682495, -0.13969215750694275
vb0[165]+024 TANGENT: 0.8592246174812317, -0.489057719707489, -0.15018559992313385, -1.0
vb0[165]+040 BLENDWEIGHT: 1.0, 0.0, 0.0, 0.0
vb0[165]+056 BLENDINDICES: 2, 0, 0, 0
vb0[165]+072 COLOR: 1.0, 0.5019607843137255, 0.5019607843137255, 0.5019607843137255
vb0[165]+076 TEXCOORD: 0.13430753350257874, 0.3707680106163025

vb0[166]+000 POSITION: 0.06454417109489441, 1.3447250127792358, 0.0497039258480072
vb0[166]+012 NORMAL: 0.8826633095741272, -0.4696514904499054, 0.01824573241174221
vb0[166]+024 TANGENT: 0.8870205879211426, -0.46112513542175293, 0.023622989654541016, -1.0
vb0[166]+040 BLENDWEIGHT: 1.0, 0.0, 0.0, 0.0
vb0[166]+056 BLENDINDICES: 2, 0, 0, 0
vb0[166]+072 COLOR: 1.0, 0.5019607843137255, 0.5019607843137255, 0.5019607843137255
vb0[166]+076 TEXCOORD: 0.21776053309440613, 0.3799459934234619

vb0[167]+000 POSITION: 0.0783260315656662, 1.389344573020935, 0.06254314631223679
vb0[167]+012 NORMAL: 0.9645532965660095, -0.21797524392604828, 0.14874036610126495
vb0[167]+024 TANGENT: 0.9547496438026428, -0.22224335372447968, 0.1976383775472641, -1.0
vb0[167]+040 BLENDWEIGHT: 1.0, 0.0, 0.0, 0.0
vb0[167]+056 BLENDINDICES: 2, 0, 0, 0
vb0[167]+072 COLOR: 1.0, 0.5019607843137255, 0.5019607843137255, 0.5019607843137255
vb0[167]+076 TEXCOORD: 0.19813452661037445, 0.560375988483429

vb0[168]+000 POSITION: 0.07974345982074738, 1.3911141157150269, 0.055728137493133545
vb0[168]+012 NORMAL: 0.9714464545249939, -0.1950356364250183, 0.13510383665561676
vb0[168]+024 TANGENT: 0.9683481454849243, -0.20943692326545715, 0.1357872635126114, -1.0
vb0[168]+040 BLENDWEIGHT: 1.0, 0.0, 0.0, 0.0
vb0[168]+056 BLENDINDICES: 2, 0, 0, 0
vb0[168]+072 COLOR: 1.0, 0.5019607843137255, 0.5019607843137255, 0.5019607843137255
vb0[168]+076 TEXCOORD: 0.18016353249549866, 0.5551859736442566

vb0[169]+000 POSITION: 0.07331430166959763, 1.3674938678741455, 0.01939162239432335
vb0[169]+012 NORMAL: 0.9073565006256104, -0.4112088978290558, -0.08724276721477509
vb0[169]+024 TANGENT: 0.9112726449966431, -0.4043590724468231, -0.07794874906539917, -1.0
vb0[169]+040 BLENDWEIGHT: 1.0, 0.0, 0.0, 0.0
vb0[169]+056 BLENDINDICES: 2, 0, 0, 0
vb0[169]+072 COLOR: 1.0, 0.5019607843137255, 0.5019607843137255, 0.5019607843137255
vb0[169]+076 TEXCOORD: 0.09546151012182236, 0.43538498878479004

vb0[170]+000 POSITION: 0.07916140556335449, 1.3812419176101685, 0.017878025770187378
vb0[170]+012 NORMAL: 0.9246380925178528, -0.3804545998573303, -0.017281264066696167
vb0[170]+024 TANGENT: 0.9341223239898682, -0.3566827178001404, 0.013891576789319515, -1.0
vb0[170]+040 BLENDWEIGHT: 1.0, 0.0, 0.0, 0.0
vb0[170]+056 BLENDINDICES: 2, 0, 0, 0
vb0[170]+072 COLOR: 1.0, 0.5019607843137255, 0.5019607843137255, 0.5019607843137255
vb0[170]+076 TEXCOORD: 0.07790250331163406, 0.5015990138053894

vb0[171]+000 POSITION: 0.08446481823921204, 1.3935290575027466, 0.016919845715165138
vb0[171]+012 NORMAL: 0.959333062171936, -0.2733887732028961, 0.07027620077133179
vb0[171]+024 TANGENT: 0.9691275358200073, -0.24028147757053375, 0.05528700724244118, -1.0
vb0[171]+040 BLENDWEIGHT: 1.0, 0.0, 0.0, 0.0
vb0[171]+056 BLENDINDICES: 2, 0, 0, 0
vb0[171]+072 COLOR: 1.0, 0.5019607843137255, 0.5019607843137255, 0.5019607843137255
vb0[171]+076 TEXCOORD: 0.07128250598907471, 0.5533429980278015

vb0[172]+000 POSITION: 0.08544690907001495, 1.3987901210784912, 0.013084935955703259
vb0[172]+012 NORMAL: 0.9891993403434753, -0.13898618519306183, 0.046556778252124786
vb0[172]+024 TANGENT: 0.9913418889045715, -0.12229425460100174, 0.04780590906739235, -1.0
vb0[172]+040 BLENDWEIGHT: 1.0, 0.0, 0.0, 0.0
vb0[172]+056 BLENDINDICES: 2, 0, 0, 0
vb0[172]+072 COLOR: 1.0, 0.5019607843137255, 0.5019607843137255, 0.5019607843137255
vb0[172]+076 TEXCOORD: 0.06444850564002991, 0.580456018447876

vb0[173]+000 POSITION: 0.0870324894785881, 1.4088789224624634, 0.009085857309401035
vb0[173]+012 NORMAL: 0.9962469935417175, -0.07677973061800003, 0.039960406720638275
vb0[173]+024 TANGENT: 0.9969623684883118, -0.06592714786529541, 0.04146718978881836, -1.0
vb0[173]+040 BLENDWEIGHT: 1.0, 0.0, 0.0, 0.0
vb0[173]+056 BLENDINDICES: 2, 0, 0, 0
vb0[173]+072 COLOR: 1.0, 0.5019607843137255, 0.5019607843137255, 0.5019607843137255
vb0[173]+076 TEXCOORD: 0.057133518159389496, 0.6039130091667175

vb0[174]+000 POSITION: 0.08771416544914246, 1.4216564893722534, 0.004069095943123102
vb0[174]+012 NORMAL: 0.9987204074859619, -0.03152399882674217, 0.03954581543803215
vb0[174]+024 TANGENT: 0.9986516833305359, -0.03116530179977417, 0.04151511192321777, -1.0
vb0[174]+040 BLENDWEIGHT: 1.0, 0.0, 0.0, 0.0
vb0[174]+056 BLENDINDICES: 2, 0, 0, 0
vb0[174]+072 COLOR: 1.0, 0.5019607843137255, 0.5019607843137255, 0.5019607843137255
vb0[174]+076 TEXCOORD: 0.04854252189397812, 0.6308299899101257

vb0[175]+000 POSITION: 0.08835557103157043, 1.435678482055664, 0.0009993758285418153
vb0[175]+012 NORMAL: 0.9981564879417419, -0.03429447114467621, 0.050074562430381775
vb0[175]+024 TANGENT: 0.9981573224067688, -0.03424352407455444, 0.050092097371816635, -1.0
vb0[175]+040 BLENDWEIGHT: 1.0, 0.0, 0.0, 0.0
vb0[175]+056 BLENDINDICES: 2, 0, 0, 0
vb0[175]+072 COLOR: 1.0, 0.5019607843137255, 0.5019607843137255, 0.5019607843137255
vb0[175]+076 TEXCOORD: 0.03459952026605606, 0.6686829924583435

vb0[176]+000 POSITION: 0.08804523199796677, 1.442075490951538, 0.011430838145315647
vb0[176]+012 NORMAL: 0.9968627691268921, -0.0041908943094313145, 0.07903938740491867
vb0[176]+024 TANGENT: 0.9972720742225647, -0.007330536842346191, 0.0734480619430542, -1.0
vb0[176]+040 BLENDWEIGHT: 1.0, 0.0, 0.0, 0.0
vb0[176]+056 BLENDINDICES: 2, 0, 0, 0
vb0[176]+072 COLOR: 1.0, 0.5019607843137255, 0.5019607843137255, 0.5019607843137255
vb0[176]+076 TEXCOORD: 0.0684015080332756, 0.6941260099411011

vb0[177]+000 POSITION: 0.02700805850327015, 1.3249462842941284, 0.10547029972076416
vb0[177]+012 NORMAL: 0.34726682305336, -0.5226590633392334, 0.7786098718643188
vb0[177]+024 TANGENT: 0.34007716178894043, -0.5277934074401855, 0.7783197164535522, -1.0
vb0[177]+040 BLENDWEIGHT: 1.0, 0.0, 0.0, 0.0
vb0[177]+056 BLENDINDICES: 2, 0, 0, 0
vb0[177]+072 COLOR: 1.0, 0.5019607843137255, 0.5019607843137255, 0.25098039215686274
vb0[177]+076 TEXCOORD: 0.4132955074310303, 0.33823901414871216

vb0[178]+000 POSITION: 0.027934474870562553, 1.329056978225708, 0.10750141739845276
vb0[178]+012 NORMAL: 0.35438746213912964, -0.41258665919303894, 0.8391553163528442
vb0[178]+024 TANGENT: 0.35045328736305237, -0.42379385232925415, 0.8352133631706238, -1.0
vb0[178]+040 BLENDWEIGHT: 1.0, 0.0, 0.0, 0.0
vb0[178]+056 BLENDINDICES: 2, 0, 0, 0
vb0[178]+072 COLOR: 1.0, 0.5019607843137255, 0.5019607843137255, 0.25098039215686274
vb0[178]+076 TEXCOORD: 0.41104450821876526, 0.35685300827026367

vb0[179]+000 POSITION: 0.02232583425939083, 1.3259323835372925, 0.10779939591884613
vb0[179]+012 NORMAL: 0.23414362967014313, -0.4910869598388672, 0.8390532732009888
vb0[179]+024 TANGENT: 0.2045748233795166, -0.4912751019001007, 0.8466391563415527, -1.0
vb0[179]+040 BLENDWEIGHT: 1.0, 0.0, 0.0, 0.0
vb0[179]+056 BLENDINDICES: 2, 0, 0, 0
vb0[179]+072 COLOR: 1.0, 0.5019607843137255, 0.5019607843137255, 0.0
vb0[179]+076 TEXCOORD: 0.42809152603149414, 0.3360480070114136

vb0[180]+000 POSITION: 0.022736182436347008, 1.3286012411117554, 0.10913123190402985
vb0[180]+012 NORMAL: 0.25041988492012024, -0.4239735007286072, 0.8703656196594238
vb0[180]+024 TANGENT: 0.23948639631271362, -0.45877906680107117, 0.8556681871414185, -1.0
vb0[180]+040 BLENDWEIGHT: 1.0, 0.0, 0.0, 0.0
vb0[180]+056 BLENDINDICES: 2, 0, 0, 0
vb0[180]+072 COLOR: 1.0, 0.5019607843137255, 0.5019607843137255, 0.0
vb0[180]+076 TEXCOORD: 0.4276845157146454, 0.34909000992774963

vb0[181]+000 POSITION: 0.023942388594150543, 1.3206422328948975, 0.10364066064357758
vb0[181]+012 NORMAL: 0.3402005732059479, -0.580194890499115, 0.7400252223014832
vb0[181]+024 TANGENT: 0.31449034810066223, -0.5738497376441956, 0.7561694979667664, -1.0
vb0[181]+040 BLENDWEIGHT: 1.0, 0.0, 0.0, 0.0
vb0[181]+056 BLENDINDICES: 2, 0, 0, 0
vb0[181]+072 COLOR: 1.0, 0.5019607843137255, 0.5019607843137255, 0.25098039215686274
vb0[181]+076 TEXCOORD: 0.42050251364707947, 0.32070499658584595

vb0[182]+000 POSITION: 0.02004546858370304, 1.3177224397659302, 0.1030140295624733
vb0[182]+012 NORMAL: 0.32415980100631714, -0.533064067363739, 0.7815133333206177
vb0[182]+024 TANGENT: 0.30591490864753723, -0.5313440561294556, 0.789993405342102, -1.0
vb0[182]+040 BLENDWEIGHT: 1.0, 0.0, 0.0, 0.0
vb0[182]+056 BLENDINDICES: 2, 0, 0, 0
vb0[182]+072 COLOR: 1.0, 0.5019607843137255, 0.5019607843137255, 0.25098039215686274
vb0[182]+076 TEXCOORD: 0.4343785047531128, 0.30592501163482666

vb0[183]+000 POSITION: 0.02346082404255867, 1.314579725265503, 0.09878387302160263
vb0[183]+012 NORMAL: 0.4800437092781067, -0.6538122296333313, 0.5848824977874756
vb0[183]+024 TANGENT: 0.44318103790283203, -0.6368253231048584, 0.6309074759483337, -1.0
vb0[183]+040 BLENDWEIGHT: 1.0, 0.0, 0.0, 0.0
vb0[183]+056 BLENDINDICES: 2, 0, 0, 0
vb0[183]+072 COLOR: 1.0, 0.5019607843137255, 0.5019607843137255, 0.5019607843137255
vb0[183]+076 TEXCOORD: 0.4235145151615143, 0.2960120141506195

vb0[184]+000 POSITION: 0.028243472799658775, 1.318570852279663, 0.099393330514431
vb0[184]+012 NORMAL: 0.470890074968338, -0.6625992059707642, 0.5824300646781921
vb0[184]+024 TANGENT: 0.4428626298904419, -0.6463636755943298, 0.6213587522506714, -1.0
vb0[184]+040 BLENDWEIGHT: 1.0, 0.0, 0.0, 0.0
vb0[184]+056 BLENDINDICES: 2, 0, 0, 0
vb0[184]+072 COLOR: 1.0, 0.5019607843137255, 0.5019607843137255, 0.5019607843137255
vb0[184]+076 TEXCOORD: 0.4052795171737671, 0.3158780038356781

vb0[185]+000 POSITION: 0.014532039873301983, 1.3150280714035034, 0.10333742201328278
vb0[185]+012 NORMAL: 0.29656293988227844, -0.44028452038764954, 0.847466766834259
vb0[185]+024 TANGENT: 0.30851730704307556, -0.4441045820713043, 0.8411826491355896, -1.0
vb0[185]+040 BLENDWEIGHT: 1.0, 0.0, 0.0, 0.0
vb0[185]+056 BLENDINDICES: 2, 0, 0, 0
vb0[185]+072 COLOR: 1.0, 0.5019607843137255, 0.5019607843137255, 0.25098039215686274
vb0[185]+076 TEXCOORD: 0.4520595073699951, 0.2931880056858063

vb0[186]+000 POSITION: 0.00980230700224638, 1.313336730003357, 0.1039978414773941
vb0[186]+012 NORMAL: 0.2504226863384247, -0.3790614902973175, 0.8908427357673645
vb0[186]+024 TANGENT: 0.28536778688430786, -0.3761393129825592, 0.8815239071846008, -1.0
vb0[186]+040 BLENDWEIGHT: 1.0, 0.0, 0.0, 0.0
vb0[186]+056 BLENDINDICES: 2, 0, 0, 0
vb0[186]+072 COLOR: 1.0, 0.5019607843137255, 0.5019607843137255, 0.25098039215686274
vb0[186]+076 TEXCOORD: 0.46787652373313904, 0.28667500615119934

vb0[187]+000 POSITION: 0.008695194497704506, 1.3175708055496216, 0.10634085536003113
vb0[187]+012 NORMAL: 0.25509440898895264, -0.4529581367969513, 0.8542574048042297
vb0[187]+024 TANGENT: 0.2699323892593384, -0.4669255316257477, 0.8420907855033875, -1.0
vb0[187]+040 BLENDWEIGHT: 1.0, 0.0, 0.0, 0.0
vb0[187]+056 BLENDINDICES: 2, 0, 0, 0
vb0[187]+072 COLOR: 1.0, 0.5019607843137255, 0.5019607843137255, 0.0
vb0[187]+076 TEXCOORD: 0.47054752707481384, 0.29951798915863037

vb0[188]+000 POSITION: 0.01092677004635334, 1.3083757162094116, 0.10177218168973923
vb0[188]+012 NORMAL: 0.4054870009422302, -0.44003400206565857, 0.8012180328369141
vb0[188]+024 TANGENT: 0.4202846884727478, -0.443038672208786, 0.7918822765350342, -1.0
vb0[188]+040 BLENDWEIGHT: 1.0, 0.0, 0.0, 0.0
vb0[188]+056 BLENDINDICES: 2, 0, 0, 0
vb0[188]+072 COLOR: 1.0, 0.5019607843137255, 0.5019607843137255, 0.5019607843137255
vb0[188]+076 TEXCOORD: 0.4658225178718567, 0.268871009349823

vb0[189]+000 POSITION: 0.01677062176167965, 1.3108190298080444, 0.1000303253531456
vb0[189]+012 NORMAL: 0.47450825572013855, -0.5806286334991455, 0.6615983843803406
vb0[189]+024 TANGENT: 0.44945472478866577, -0.5594475269317627, 0.6964257955551147, -1.0
vb0[189]+040 BLENDWEIGHT: 1.0, 0.0, 0.0, 0.0
vb0[189]+056 BLENDINDICES: 2, 0, 0, 0
vb0[189]+072 COLOR: 1.0, 0.5019607843137255, 0.5019607843137255, 0.5019607843137255
vb0[189]+076 TEXCOORD: 0.44583451747894287, 0.2791390120983124

vb0[190]+000 POSITION: 0.012059958651661873, 1.30427885055542, 0.09772174805402756
vb0[190]+012 NORMAL: 0.5605586171150208, -0.6731876134872437, 0.4822785258293152
vb0[190]+024 TANGENT: 0.5571887493133545, -0.6688234806060791, 0.4921542704105377, -1.0
vb0[190]+040 BLENDWEIGHT: 1.0, 0.0, 0.0, 0.0
vb0[190]+056 BLENDINDICES: 2, 0, 0, 0
vb0[190]+072 COLOR: 1.0, 0.5019607843137255, 0.5019607843137255, 0.5019607843137255
vb0[190]+076 TEXCOORD: 0.461604505777359, 0.2504889965057373

vb0[191]+000 POSITION: 0.018892671912908554, 1.3077998161315918, 0.09402668476104736
vb0[191]+012 NORMAL: 0.5466442704200745, -0.7349709272384644, 0.4012452960014343
vb0[191]+024 TANGENT: 0.5406718254089355, -0.7290330529212952, 0.41974377632141113, -1.0
vb0[191]+040 BLENDWEIGHT: 1.0, 0.0, 0.0, 0.0
vb0[191]+056 BLENDINDICES: 2, 0, 0, 0
vb0[191]+072 COLOR: 1.0, 0.5019607843137255, 0.5019607843137255, 0.5019607843137255
vb0[191]+076 TEXCOORD: 0.4371965229511261, 0.2609489858150482

vb0[192]+000 POSITION: 0.005351745989173651, 1.3016505241394043, 0.10103563964366913
vb0[192]+012 NORMAL: 0.3894631564617157, -0.5913259983062744, 0.7061529755592346
vb0[192]+024 TANGENT: 0.4058096408843994, -0.5882477164268494, 0.6994878649711609, -1.0
vb0[192]+040 BLENDWEIGHT: 1.0, 0.0, 0.0, 0.0
vb0[192]+056 BLENDINDICES: 2, 0, 0, 0
vb0[192]+072 COLOR: 1.0, 0.5019607843137255, 0.5019607843137255, 0.5019607843137255
vb0[192]+076 TEXCOORD: 0.48516350984573364, 0.24650000035762787

vb0[193]+000 POSITION: 0.0055313389748334885, 1.2990713119506836, 0.09724400192499161
vb0[193]+012 NORMAL: 0.40099844336509705, -0.8766900897026062, 0.2657344341278076
vb0[193]+024 TANGENT: 0.3908637762069702, -0.875883162021637, 0.2829386293888092, -1.0
vb0[193]+040 BLENDWEIGHT: 1.0, 0.0, 0.0, 0.0
vb0[193]+056 BLENDINDICES: 2, 0, 0, 0
vb0[193]+072 COLOR: 1.0, 0.5019607843137255, 0.5019607843137255, 0.5019607843137255
vb0[193]+076 TEXCOORD: 0.48330751061439514, 0.23386000096797943

vb0[194]+000 POSITION: 0.012530268169939518, 1.3025482892990112, 0.09218195825815201
vb0[194]+012 NORMAL: 0.5272923707962036, -0.8307934403419495, 0.17817123234272003
vb0[194]+024 TANGENT: 0.5310239791870117, -0.8218096494674683, 0.20650041103363037, -1.0
vb0[194]+040 BLENDWEIGHT: 1.0, 0.0, 0.0, 0.0
vb0[194]+056 BLENDINDICES: 2, 0, 0, 0
vb0[194]+072 COLOR: 1.0, 0.5019607843137255, 0.5019607843137255, 0.5019607843137255
vb0[194]+076 TEXCOORD: 0.45769551396369934, 0.23836900293827057

vb0[195]+000 POSITION: -3.471836862445343e-08, 1.3006564378738403, 0.10212630778551102
vb0[195]+012 NORMAL: 1.2470204637793358e-06, -0.5945949554443359, 0.8040253520011902
vb0[195]+024 TANGENT: 0.0, -0.6301940679550171, 0.7764376401901245, -1.0
vb0[195]+040 BLENDWEIGHT: 1.0, 0.0, 0.0, 0.0
vb0[195]+056 BLENDINDICES: 2, 0, 0, 0
vb0[195]+072 COLOR: 1.0, 0.5019607843137255, 0.5019607843137255, 0.5019607843137255
vb0[195]+076 TEXCOORD: 0.4999999701976776, 0.2450920045375824

vb0[196]+000 POSITION: 3.471836862445343e-08, 1.2980396747589111, 0.09847772121429443
vb0[196]+012 NORMAL: 2.363375870118034e-06, -0.9510771632194519, 0.30895355343818665
vb0[196]+024 TANGENT: 0.0, -0.9420861005783081, 0.33537113666534424, -1.0
vb0[196]+040 BLENDWEIGHT: 1.0, 0.0, 0.0, 0.0
vb0[196]+056 BLENDINDICES: 2, 0, 0, 0
vb0[196]+072 COLOR: 1.0, 0.5019607843137255, 0.5019607843137255, 0.5019607843137255
vb0[196]+076 TEXCOORD: 0.4999999701976776, 0.23148000240325928

vb0[197]+000 POSITION: -0.005351745989173651, 1.3016505241394043, 0.10103563964366913
vb0[197]+012 NORMAL: -0.38946324586868286, -0.5913295745849609, 0.7061499357223511
vb0[197]+024 TANGENT: -0.40578365325927734, -0.5882207155227661, 0.6995255947113037, -1.0
vb0[197]+040 BLENDWEIGHT: 1.0, 0.0, 0.0, 0.0
vb0[197]+056 BLENDINDICES: 2, 0, 0, 0
vb0[197]+072 COLOR: 1.0, 0.5019607843137255, 0.5019607843137255, 0.5019607843137255
vb0[197]+076 TEXCOORD: 0.5148175358772278, 0.24650000035762787

vb0[198]+000 POSITION: -0.005034336354583502, 1.3065050840377808, 0.10338320583105087
vb0[198]+012 NORMAL: -0.26975318789482117, -0.3137032985687256, 0.9103973507881165
vb0[198]+024 TANGENT: -0.257943719625473, -0.32227933406829834, 0.9108244180679321, -1.0
vb0[198]+040 BLENDWEIGHT: 1.0, 0.0, 0.0, 0.0
vb0[198]+056 BLENDINDICES: 2, 0, 0, 0
vb0[198]+072 COLOR: 1.0, 0.5019607843137255, 0.5019607843137255, 0.5019607843137255
vb0[198]+076 TEXCOORD: 0.514999508857727, 0.26506099104881287

vb0[199]+000 POSITION: -0.010926838964223862, 1.3083758354187012, 0.10177232325077057
vb0[199]+012 NORMAL: -0.4054855704307556, -0.4400315284729004, 0.8012201189994812
vb0[199]+024 TANGENT: -0.42017748951911926, -0.4430229365825653, 0.7919479608535767, -1.0
vb0[199]+040 BLENDWEIGHT: 1.0, 0.0, 0.0, 0.0
vb0[199]+056 BLENDINDICES: 2, 0, 0, 0
vb0[199]+072 COLOR: 1.0, 0.5019607843137255, 0.5019607843137255, 0.5019607843137255
vb0[199]+076 TEXCOORD: 0.5341585278511047, 0.268871009349823

vb0[200]+000 POSITION: -0.004697703756392002, 1.312492847442627, 0.10502948611974716
vb0[200]+012 NORMAL: -0.19650815427303314, -0.33307382464408875, 0.9221965670585632
vb0[200]+024 TANGENT: -0.19856466352939606, -0.33559900522232056, 0.9208395481109619, -1.0
vb0[200]+040 BLENDWEIGHT: 1.0, 0.0, 0.0, 0.0
vb0[200]+056 BLENDINDICES: 2, 0, 0, 0
vb0[200]+072 COLOR: 1.0, 0.5019607843137255, 0.5019607843137255, 0.25098039215686274
vb0[200]+076 TEXCOORD: 0.5154415369033813, 0.2840299904346466

vb0[201]+000 POSITION: -0.004402900580316782, 1.317100167274475, 0.10721319168806076
vb0[201]+012 NORMAL: -0.17333486676216125, -0.49321249127388, 0.8524649739265442
vb0[201]+024 TANGENT: -0.18255434930324554, -0.5022455453872681, 0.8452356457710266, -1.0
vb0[201]+040 BLENDWEIGHT: 1.0, 0.0, 0.0, 0.0
vb0[201]+056 BLENDINDICES: 2, 0, 0, 0
vb0[201]+072 COLOR: 1.0, 0.5019607843137255, 0.5019607843137255, 0.0
vb0[201]+076 TEXCOORD: 0.5148135423660278, 0.2980389893054962

vb0[202]+000 POSITION: -0.004340024199336767, 1.320639729499817, 0.10993802547454834
vb0[202]+012 NORMAL: -0.20612138509750366, -0.6845757365226746, 0.699192464351654
vb0[202]+024 TANGENT: -0.20524632930755615, -0.6628804802894592, 0.720043957233429, -1.0
vb0[202]+040 BLENDWEIGHT: 1.0, 0.0, 0.0, 0.0
vb0[202]+056 BLENDINDICES: 2, 0, 0, 0
vb0[202]+072 COLOR: 1.0, 0.5019607843137255, 0.5019607843137255, 0.0
vb0[202]+076 TEXCOORD: 0.5146355032920837, 0.31147199869155884

vb0[203]+000 POSITION: -0.004182733595371246, 1.3225350379943848, 0.11267415434122086
vb0[203]+012 NORMAL: -0.23366303741931915, -0.5779025554656982, 0.7819399237632751
vb0[203]+024 TANGENT: -0.23813821375370026, -0.5083349943161011, 0.8275781869888306, -1.0
vb0[203]+040 BLENDWEIGHT: 1.0, 0.0, 0.0, 0.0
vb0[203]+056 BLENDINDICES: 2, 0, 0, 0
vb0[203]+072 COLOR: 1.0, 0.5019607843137255, 0.5019607843137255, 0.0
vb0[203]+076 TEXCOORD: 0.5138395428657532, 0.32078999280929565

vb0[204]+000 POSITION: -0.007496731821447611, 1.3231165409088135, 0.11142139881849289
vb0[204]+012 NORMAL: -0.46225878596305847, -0.5114871263504028, 0.7243601679801941
vb0[204]+024 TANGENT: -0.4338192641735077, -0.4435803294181824, 0.784243106842041, -1.0
vb0[204]+040 BLENDWEIGHT: 1.0, 0.0, 0.0, 0.0
vb0[204]+056 BLENDINDICES: 2, 0, 0, 0
vb0[204]+072 COLOR: 1.0, 0.5019607843137255, 0.5019607843137255, 0.0
vb0[204]+076 TEXCOORD: 0.5261924862861633, 0.3208470046520233

vb0[205]+000 POSITION: -0.007783911656588316, 1.3212172985076904, 0.10899367183446884
vb0[205]+012 NORMAL: -0.3380635678768158, -0.5764919519424438, 0.7438884377479553
vb0[205]+024 TANGENT: -0.3423004150390625, -0.5777032971382141, 0.7410055994987488, -1.0
vb0[205]+040 BLENDWEIGHT: 1.0, 0.0, 0.0, 0.0
vb0[205]+056 BLENDINDICES: 2, 0, 0, 0
vb0[205]+072 COLOR: 1.0, 0.5019607843137255, 0.5019607843137255, 0.0
vb0[205]+076 TEXCOORD: 0.5269265174865723, 0.3121950030326843

vb0[206]+000 POSITION: -0.004125572275370359, 1.3252513408660889, 0.11337629705667496
vb0[206]+012 NORMAL: -0.2340584099292755, -0.05727915093302727, 0.9705336689949036
vb0[206]+024 TANGENT: -0.22289703786373138, -0.05475717410445213, 0.973302960395813, -1.0
vb0[206]+040 BLENDWEIGHT: 1.0, 0.0, 0.0, 0.0
vb0[206]+056 BLENDINDICES: 2, 0, 0, 0
vb0[206]+072 COLOR: 1.0, 0.5019607843137255, 0.5019607843137255, 0.0
vb0[206]+076 TEXCOORD: 0.5133734941482544, 0.32561200857162476

vb0[207]+000 POSITION: -0.009880619123578072, 1.3243296146392822, 0.11002258211374283
vb0[207]+012 NORMAL: -0.489359587430954, -0.41837427020072937, 0.7651732563972473
vb0[207]+024 TANGENT: -0.45759138464927673, -0.3474654257297516, 0.8184606432914734, -1.0
vb0[207]+040 BLENDWEIGHT: 1.0, 0.0, 0.0, 0.0
vb0[207]+056 BLENDINDICES: 2, 0, 0, 0
vb0[207]+072 COLOR: 1.0, 0.5019607843137255, 0.5019607843137255, 0.0
vb0[207]+076 TEXCOORD: 0.5365005135536194, 0.32165899872779846

vb0[208]+000 POSITION: -0.007379560731351376, 1.3255201578140259, 0.11205053329467773
vb0[208]+012 NORMAL: -0.4322819709777832, -0.08806668967008591, 0.8974277377128601
vb0[208]+024 TANGENT: -0.4326533377170563, -0.09012085199356079, 0.897044837474823, -1.0
vb0[208]+040 BLENDWEIGHT: 1.0, 0.0, 0.0, 0.0
vb0[208]+056 BLENDINDICES: 2, 0, 0, 0
vb0[208]+072 COLOR: 1.0, 0.5019607843137255, 0.5019607843137255, 0.0
vb0[208]+076 TEXCOORD: 0.5267155170440674, 0.3249709904193878

vb0[209]+000 POSITION: -0.00962803140282631, 1.3259938955307007, 0.11074485629796982
vb0[209]+012 NORMAL: -0.4679757058620453, -0.16009366512298584, 0.8691195249557495
vb0[209]+024 TANGENT: -0.4843825101852417, -0.09359704703092575, 0.8698350787162781, -1.0
vb0[209]+040 BLENDWEIGHT: 1.0, 0.0, 0.0, 0.0
vb0[209]+056 BLENDINDICES: 2, 0, 0, 0
vb0[209]+072 COLOR: 1.0, 0.5019607843137255, 0.5019607843137255, 0.0
vb0[209]+076 TEXCOORD: 0.5376065373420715, 0.3251590132713318

vb0[210]+000 POSITION: -0.012674655765295029, 1.3260139226913452, 0.1092742532491684
vb0[210]+012 NORMAL: -0.3221765458583832, -0.3207581639289856, 0.8906831741333008
vb0[210]+024 TANGENT: -0.2979126274585724, -0.26831361651420593, 0.9161091446876526, -1.0
vb0[210]+040 BLENDWEIGHT: 1.0, 0.0, 0.0, 0.0
vb0[210]+056 BLENDINDICES: 2, 0, 0, 0
vb0[210]+072 COLOR: 1.0, 0.5019607843137255, 0.5019607843137255, 0.0
vb0[210]+076 TEXCOORD: 0.5483185052871704, 0.3234480023384094

vb0[211]+000 POSITION: -0.012113419361412525, 1.326982855796814, 0.10957375913858414
vb0[211]+012 NORMAL: -0.3814046382904053, -0.015812546014785767, 0.9242728352546692
vb0[211]+024 TANGENT: -0.31122100353240967, -0.0532609224319458, 0.9488438367843628, -1.0
vb0[211]+040 BLENDWEIGHT: 1.0, 0.0, 0.0, 0.0
vb0[211]+056 BLENDINDICES: 2, 0, 0, 0
vb0[211]+072 COLOR: 1.0, 0.5019607843137255, 0.5019607843137255, 0.0
vb0[211]+076 TEXCOORD: 0.5467945337295532, 0.3254806697368622

vb0[212]+000 POSITION: -0.010755626484751701, 1.3221616744995117, 0.10823513567447662
vb0[212]+012 NORMAL: -0.32091763615608215, -0.46578091382980347, 0.8246574997901917
vb0[212]+024 TANGENT: -0.3477182388305664, -0.4784683585166931, 0.8063250184059143, -1.0
vb0[212]+040 BLENDWEIGHT: 1.0, 0.0, 0.0, 0.0
vb0[212]+056 BLENDINDICES: 2, 0, 0, 0
vb0[212]+072 COLOR: 1.0, 0.5019607843137255, 0.5019607843137255, 0.0
vb0[212]+076 TEXCOORD: 0.5378895401954651, 0.31441399455070496

vb0[213]+000 POSITION: -0.01426600106060505, 1.323988437652588, 0.10806706547737122
vb0[213]+012 NORMAL: -0.22946973145008087, -0.42287808656692505, 0.876651406288147
vb0[213]+024 TANGENT: -0.2346487045288086, -0.41845351457595825, 0.8774033784866333, -1.0
vb0[213]+040 BLENDWEIGHT: 1.0, 0.0, 0.0, 0.0
vb0[213]+056 BLENDINDICES: 2, 0, 0, 0
vb0[213]+072 COLOR: 1.0, 0.5019607843137255, 0.5019607843137255, 0.0
vb0[213]+076 TEXCOORD: 0.5508575439453125, 0.31958499550819397

vb0[214]+000 POSITION: -0.013489579781889915, 1.327689290046692, 0.10933903604745865
vb0[214]+012 NORMAL: -0.07644346356391907, -0.13940325379371643, 0.9872806668281555
vb0[214]+024 TANGENT: -0.013301731087267399, -0.19320650398731232, 0.981067955493927, -1.0
vb0[214]+040 BLENDWEIGHT: 1.0, 0.0, 0.0, 0.0
vb0[214]+056 BLENDINDICES: 2, 0, 0, 0
vb0[214]+072 COLOR: 1.0, 0.5019607843137255, 0.5019607843137255, 0.0
vb0[214]+076 TEXCOORD: 0.5507130026817322, 0.326680064201355

vb0[215]+000 POSITION: -0.014342714101076126, 1.3269970417022705, 0.10914602130651474
vb0[215]+012 NORMAL: -0.13115344941616058, -0.3447531759738922, 0.9294858574867249
vb0[215]+024 TANGENT: -0.09364534169435501, -0.33359822630882263, 0.9380526542663574, -1.0
vb0[215]+040 BLENDWEIGHT: 1.0, 0.0, 0.0, 0.0
vb0[215]+056 BLENDINDICES: 2, 0, 0, 0
vb0[215]+072 COLOR: 1.0, 0.5019607843137255, 0.5019607843137255, 0.0
vb0[215]+076 TEXCOORD: 0.5523524880409241, 0.3264079988002777

vb0[216]+000 POSITION: -0.012563256546854973, 1.3188291788101196, 0.10577276349067688
vb0[216]+012 NORMAL: -0.24722222983837128, -0.4451793134212494, 0.8606373071670532
vb0[216]+024 TANGENT: -0.2684383690357208, -0.4531020224094391, 0.8500820398330688, -1.0
vb0[216]+040 BLENDWEIGHT: 1.0, 0.0, 0.0, 0.0
vb0[216]+056 BLENDINDICES: 2, 0, 0, 0
vb0[216]+072 COLOR: 1.0, 0.5019607843137255, 0.5019607843137255, 0.0
vb0[216]+076 TEXCOORD: 0.5427165031433105, 0.30425599217414856

vb0[217]+000 POSITION: -0.016826119273900986, 1.3209213018417358, 0.10582052171230316
vb0[217]+012 NORMAL: -0.197214275598526, -0.4838201403617859, 0.8526573777198792
vb0[217]+024 TANGENT: -0.21333086490631104, -0.4835348427295685, 0.848931074142456, -1.0
vb0[217]+040 BLENDWEIGHT: 1.0, 0.0, 0.0, 0.0
vb0[217]+056 BLENDINDICES: 2, 0, 0, 0
vb0[217]+072 COLOR: 1.0, 0.5019607843137255, 0.5019607843137255, 0.0
vb0[217]+076 TEXCOORD: 0.5567955374717712, 0.31349998712539673

vb0[218]+000 POSITION: -0.014532039873301983, 1.3150280714035034, 0.10333742201328278
vb0[218]+012 NORMAL: -0.2965634763240814, -0.4402806758880615, 0.8474685549736023
vb0[218]+024 TANGENT: -0.30851924419403076, -0.44410440325737, 0.8411820530891418, -1.0
vb0[218]+040 BLENDWEIGHT: 1.0, 0.0, 0.0, 0.0
vb0[218]+056 BLENDINDICES: 2, 0, 0, 0
vb0[218]+072 COLOR: 1.0, 0.5019607843137255, 0.5019607843137255, 0.25098039215686274
vb0[218]+076 TEXCOORD: 0.5479215383529663, 0.2931880056858063

vb0[219]+000 POSITION: -0.02004546858370304, 1.3177224397659302, 0.1030140295624733
vb0[219]+012 NORMAL: -0.3241601288318634, -0.5330650806427002, 0.7815125584602356
vb0[219]+024 TANGENT: -0.3059117794036865, -0.5313429832458496, 0.7899953126907349, -1.0
vb0[219]+040 BLENDWEIGHT: 1.0, 0.0, 0.0, 0.0
vb0[219]+056 BLENDINDICES: 2, 0, 0, 0
vb0[219]+072 COLOR: 1.0, 0.5019607843137255, 0.5019607843137255, 0.25098039215686274
vb0[219]+076 TEXCOORD: 0.5656025409698486, 0.30592501163482666

vb0[220]+000 POSITION: -0.016338888555765152, 1.3254536390304565, 0.10829320549964905
vb0[220]+012 NORMAL: -0.12109198421239853, -0.4354543387889862, 0.892029345035553
vb0[220]+024 TANGENT: -0.12558996677398682, -0.42080625891685486, 0.8984148502349854, -1.0
vb0[220]+040 BLENDWEIGHT: 1.0, 0.0, 0.0, 0.0
vb0[220]+056 BLENDINDICES: 2, 0, 0, 0
vb0[220]+072 COLOR: 1.0, 0.5019607843137255, 0.5019607843137255, 0.0
vb0[220]+076 TEXCOORD: 0.5571035146713257, 0.3264150023460388

vb0[221]+000 POSITION: -0.01985156536102295, 1.3231185674667358, 0.10675434023141861
vb0[221]+012 NORMAL: -0.18906137347221375, -0.5128902792930603, 0.8373764753341675
vb0[221]+024 TANGENT: -0.18767736852169037, -0.49946901202201843, 0.8457587361335754, -1.0
vb0[221]+040 BLENDWEIGHT: 1.0, 0.0, 0.0, 0.0
vb0[221]+056 BLENDINDICES: 2, 0, 0, 0
vb0[221]+072 COLOR: 1.0, 0.5019607843137255, 0.5019607843137255, 0.0
vb0[221]+076 TEXCOORD: 0.5658515095710754, 0.3245599865913391

vb0[222]+000 POSITION: -0.01677062176167965, 1.3108190298080444, 0.1000303253531456
vb0[222]+012 NORMAL: -0.47451138496398926, -0.5806297063827515, 0.6615949869155884
vb0[222]+024 TANGENT: -0.44937050342559814, -0.5594397783279419, 0.6964863538742065, -1.0
vb0[222]+040 BLENDWEIGHT: 1.0, 0.0, 0.0, 0.0
vb0[222]+056 BLENDINDICES: 2, 0, 0, 0
vb0[222]+072 COLOR: 1.0, 0.5019607843137255, 0.5019607843137255, 0.5019607843137255
vb0[222]+076 TEXCOORD: 0.5541465282440186, 0.2791390120983124

vb0[223]+000 POSITION: -0.02346089296042919, 1.314579725265503, 0.09878387302160263
vb0[223]+012 NORMAL: -0.4798389673233032, -0.6537402272224426, 0.5851308703422546
vb0[223]+024 TANGENT: -0.4431230425834656, -0.6367200016975403, 0.6310545206069946, -1.0
vb0[223]+040 BLENDWEIGHT: 1.0, 0.0, 0.0, 0.0
vb0[223]+056 BLENDINDICES: 2, 0, 0, 0
vb0[223]+072 COLOR: 1.0, 0.5019607843137255, 0.5019607843137255, 0.5019607843137255
vb0[223]+076 TEXCOORD: 0.5764665007591248, 0.2960120141506195

vb0[224]+000 POSITION: -0.008695194497704506, 1.3175708055496216, 0.10634085536003113
vb0[224]+012 NORMAL: -0.25509461760520935, -0.4529552161693573, 0.8542590141296387
vb0[224]+024 TANGENT: -0.2699156105518341, -0.46694234013557434, 0.842086911201477, -1.0
vb0[224]+040 BLENDWEIGHT: 1.0, 0.0, 0.0, 0.0
vb0[224]+056 BLENDINDICES: 2, 0, 0, 0
vb0[224]+072 COLOR: 1.0, 0.5019607843137255, 0.5019607843137255, 0.0
vb0[224]+076 TEXCOORD: 0.5294334888458252, 0.29951798915863037

vb0[225]+000 POSITION: -0.023942388594150543, 1.3206422328948975, 0.10364066064357758
vb0[225]+012 NORMAL: -0.34013763070106506, -0.5802331566810608, 0.7400242686271667
vb0[225]+024 TANGENT: -0.31428906321525574, -0.573857307434082, 0.7562474012374878, -1.0
vb0[225]+040 BLENDWEIGHT: 1.0, 0.0, 0.0, 0.0
vb0[225]+056 BLENDINDICES: 2, 0, 0, 0
vb0[225]+072 COLOR: 1.0, 0.5019607843137255, 0.5019607843137255, 0.25098039215686274
vb0[225]+076 TEXCOORD: 0.5794785022735596, 0.32070499658584595

vb0[226]+000 POSITION: -0.01780381239950657, 1.3270710706710815, 0.1089373379945755
vb0[226]+012 NORMAL: -0.10207311809062958, -0.4806697964668274, 0.8709406852722168
vb0[226]+024 TANGENT: -0.08925557136535645, -0.5089878439903259, 0.8561336994171143, -1.0
vb0[226]+040 BLENDWEIGHT: 1.0, 0.0, 0.0, 0.0
vb0[226]+056 BLENDINDICES: 2, 0, 0, 0
vb0[226]+072 COLOR: 1.0, 0.5019607843137255, 0.5019607843137255, 0.0
vb0[226]+076 TEXCOORD: 0.5602825284004211, 0.33264100551605225

vb0[227]+000 POSITION: -0.02232583425939083, 1.3259323835372925, 0.10779939591884613
vb0[227]+012 NORMAL: -0.23414453864097595, -0.4910869002342224, 0.8390530347824097
vb0[227]+024 TANGENT: -0.20546959340572357, -0.4900745451450348, 0.8471181392669678, -1.0
vb0[227]+040 BLENDWEIGHT: 1.0, 0.0, 0.0, 0.0
vb0[227]+056 BLENDINDICES: 2, 0, 0, 0
vb0[227]+072 COLOR: 1.0, 0.5019607843137255, 0.5019607843137255, 0.0
vb0[227]+076 TEXCOORD: 0.5718895196914673, 0.3360480070114136

vb0[228]+000 POSITION: -0.013898310251533985, 1.32811439037323, 0.10958011448383331
vb0[228]+012 NORMAL: 0.19756777584552765, -0.5898452401161194, 0.782974898815155
vb0[228]+024 TANGENT: 0.200408473610878, -0.5618644952774048, 0.8025863170623779, -1.0
vb0[228]+040 BLENDWEIGHT: 1.0, 0.0, 0.0, 0.0
vb0[228]+056 BLENDINDICES: 2, 0, 0, 0
vb0[228]+072 COLOR: 1.0, 0.5019607843137255, 0.5019607843137255, 0.0
vb0[228]+076 TEXCOORD: 0.5520104765892029, 0.32931485772132874

vb0[229]+000 POSITION: -0.015008271671831608, 1.3277469873428345, 0.10952384769916534
vb0[229]+012 NORMAL: -0.02741420455276966, -0.5630195140838623, 0.82598876953125
vb0[229]+024 TANGENT: 0.026607690379023552, -0.5692346692085266, 0.821744441986084, -1.0
vb0[229]+040 BLENDWEIGHT: 1.0, 0.0, 0.0, 0.0
vb0[229]+056 BLENDINDICES: 2, 0, 0, 0
vb0[229]+072 COLOR: 1.0, 0.5019607843137255, 0.5019607843137255, 0.0
vb0[229]+076 TEXCOORD: 0.5537655353546143, 0.32925400137901306

vb0[230]+000 POSITION: -0.01808994822204113, 1.3285149335861206, 0.10992450267076492
vb0[230]+012 NORMAL: -0.16839386522769928, -0.5446502566337585, 0.8215835690498352
vb0[230]+024 TANGENT: -0.14464616775512695, -0.5697525143623352, 0.8089867830276489, -1.0
vb0[230]+040 BLENDWEIGHT: 1.0, 0.0, 0.0, 0.0
vb0[230]+056 BLENDINDICES: 2, 0, 0, 0
vb0[230]+072 COLOR: 1.0, 0.5019607843137255, 0.5019607843137255, 0.0
vb0[230]+076 TEXCOORD: 0.5602235198020935, 0.3402869999408722

vb0[231]+000 POSITION: -0.01512177661061287, 1.3284814357757568, 0.110336072742939
vb0[231]+012 NORMAL: -0.09983540326356888, -0.6966366171836853, 0.7104436755180359
vb0[231]+024 TANGENT: -0.010468721389770508, -0.7143963575363159, 0.6996629238128662, -1.0
vb0[231]+040 BLENDWEIGHT: 1.0, 0.0, 0.0, 0.0
vb0[231]+056 BLENDINDICES: 2, 0, 0, 0
vb0[231]+072 COLOR: 1.0, 0.5019607843137255, 0.5019607843137255, 0.0
vb0[231]+076 TEXCOORD: 0.5532315373420715, 0.333514004945755

vb0[232]+000 POSITION: -0.01734434999525547, 1.3306748867034912, 0.11167102307081223
vb0[232]+012 NORMAL: -0.27143263816833496, -0.4508107006549835, 0.8503493666648865
vb0[232]+024 TANGENT: -0.2607614994049072, -0.4945061504840851, 0.8291363716125488, -1.0
vb0[232]+040 BLENDWEIGHT: 1.0, 0.0, 0.0, 0.0
vb0[232]+056 BLENDINDICES: 2, 0, 0, 0
vb0[232]+072 COLOR: 1.0, 0.5019607843137255, 0.5019607843137255, 0.0
vb0[232]+076 TEXCOORD: 0.5567225217819214, 0.3490850031375885

vb0[233]+000 POSITION: -0.02182837761938572, 1.3319315910339355, 0.11093081533908844
vb0[233]+012 NORMAL: -0.28894492983818054, -0.3387022018432617, 0.8954282402992249
vb0[233]+024 TANGENT: -0.29628288745880127, -0.36790770292282104, 0.8813968300819397, -1.0
vb0[233]+040 BLENDWEIGHT: 1.0, 0.0, 0.0, 0.0
vb0[233]+056 BLENDINDICES: 2, 0, 0, 0
vb0[233]+072 COLOR: 1.0, 0.5019607843137255, 0.5019607843137255, 0.0
vb0[233]+076 TEXCOORD: 0.5690374970436096, 0.36085599660873413

vb0[234]+000 POSITION: -0.018370896577835083, 1.3365377187728882, 0.11365977674722672
vb0[234]+012 NORMAL: -0.34981605410575867, -0.2171090990304947, 0.911313533782959
vb0[234]+024 TANGENT: -0.34732291102409363, -0.22951596975326538, 0.9092245101928711, -1.0
vb0[234]+040 BLENDWEIGHT: 1.0, 0.0, 0.0, 0.0
vb0[234]+056 BLENDINDICES: 2, 0, 0, 0
vb0[234]+072 COLOR: 1.0, 0.5019607843137255, 0.5019607843137255, 0.0
vb0[234]+076 TEXCOORD: 0.559457540512085, 0.37507298588752747

vb0[235]+000 POSITION: -0.023091236129403114, 1.338478922843933, 0.11233153939247131
vb0[235]+012 NORMAL: -0.32934969663619995, -0.11796888709068298, 0.9368095993995667
vb0[235]+024 TANGENT: -0.34324631094932556, -0.13006077706813812, 0.9301968216896057, -1.0
vb0[235]+040 BLENDWEIGHT: 1.0, 0.0, 0.0, 0.0
vb0[235]+056 BLENDINDICES: 2, 0, 0, 0
vb0[235]+072 COLOR: 1.0, 0.5019607843137255, 0.5019607843137255, 0.25098039215686274
vb0[235]+076 TEXCOORD: 0.5735915303230286, 0.3885219991207123

vb0[236]+000 POSITION: -0.017483215779066086, 1.3430951833724976, 0.11466030031442642
vb0[236]+012 NORMAL: -0.4062841236591339, 0.02991642989218235, 0.9132568836212158
vb0[236]+024 TANGENT: -0.3749636709690094, 0.019457222893834114, 0.9268353581428528, -1.0
vb0[236]+040 BLENDWEIGHT: 1.0, 0.0, 0.0, 0.0
vb0[236]+056 BLENDINDICES: 2, 0, 0, 0
vb0[236]+072 COLOR: 1.0, 0.5019607843137255, 0.5019607843137255, 0.25098039215686274
vb0[236]+076 TEXCOORD: 0.5601845383644104, 0.39810699224472046

vb0[237]+000 POSITION: -0.022571897134184837, 1.3462562561035156, 0.11226305365562439
vb0[237]+012 NORMAL: -0.3486766815185547, 0.16647660732269287, 0.9223395586013794
vb0[237]+024 TANGENT: -0.34853509068489075, 0.1864466816186905, 0.9185646772384644, -1.0
vb0[237]+040 BLENDWEIGHT: 1.0, 0.0, 0.0, 0.0
vb0[237]+056 BLENDINDICES: 2, 0, 0, 0
vb0[237]+072 COLOR: 1.0, 0.5019607843137255, 0.5019607843137255, 0.5019607843137255
vb0[237]+076 TEXCOORD: 0.5763605237007141, 0.4191780090332031

vb0[238]+000 POSITION: -0.017626360058784485, 1.349997639656067, 0.11353198438882828
vb0[238]+012 NORMAL: -0.4388658106327057, 0.22718462347984314, 0.8693583011627197
vb0[238]+024 TANGENT: -0.4252409040927887, 0.2380155473947525, 0.8732231855392456, -1.0
vb0[238]+040 BLENDWEIGHT: 1.0, 0.0, 0.0, 0.0
vb0[238]+056 BLENDINDICES: 2, 0, 0, 0
vb0[238]+072 COLOR: 1.0, 0.5019607843137255, 0.5019607843137255, 0.5019607843137255
vb0[238]+076 TEXCOORD: 0.5629245042800903, 0.43055999279022217

vb0[239]+000 POSITION: -0.013279950246214867, 1.3462404012680054, 0.11651571094989777
vb0[239]+012 NORMAL: -0.44122225046157837, 0.047888122498989105, 0.896119236946106
vb0[239]+024 TANGENT: -0.44656455516815186, 0.030421849340200424, 0.8942340016365051, -1.0
vb0[239]+040 BLENDWEIGHT: 1.0, 0.0, 0.0, 0.0
vb0[239]+056 BLENDINDICES: 2, 0, 0, 0
vb0[239]+072 COLOR: 1.0, 0.5019607843137255, 0.5019607843137255, 0.25098039215686274
vb0[239]+076 TEXCOORD: 0.5475965142250061, 0.40613099932670593

vb0[240]+000 POSITION: -0.013644152320921421, 1.3405274152755737, 0.11635877937078476
vb0[240]+012 NORMAL: -0.37782880663871765, -0.09091232717037201, 0.92140132188797
vb0[240]+024 TANGENT: -0.3655697703361511, -0.10533551126718521, 0.9248043298721313, -1.0
vb0[240]+040 BLENDWEIGHT: 1.0, 0.0, 0.0, 0.0
vb0[240]+056 BLENDINDICES: 2, 0, 0, 0
vb0[240]+072 COLOR: 1.0, 0.5019607843137255, 0.5019607843137255, 0.0
vb0[240]+076 TEXCOORD: 0.5441604852676392, 0.3840540051460266

vb0[241]+000 POSITION: -0.006351219955831766, 1.3436286449432373, 0.11927582323551178
vb0[241]+012 NORMAL: -0.347260057926178, -0.14449401199817657, 0.9265699982643127
vb0[241]+024 TANGENT: -0.34266340732574463, -0.15829414129257202, 0.9260263442993164, -1.0
vb0[241]+040 BLENDWEIGHT: 1.0, 0.0, 0.0, 0.0
vb0[241]+056 BLENDINDICES: 2, 0, 0, 0
vb0[241]+072 COLOR: 1.0, 0.5019607843137255, 0.5019607843137255, 0.0
vb0[241]+076 TEXCOORD: 0.5225785374641418, 0.38975098729133606

vb0[242]+000 POSITION: -0.028772542253136635, 1.3416600227355957, 0.11082350462675095
vb0[242]+012 NORMAL: -0.359661728143692, 0.0036649610847234726, 0.9330756068229675
vb0[242]+024 TANGENT: -0.373837947845459, 0.01176595687866211, 0.9274194240570068, -1.0
vb0[242]+040 BLENDWEIGHT: 1.0, 0.0, 0.0, 0.0
vb0[242]+056 BLENDINDICES: 2, 0, 0, 0
vb0[242]+072 COLOR: 1.0, 0.5019607843137255, 0.5019607843137255, 0.5019607843137255
vb0[242]+076 TEXCOORD: 0.5907955169677734, 0.4044109880924225

vb0[243]+000 POSITION: -0.027170995250344276, 1.3337517976760864, 0.10969991236925125
vb0[243]+012 NORMAL: -0.33118322491645813, -0.27510905265808105, 0.9025700688362122
vb0[243]+024 TANGENT: -0.3412984609603882, -0.29792851209640503, 0.8914897441864014, -1.0
vb0[243]+040 BLENDWEIGHT: 1.0, 0.0, 0.0, 0.0
vb0[243]+056 BLENDINDICES: 2, 0, 0, 0
vb0[243]+072 COLOR: 1.0, 0.5019607843137255, 0.5019607843137255, 0.25098039215686274
vb0[243]+076 TEXCOORD: 0.5853624939918518, 0.37391000986099243

vb0[244]+000 POSITION: -0.032626353204250336, 1.3356560468673706, 0.10821898281574249
vb0[244]+012 NORMAL: -0.43823400139808655, -0.21753332018852234, 0.8721411824226379
vb0[244]+024 TANGENT: -0.4467318058013916, -0.23514938354492188, 0.8632122874259949, -1.0
vb0[244]+040 BLENDWEIGHT: 1.0, 0.0, 0.0, 0.0
vb0[244]+056 BLENDINDICES: 2, 0, 0, 0
vb0[244]+072 COLOR: 1.0, 0.5019607843137255, 0.5019607843137255, 0.5019607843137255
vb0[244]+076 TEXCOORD: 0.6022855043411255, 0.38527899980545044

vb0[245]+000 POSITION: -0.014163661748170853, 1.3343592882156372, 0.11471784114837646
vb0[245]+012 NORMAL: -0.3566504716873169, -0.31307271122932434, 0.8802193403244019
vb0[245]+024 TANGENT: -0.357711523771286, -0.332143098115921, 0.8727676272392273, -1.0
vb0[245]+040 BLENDWEIGHT: 1.0, 0.0, 0.0, 0.0
vb0[245]+056 BLENDINDICES: 2, 0, 0, 0
vb0[245]+072 COLOR: 1.0, 0.5019607843137255, 0.5019607843137255, 0.0
vb0[245]+076 TEXCOORD: 0.5468595027923584, 0.36237800121307373

vb0[246]+000 POSITION: -0.010299662128090858, 1.3373360633850098, 0.11703713238239288
vb0[246]+012 NORMAL: -0.366347074508667, -0.16362054646015167, 0.915979266166687
vb0[246]+024 TANGENT: -0.385498046875, -0.1712302714586258, 0.9066815972328186, -1.0
vb0[246]+040 BLENDWEIGHT: 1.0, 0.0, 0.0, 0.0
vb0[246]+056 BLENDINDICES: 2, 0, 0, 0
vb0[246]+072 COLOR: 1.0, 0.5019607843137255, 0.5019607843137255, 0.0
vb0[246]+076 TEXCOORD: 0.5335605144500732, 0.37323400378227234

vb0[247]+000 POSITION: -0.014199363999068737, 1.3524099588394165, 0.11487273126840591
vb0[247]+012 NORMAL: -0.5389488339424133, 0.21914947032928467, 0.8133312463760376
vb0[247]+024 TANGENT: -0.5316299200057983, 0.2537960112094879, 0.8080577254295349, -1.0
vb0[247]+040 BLENDWEIGHT: 1.0, 0.0, 0.0, 0.0
vb0[247]+056 BLENDINDICES: 2, 0, 0, 0
vb0[247]+072 COLOR: 1.0, 0.5019607843137255, 0.5019607843137255, 0.5019607843137255
vb0[247]+076 TEXCOORD: 0.5496655106544495, 0.44237399101257324

vb0[248]+000 POSITION: -0.010579029098153114, 1.3487043380737305, 0.11799158155918121
vb0[248]+012 NORMAL: -0.5477523803710938, 0.007311210036277771, 0.8366085886955261
vb0[248]+024 TANGENT: -0.5632748603820801, -0.012319564819335938, 0.826177716255188, -1.0
vb0[248]+040 BLENDWEIGHT: 1.0, 0.0, 0.0, 0.0
vb0[248]+056 BLENDINDICES: 2, 0, 0, 0
vb0[248]+072 COLOR: 1.0, 0.5019607843137255, 0.5019607843137255, 0.5019607843137255
vb0[248]+076 TEXCOORD: 0.5356085300445557, 0.41377899050712585

vb0[249]+000 POSITION: -0.005239519290626049, 1.347058653831482, 0.1209707036614418
vb0[249]+012 NORMAL: -0.4423109292984009, -0.322812557220459, 0.8367515206336975
vb0[249]+024 TANGENT: -0.421073317527771, -0.3338758945465088, 0.8433411121368408, -1.0
vb0[249]+040 BLENDWEIGHT: 1.0, 0.0, 0.0, 0.0
vb0[249]+056 BLENDINDICES: 2, 0, 0, 0
vb0[249]+072 COLOR: 1.0, 0.5019607843137255, 0.5019607843137255, 0.5019607843137255
vb0[249]+076 TEXCOORD: 0.5177475214004517, 0.400299996137619

vb0[250]+000 POSITION: -0.00538210803642869, 1.33905029296875, 0.1191997304558754
vb0[250]+012 NORMAL: -0.31271201372146606, -0.06489382684230804, 0.9476286768913269
vb0[250]+024 TANGENT: -0.3119957149028778, -0.06589710712432861, 0.9477955102920532, -1.0
vb0[250]+040 BLENDWEIGHT: 1.0, 0.0, 0.0, 0.0
vb0[250]+056 BLENDINDICES: 2, 0, 0, 0
vb0[250]+072 COLOR: 1.0, 0.5019607843137255, 0.5019607843137255, 0.0
vb0[250]+076 TEXCOORD: 0.5178495049476624, 0.37721899151802063

vb0[251]+000 POSITION: -0.008553649298846722, 1.3337184190750122, 0.11723288893699646
vb0[251]+012 NORMAL: -0.40821903944015503, -0.3234991431236267, 0.853642463684082
vb0[251]+024 TANGENT: -0.34998881816864014, -0.4322068989276886, 0.8310866355895996, -1.0
vb0[251]+040 BLENDWEIGHT: 1.0, 0.0, 0.0, 0.0
vb0[251]+056 BLENDINDICES: 2, 0, 0, 0
vb0[251]+072 COLOR: 1.0, 0.5019607843137255, 0.5019607843137255, 0.0
vb0[251]+076 TEXCOORD: 0.5280435085296631, 0.35934698581695557

vb0[252]+000 POSITION: -0.004579705186188221, 1.3346941471099854, 0.11941482126712799
vb0[252]+012 NORMAL: -0.3233744204044342, -0.23011556267738342, 0.9178647994995117
vb0[252]+024 TANGENT: -0.3034628629684448, -0.33873769640922546, 0.890599250793457, -1.0
vb0[252]+040 BLENDWEIGHT: 1.0, 0.0, 0.0, 0.0
vb0[252]+056 BLENDINDICES: 2, 0, 0, 0
vb0[252]+072 COLOR: 1.0, 0.5019607843137255, 0.5019607843137255, 0.0
vb0[252]+076 TEXCOORD: 0.5144215226173401, 0.3637320101261139

vb0[253]+000 POSITION: -0.004175420384854078, 1.3321137428283691, 0.11752663552761078
vb0[253]+012 NORMAL: -0.20283015072345734, -0.7224816679954529, 0.6609691381454468
vb0[253]+024 TANGENT: -0.2017277628183365, -0.7291209101676941, 0.6539790630340576, -1.0
vb0[253]+040 BLENDWEIGHT: 1.0, 0.0, 0.0, 0.0
vb0[253]+056 BLENDINDICES: 2, 0, 0, 0
vb0[253]+072 COLOR: 1.0, 0.5019607843137255, 0.5019607843137255, 0.0
vb0[253]+076 TEXCOORD: 0.5141395330429077, 0.3537279963493347

vb0[254]+000 POSITION: -0.007708410266786814, 1.3316295146942139, 0.11563768237829208
vb0[254]+012 NORMAL: -0.21819384396076202, -0.7285550236701965, 0.64930659532547
vb0[254]+024 TANGENT: -0.2102646678686142, -0.738871157169342, 0.6402016878128052, -1.0
vb0[254]+040 BLENDWEIGHT: 1.0, 0.0, 0.0, 0.0
vb0[254]+056 BLENDINDICES: 2, 0, 0, 0
vb0[254]+072 COLOR: 1.0, 0.5019607843137255, 0.5019607843137255, 0.0
vb0[254]+076 TEXCOORD: 0.5271435379981995, 0.34958499670028687

vb0[255]+000 POSITION: -0.011723967269062996, 1.332080364227295, 0.11472927033901215
vb0[255]+012 NORMAL: -0.3486706018447876, -0.47668886184692383, 0.8069674968719482
vb0[255]+024 TANGENT: -0.2746378183364868, -0.5657665729522705, 0.7774845361709595, -1.0
vb0[255]+040 BLENDWEIGHT: 1.0, 0.0, 0.0, 0.0
vb0[255]+056 BLENDINDICES: 2, 0, 0, 0
vb0[255]+072 COLOR: 1.0, 0.5019607843137255, 0.5019607843137255, 0.0
vb0[255]+076 TEXCOORD: 0.5396634936332703, 0.3517630100250244

vb0[256]+000 POSITION: -0.010780245997011662, 1.330712080001831, 0.11348232626914978
vb0[256]+012 NORMAL: -0.166666179895401, -0.745032548904419, 0.6458708047866821
vb0[256]+024 TANGENT: -0.13795316219329834, -0.7744788527488708, 0.6173746585845947, -1.0
vb0[256]+040 BLENDWEIGHT: 1.0, 0.0, 0.0, 0.0
vb0[256]+056 BLENDINDICES: 2, 0, 0, 0
vb0[256]+072 COLOR: 1.0, 0.5019607843137255, 0.5019607843137255, 0.0
vb0[256]+076 TEXCOORD: 0.5385585427284241, 0.3435400128364563

vb0[257]+000 POSITION: -0.014459453523159027, 1.3297632932662964, 0.1118498146533966
vb0[257]+012 NORMAL: -0.22831299901008606, -0.5999966859817505, 0.7667314410209656
vb0[257]+024 TANGENT: -0.1388840675354004, -0.6832532286643982, 0.7168516516685486, -1.0
vb0[257]+040 BLENDWEIGHT: 1.0, 0.0, 0.0, 0.0
vb0[257]+056 BLENDINDICES: 2, 0, 0, 0
vb0[257]+072 COLOR: 1.0, 0.5019607843137255, 0.5019607843137255, 0.0
vb0[257]+076 TEXCOORD: 0.5497825145721436, 0.33995500206947327

vb0[258]+000 POSITION: -0.013184982351958752, 1.329345703125, 0.1113351434469223
vb0[258]+012 NORMAL: -0.05025874450802803, -0.8331795334815979, 0.5507140755653381
vb0[258]+024 TANGENT: -0.0029929878655821085, -0.8249006867408752, 0.5652697086334229, -1.0
vb0[258]+040 BLENDWEIGHT: 1.0, 0.0, 0.0, 0.0
vb0[258]+056 BLENDINDICES: 2, 0, 0, 0
vb0[258]+072 COLOR: 1.0, 0.5019607843137255, 0.5019607843137255, 0.0
vb0[258]+076 TEXCOORD: 0.547151505947113, 0.33602800965309143

vb0[259]+000 POSITION: -0.007381610572338104, 1.329947590827942, 0.11353429406881332
vb0[259]+012 NORMAL: -0.1452752947807312, -0.8086235523223877, 0.5701079368591309
vb0[259]+024 TANGENT: -0.14774833619594574, -0.8149865865707397, 0.5603278875350952, -1.0
vb0[259]+040 BLENDWEIGHT: 1.0, 0.0, 0.0, 0.0
vb0[259]+056 BLENDINDICES: 2, 0, 0, 0
vb0[259]+072 COLOR: 1.0, 0.5019607843137255, 0.5019607843137255, 0.0
vb0[259]+076 TEXCOORD: 0.5278865098953247, 0.3412277102470398

vb0[260]+000 POSITION: -0.010119105689227581, 1.3294336795806885, 0.112153559923172
vb0[260]+012 NORMAL: -0.14398400485515594, -0.8163312673568726, 0.559349536895752
vb0[260]+024 TANGENT: -0.13495875895023346, -0.8149005174636841, 0.5636695027351379, -1.0
vb0[260]+040 BLENDWEIGHT: 1.0, 0.0, 0.0, 0.0
vb0[260]+056 BLENDINDICES: 2, 0, 0, 0
vb0[260]+072 COLOR: 1.0, 0.5019607843137255, 0.5019607843137255, 0.0
vb0[260]+076 TEXCOORD: 0.5384631156921387, 0.3372530937194824

vb0[261]+000 POSITION: -0.007170185446739197, 1.328566312789917, 0.11135135591030121
vb0[261]+012 NORMAL: -0.01166236400604248, -0.9971792697906494, 0.07414628565311432
vb0[261]+024 TANGENT: 0.05899227038025856, -0.9838093519210815, -0.16923071444034576, -1.0
vb0[261]+040 BLENDWEIGHT: 1.0, 0.0, 0.0, 0.0
vb0[261]+056 BLENDINDICES: 2, 0, 0, 0
vb0[261]+072 COLOR: 1.0, 0.0, 0.5019607843137255, 0.0
vb0[261]+076 TEXCOORD: 0.5278444886207581, 0.3339099884033203

vb0[262]+000 POSITION: -0.009745263494551182, 1.3285503387451172, 0.11055269837379456
vb0[262]+012 NORMAL: 0.009332013316452503, -0.9995026588439941, 0.030123122036457062
vb0[262]+024 TANGENT: 0.15999329090118408, -0.958139955997467, -0.23742365837097168, -1.0
vb0[262]+040 BLENDWEIGHT: 1.0, 0.0, 0.0, 0.0
vb0[262]+056 BLENDINDICES: 2, 0, 0, 0
vb0[262]+072 COLOR: 1.0, 0.0, 0.5019607843137255, 0.0
vb0[262]+076 TEXCOORD: 0.5384694933891296, 0.33180201053619385

vb0[263]+000 POSITION: -0.012328660115599632, 1.3289756774902344, 0.11058981716632843
vb0[263]+012 NORMAL: -0.07085049897432327, -0.911365270614624, 0.40545469522476196
vb0[263]+024 TANGENT: -0.062128424644470215, -0.8642858266830444, 0.4991493225097656, -1.0
vb0[263]+040 BLENDWEIGHT: 1.0, 0.0, 0.0, 0.0
vb0[263]+056 BLENDINDICES: 2, 0, 0, 0
vb0[263]+072 COLOR: 1.0, 0.5019607843137255, 0.5019607843137255, 0.0
vb0[263]+076 TEXCOORD: 0.546202540397644, 0.33309024572372437

vb0[264]+000 POSITION: -0.011939942836761475, 1.3285398483276367, 0.10967094451189041
vb0[264]+012 NORMAL: 0.07736506313085556, -0.9902185797691345, -0.11611077189445496
vb0[264]+024 TANGENT: 0.23408086597919464, -0.911478579044342, -0.3382500112056732, -1.0
vb0[264]+040 BLENDWEIGHT: 1.0, 0.0, 0.0, 0.0
vb0[264]+056 BLENDINDICES: 2, 0, 0, 0
vb0[264]+072 COLOR: 1.0, 0.0, 0.5019607843137255, 0.0
vb0[264]+076 TEXCOORD: 0.5464085340499878, 0.3299520015716553

vb0[265]+000 POSITION: -0.0040089464746415615, 1.3302029371261597, 0.11467788368463516
vb0[265]+012 NORMAL: -0.12524700164794922, -0.8279107809066772, 0.5466964244842529
vb0[265]+024 TANGENT: -0.1296374648809433, -0.843402624130249, 0.5214078426361084, -1.0
vb0[265]+040 BLENDWEIGHT: 1.0, 0.0, 0.0, 0.0
vb0[265]+056 BLENDINDICES: 2, 0, 0, 0
vb0[265]+072 COLOR: 1.0, 0.5019607843137255, 0.5019607843137255, 0.0
vb0[265]+076 TEXCOORD: 0.5145494937896729, 0.34565696120262146

vb0[266]+000 POSITION: 3.471836862445343e-08, 1.3300440311431885, 0.11529339849948883
vb0[266]+012 NORMAL: 6.511554602184333e-07, -0.8554959297180176, 0.5178095102310181
vb0[266]+024 TANGENT: 0.0, -0.8640428185462952, 0.5034183263778687, -1.0
vb0[266]+040 BLENDWEIGHT: 1.0, 0.0, 0.0, 0.0
vb0[266]+056 BLENDINDICES: 2, 0, 0, 0
vb0[266]+072 COLOR: 1.0, 0.5019607843137255, 0.5019607843137255, 0.10196078431372549
vb0[266]+076 TEXCOORD: 0.4999999701976776, 0.34716203808784485

vb0[267]+000 POSITION: -3.4727122510958e-08, 1.3285759687423706, 0.11276723444461823
vb0[267]+012 NORMAL: -1.2094050134692225e-06, -0.9923039078712463, 0.12382631003856659
vb0[267]+024 TANGENT: 0.0, -0.9908443093299866, -0.1350095272064209, -1.0
vb0[267]+040 BLENDWEIGHT: 1.0, 0.0, 0.0, 0.0
vb0[267]+056 BLENDINDICES: 2, 0, 0, 0
vb0[267]+072 COLOR: 1.0, 0.0, 0.5019607843137255, 0.0
vb0[267]+076 TEXCOORD: 0.4999999701976776, 0.33594098687171936

vb0[268]+000 POSITION: 0.0040089464746415615, 1.3302029371261597, 0.11467788368463516
vb0[268]+012 NORMAL: 0.12524721026420593, -0.8279099464416504, 0.5466976165771484
vb0[268]+024 TANGENT: 0.12963682413101196, -0.8434002995491028, 0.5214117765426636, -1.0
vb0[268]+040 BLENDWEIGHT: 1.0, 0.0, 0.0, 0.0
vb0[268]+056 BLENDINDICES: 2, 0, 0, 0
vb0[268]+072 COLOR: 1.0, 0.5019607843137255, 0.5019607843137255, 0.0
vb0[268]+076 TEXCOORD: 0.4854315221309662, 0.34565696120262146

vb0[269]+000 POSITION: 0.003870556363835931, 1.3285808563232422, 0.11223410069942474
vb0[269]+012 NORMAL: 0.026696640998125076, -0.9930474162101746, 0.11464856564998627
vb0[269]+024 TANGENT: 0.016425132751464844, -0.98965984582901, -0.14249080419540405, -1.0
vb0[269]+040 BLENDWEIGHT: 1.0, 0.0, 0.0, 0.0
vb0[269]+056 BLENDINDICES: 2, 0, 0, 0
vb0[269]+072 COLOR: 1.0, 0.0, 0.5019607843137255, 0.0
vb0[269]+076 TEXCOORD: 0.48580652475357056, 0.33554598689079285

vb0[270]+000 POSITION: -0.003870556363835931, 1.3285808563232422, 0.11223410069942474
vb0[270]+012 NORMAL: -0.026696447283029556, -0.993044912815094, 0.11466921120882034
vb0[270]+024 TANGENT: -0.016425609588623047, -0.9896599650382996, -0.14249028265476227, -1.0
vb0[270]+040 BLENDWEIGHT: 1.0, 0.0, 0.0, 0.0
vb0[270]+056 BLENDINDICES: 2, 0, 0, 0
vb0[270]+072 COLOR: 1.0, 0.0, 0.5019607843137255, 0.0
vb0[270]+076 TEXCOORD: 0.5141745209693909, 0.33554598689079285

vb0[271]+000 POSITION: -0.013110412284731865, 1.3286718130111694, 0.10972671955823898
vb0[271]+012 NORMAL: 0.1620735228061676, -0.9313667416572571, 0.32601839303970337
vb0[271]+024 TANGENT: 0.15183156728744507, -0.8419620990753174, 0.5177325010299683, -1.0
vb0[271]+040 BLENDWEIGHT: 1.0, 0.0, 0.0, 0.0
vb0[271]+056 BLENDINDICES: 2, 0, 0, 0
vb0[271]+072 COLOR: 1.0, 0.5019607843137255, 0.5019607843137255, 0.0
vb0[271]+076 TEXCOORD: 0.5494726300239563, 0.33120545744895935

vb0[272]+000 POSITION: -0.012666589580476284, 1.328541874885559, 0.10937214642763138
vb0[272]+012 NORMAL: 0.08746364712715149, -0.9921659231185913, -0.08920057862997055
vb0[272]+024 TANGENT: 0.4032452702522278, -0.8873773813247681, -0.2235056757926941, -1.0
vb0[272]+040 BLENDWEIGHT: 1.0, 0.0, 0.0, 0.0
vb0[272]+056 BLENDINDICES: 2, 0, 0, 0
vb0[272]+072 COLOR: 1.0, 0.0, 0.5019607843137255, 0.0
vb0[272]+076 TEXCOORD: 0.5473859906196594, 0.3296164572238922

vb0[273]+000 POSITION: -0.013895781710743904, 1.3285648822784424, 0.11017313599586487
vb0[273]+012 NORMAL: 0.12926897406578064, -0.8255801200866699, 0.549278736114502
vb0[273]+024 TANGENT: 0.1593046635389328, -0.7978010773658752, 0.5814940333366394, -1.0
vb0[273]+040 BLENDWEIGHT: 1.0, 0.0, 0.0, 0.0
vb0[273]+056 BLENDINDICES: 2, 0, 0, 0
vb0[273]+072 COLOR: 1.0, 0.5019607843137255, 0.5019607843137255, 0.0
vb0[273]+076 TEXCOORD: 0.5504937767982483, 0.3321419954299927

vb0[274]+000 POSITION: -0.013181484304368496, 1.3284233808517456, 0.10947753489017487
vb0[274]+012 NORMAL: 0.3253072500228882, -0.49446573853492737, 0.8060265183448792
vb0[274]+024 TANGENT: 0.33181077241897583, -0.5044205784797668, 0.7971583604812622, -1.0
vb0[274]+040 BLENDWEIGHT: 1.0, 0.0, 0.0, 0.0
vb0[274]+056 BLENDINDICES: 2, 0, 0, 0
vb0[274]+072 COLOR: 1.0, 0.5019607843137255, 0.5019607843137255, 0.0
vb0[274]+076 TEXCOORD: 0.550725519657135, 0.3290587365627289

vb0[275]+000 POSITION: -0.012926314026117325, 1.3281970024108887, 0.1093490943312645
vb0[275]+012 NORMAL: -0.07618264853954315, 0.059971604496240616, 0.9952887296676636
vb0[275]+024 TANGENT: 0.0913662314414978, 0.01934945583343506, 0.9956293106079102, -1.0
vb0[275]+040 BLENDWEIGHT: 1.0, 0.0, 0.0, 0.0
vb0[275]+056 BLENDINDICES: 2, 0, 0, 0
vb0[275]+072 COLOR: 1.0, 0.5019607843137255, 0.5019607843137255, 0.0
vb0[275]+076 TEXCOORD: 0.5499650239944458, 0.3275730609893799

vb0[276]+000 POSITION: -0.012793282978236675, 1.3285415172576904, 0.10930785536766052
vb0[276]+012 NORMAL: 0.895807147026062, 0.3636874258518219, -0.2554622292518616
vb0[276]+024 TANGENT: 0.9390041828155518, -0.16781926155090332, 0.3001796007156372, -1.0
vb0[276]+040 BLENDWEIGHT: 1.0, 0.0, 0.0, 0.0
vb0[276]+056 BLENDINDICES: 2, 0, 0, 0
vb0[276]+072 COLOR: 1.0, 0.0, 0.5019607843137255, 0.0
vb0[276]+076 TEXCOORD: 0.5477529764175415, 0.3292534649372101

vb0[277]+000 POSITION: -0.012654543854296207, 1.328587293624878, 0.1093234196305275
vb0[277]+012 NORMAL: -0.23594063520431519, 0.5774612426757812, 0.7815821170806885
vb0[277]+024 TANGENT: 0.2234933078289032, 0.9401451945304871, 0.25725045800209045, -1.0
vb0[277]+040 BLENDWEIGHT: 1.0, 0.0, 0.0, 0.0
vb0[277]+056 BLENDINDICES: 2, 0, 0, 0
vb0[277]+072 COLOR: 1.0, 0.0, 0.5019607843137255, 0.0
vb0[277]+076 TEXCOORD: 0.5475039482116699, 0.3290814757347107

vb0[278]+000 POSITION: -0.011841307394206524, 1.3277860879898071, 0.10959532856941223
vb0[278]+012 NORMAL: -0.3727415204048157, 0.143778458237648, 0.916728675365448
vb0[278]+024 TANGENT: -0.3052721321582794, 0.17167069017887115, 0.9366633296012878, -1.0
vb0[278]+040 BLENDWEIGHT: 1.0, 0.0, 0.0, 0.0
vb0[278]+056 BLENDINDICES: 2, 0, 0, 0
vb0[278]+072 COLOR: 1.0, 0.5019607843137255, 0.5019607843137255, 0.0
vb0[278]+076 TEXCOORD: 0.5463384985923767, 0.32727453112602234

vb0[279]+000 POSITION: -0.011813653632998466, 1.3287173509597778, 0.10949725657701492
vb0[279]+012 NORMAL: -0.17873194813728333, 0.8568512201309204, 0.4835915267467499
vb0[279]+024 TANGENT: -0.05922138690948486, 0.9919805526733398, 0.11165773868560791, -1.0
vb0[279]+040 BLENDWEIGHT: 1.0, 0.0, 0.0, 0.0
vb0[279]+056 BLENDINDICES: 2, 0, 0, 0
vb0[279]+072 COLOR: 1.0, 0.0, 0.5019607843137255, 0.0
vb0[279]+076 TEXCOORD: 0.5463474988937378, 0.32949599623680115

vb0[280]+000 POSITION: -0.009624553844332695, 1.3287321329116821, 0.11034120619297028
vb0[280]+012 NORMAL: -0.2832854986190796, 0.7128609418869019, 0.6415439248085022
vb0[280]+024 TANGENT: -0.17175531387329102, 0.9689948558807373, 0.1776202917098999, -1.0
vb0[280]+040 BLENDWEIGHT: 1.0, 0.0, 0.0, 0.0
vb0[280]+056 BLENDINDICES: 2, 0, 0, 0
vb0[280]+072 COLOR: 1.0, 0.0, 0.5019607843137255, 0.0
vb0[280]+076 TEXCOORD: 0.5384194850921631, 0.33126699924468994

vb0[281]+000 POSITION: -0.009534792974591255, 1.3274860382080078, 0.11084751039743423
vb0[281]+012 NORMAL: -0.4066673219203949, 0.1687888205051422, 0.8978485465049744
vb0[281]+024 TANGENT: -0.45095786452293396, 0.14503967761993408, 0.8806818127632141, -1.0
vb0[281]+040 BLENDWEIGHT: 1.0, 0.0, 0.0, 0.0
vb0[281]+056 BLENDINDICES: 2, 0, 0, 0
vb0[281]+072 COLOR: 1.0, 0.5019607843137255, 0.5019607843137255, 0.0
vb0[281]+076 TEXCOORD: 0.537599503993988, 0.32823601365089417

vb0[282]+000 POSITION: -0.007142252754420042, 1.328777551651001, 0.11105627566576004
vb0[282]+012 NORMAL: -0.1930210143327713, 0.8193868398666382, 0.539766788482666
vb0[282]+024 TANGENT: -0.14052928984165192, 0.9611464142799377, 0.23759032785892487, -1.0
vb0[282]+040 BLENDWEIGHT: 1.0, 0.0, 0.0, 0.0
vb0[282]+056 BLENDINDICES: 2, 0, 0, 0
vb0[282]+072 COLOR: 1.0, 0.0, 0.5019607843137255, 0.0
vb0[282]+076 TEXCOORD: 0.5277765393257141, 0.33336615562438965

vb0[283]+000 POSITION: -0.0072355810552835464, 1.3273931741714478, 0.11197638511657715
vb0[283]+012 NORMAL: -0.3388717770576477, 0.2978079617023468, 0.8924552202224731
vb0[283]+024 TANGENT: -0.3576466143131256, 0.2420290857553482, 0.9019483923912048, -1.0
vb0[283]+040 BLENDWEIGHT: 1.0, 0.0, 0.0, 0.0
vb0[283]+056 BLENDINDICES: 2, 0, 0, 0
vb0[283]+072 COLOR: 1.0, 0.5019607843137255, 0.5019607843137255, 0.0
vb0[283]+076 TEXCOORD: 0.5268285274505615, 0.3290030062198639

vb0[284]+000 POSITION: -0.004001257475465536, 1.3273389339447021, 0.11299475282430649
vb0[284]+012 NORMAL: -0.18972676992416382, 0.3601156175136566, 0.9134114384651184
vb0[284]+024 TANGENT: -0.16954563558101654, 0.36161789298057556, 0.9167806506156921, -1.0
vb0[284]+040 BLENDWEIGHT: 1.0, 0.0, 0.0, 0.0
vb0[284]+056 BLENDINDICES: 2, 0, 0, 0
vb0[284]+072 COLOR: 1.0, 0.5019607843137255, 0.5019607843137255, 0.0
vb0[284]+076 TEXCOORD: 0.5136924982070923, 0.3300609886646271

vb0[285]+000 POSITION: -0.0038836258463561535, 1.3288214206695557, 0.11193348467350006
vb0[285]+012 NORMAL: -0.10197942703962326, 0.8940024971961975, 0.4363022446632385
vb0[285]+024 TANGENT: -0.045731667429208755, 0.9643811583518982, 0.2605333626270294, -1.0
vb0[285]+040 BLENDWEIGHT: 1.0, 0.0, 0.0, 0.0
vb0[285]+056 BLENDINDICES: 2, 0, 0, 0
vb0[285]+072 COLOR: 1.0, 0.0, 0.5019607843137255, 0.0
vb0[285]+076 TEXCOORD: 0.5188181400299072, 0.33514603972435

vb0[286]+000 POSITION: -3.471838283530815e-08, 1.4814655780792236, 0.112885981798172
vb0[286]+012 NORMAL: 0.0, 0.39211395382881165, 0.9199166893959045
vb0[286]+024 TANGENT: 0.0, 0.4012174606323242, 0.9159829020500183, -1.0
vb0[286]+040 BLENDWEIGHT: 1.0, 0.0, 0.0, 0.0
vb0[286]+056 BLENDINDICES: 2, 0, 0, 0
vb0[286]+072 COLOR: 1.0, 0.5019607843137255, 0.5019607843137255, 0.5019607843137255
vb0[286]+076 TEXCOORD: 0.4999999701976776, 0.8472620248794556

vb0[287]+000 POSITION: 0.01237721648067236, 1.4813212156295776, 0.1110503152012825
vb0[287]+012 NORMAL: 0.20899946987628937, 0.3847324252128601, 0.8990551233291626
vb0[287]+024 TANGENT: 0.2149120420217514, 0.391862154006958, 0.8945708274841309, -1.0
vb0[287]+040 BLENDWEIGHT: 1.0, 0.0, 0.0, 0.0
vb0[287]+056 BLENDINDICES: 2, 0, 0, 0
vb0[287]+072 COLOR: 1.0, 0.5019607843137255, 0.5019607843137255, 0.5019607843137255
vb0[287]+076 TEXCOORD: 0.464308500289917, 0.8554840087890625

vb0[288]+000 POSITION: -3.471838638802183e-08, 1.501190185546875, 0.10166402906179428
vb0[288]+012 NORMAL: 0.0, 0.4961889088153839, 0.8682146072387695
vb0[288]+024 TANGENT: 0.0, 0.4957483112812042, 0.868466317653656, -1.0
vb0[288]+040 BLENDWEIGHT: 1.0, 0.0, 0.0, 0.0
vb0[288]+056 BLENDINDICES: 2, 0, 0, 0
vb0[288]+072 COLOR: 1.0, 0.5019607843137255, 0.5019607843137255, 0.5019607843137255
vb0[288]+076 TEXCOORD: 0.4999999701976776, 0.9314780235290527

vb0[289]+000 POSITION: 0.012593643739819527, 1.5006437301635742, 0.09994865953922272
vb0[289]+012 NORMAL: 0.21231110394001007, 0.48940327763557434, 0.8458181619644165
vb0[289]+024 TANGENT: 0.20591622591018677, 0.48835307359695435, 0.8480034470558167, -1.0
vb0[289]+040 BLENDWEIGHT: 1.0, 0.0, 0.0, 0.0
vb0[289]+056 BLENDINDICES: 2, 0, 0, 0
vb0[289]+072 COLOR: 1.0, 0.5019607843137255, 0.5019607843137255, 0.5019607843137255
vb0[289]+076 TEXCOORD: 0.46537351608276367, 0.9311839938163757

vb0[290]+000 POSITION: 0.02557341754436493, 1.4810138940811157, 0.10706450045108795
vb0[290]+012 NORMAL: 0.33262836933135986, 0.38299569487571716, 0.8617846369743347
vb0[290]+024 TANGENT: 0.3388463258743286, 0.3840961158275604, 0.8588675260543823, -1.0
vb0[290]+040 BLENDWEIGHT: 1.0, 0.0, 0.0, 0.0
vb0[290]+056 BLENDINDICES: 2, 0, 0, 0
vb0[290]+072 COLOR: 1.0, 0.5019607843137255, 0.5019607843137255, 0.5019607843137255
vb0[290]+076 TEXCOORD: 0.42003151774406433, 0.8580039739608765

vb0[291]+000 POSITION: -3.471838283530815e-08, 1.4576729536056519, 0.12065169960260391
vb0[291]+012 NORMAL: 0.0, 0.208521768450737, 0.9780177474021912
vb0[291]+024 TANGENT: 0.0, 0.18923510611057281, 0.9819318056106567, -1.0
vb0[291]+040 BLENDWEIGHT: 1.0, 0.0, 0.0, 0.0
vb0[291]+056 BLENDINDICES: 2, 0, 0, 0
vb0[291]+072 COLOR: 1.0, 0.5019607843137255, 0.5019607843137255, 0.5019607843137255
vb0[291]+076 TEXCOORD: 0.4999999701976776, 0.7781389951705933

vb0[292]+000 POSITION: -3.471838283530815e-08, 1.4395662546157837, 0.1217101439833641
vb0[292]+012 NORMAL: -3.593600297335797e-07, 0.010295134969055653, 0.9999470710754395
vb0[292]+024 TANGENT: 0.0, 0.013497830368578434, 0.9999089241027832, -1.0
vb0[292]+040 BLENDWEIGHT: 1.0, 0.0, 0.0, 0.0
vb0[292]+056 BLENDINDICES: 2, 0, 0, 0
vb0[292]+072 COLOR: 1.0, 0.5019607843137255, 0.5019607843137255, 0.5019607843137255
vb0[292]+076 TEXCOORD: 0.4999999701976776, 0.7294549942016602

vb0[293]+000 POSITION: 0.02541821263730526, 1.4994375705718994, 0.09621112793684006
vb0[293]+012 NORMAL: 0.34322527050971985, 0.48414117097854614, 0.8048624992370605
vb0[293]+024 TANGENT: 0.33558130264282227, 0.48102083802223206, 0.8099408149719238, -1.0
vb0[293]+040 BLENDWEIGHT: 1.0, 0.0, 0.0, 0.0
vb0[293]+056 BLENDINDICES: 2, 0, 0, 0
vb0[293]+072 COLOR: 1.0, 0.5019607843137255, 0.5019607843137255, 0.5019607843137255
vb0[293]+076 TEXCOORD: 0.41371750831604004, 0.9281529784202576

vb0[294]+000 POSITION: 0.037028029561042786, 1.4975550174713135, 0.0912558063864708
vb0[294]+012 NORMAL: 0.4753621518611908, 0.47387632727622986, 0.7412638664245605
vb0[294]+024 TANGENT: 0.46483975648880005, 0.470935195684433, 0.7497625946998596, -1.0
vb0[294]+040 BLENDWEIGHT: 1.0, 0.0, 0.0, 0.0
vb0[294]+056 BLENDINDICES: 2, 0, 0, 0
vb0[294]+072 COLOR: 1.0, 0.5019607843137255, 0.5019607843137255, 0.5019607843137255
vb0[294]+076 TEXCOORD: 0.3697635233402252, 0.9220309853553772

vb0[295]+000 POSITION: 0.048093538731336594, 1.4948748350143433, 0.08445114642381668
vb0[295]+012 NORMAL: 0.6196278929710388, 0.4498305916786194, 0.6432058215141296
vb0[295]+024 TANGENT: 0.6115025281906128, 0.44771134853363037, 0.6523950099945068, -1.0
vb0[295]+040 BLENDWEIGHT: 1.0, 0.0, 0.0, 0.0
vb0[295]+056 BLENDINDICES: 2, 0, 0, 0
vb0[295]+072 COLOR: 1.0, 0.5019607843137255, 0.5019607843137255, 0.5019607843137255
vb0[295]+076 TEXCOORD: 0.31886550784111023, 0.9072780013084412

vb0[296]+000 POSITION: -0.011550924740731716, 1.4266349077224731, 0.11910906434059143
vb0[296]+012 NORMAL: -0.23262648284435272, -0.09959465265274048, 0.9674532413482666
vb0[296]+024 TANGENT: -0.22948884963989258, -0.1019248440861702, 0.9679598212242126, -1.0
vb0[296]+040 BLENDWEIGHT: 1.0, 0.0, 0.0, 0.0
vb0[296]+056 BLENDINDICES: 2, 0, 0, 0
vb0[296]+072 COLOR: 1.0, 0.5019607843137255, 0.5019607843137255, 0.5019607843137255
vb0[296]+076 TEXCOORD: 0.5312945246696472, 0.6928290128707886

vb0[297]+000 POSITION: -0.009423375129699707, 1.4132726192474365, 0.11774895340204239
vb0[297]+012 NORMAL: -0.2390366494655609, -0.13402530550956726, 0.9617165327072144
vb0[297]+024 TANGENT: -0.2285790592432022, -0.17274172604084015, 0.9580772519111633, -1.0
vb0[297]+040 BLENDWEIGHT: 1.0, 0.0, 0.0, 0.0
vb0[297]+056 BLENDINDICES: 2, 0, 0, 0
vb0[297]+072 COLOR: 1.0, 0.5019607843137255, 0.5019607843137255, 0.5019607843137255
vb0[297]+076 TEXCOORD: 0.5260854959487915, 0.6524739861488342

vb0[298]+000 POSITION: -0.020506586879491806, 1.4103938341140747, 0.11398636549711227
vb0[298]+012 NORMAL: -0.27481406927108765, -0.14441631734371185, 0.9505898952484131
vb0[298]+024 TANGENT: -0.30590057373046875, -0.21652431786060333, 0.9271149039268494, -1.0
vb0[298]+040 BLENDWEIGHT: 1.0, 0.0, 0.0, 0.0
vb0[298]+056 BLENDINDICES: 2, 0, 0, 0
vb0[298]+072 COLOR: 1.0, 0.5019607843137255, 0.5019607843137255, 0.5019607843137255
vb0[298]+076 TEXCOORD: 0.55782151222229, 0.6456140279769897

vb0[299]+000 POSITION: -0.026111308485269547, 1.4300631284713745, 0.1153983473777771
vb0[299]+012 NORMAL: -0.31669655442237854, -0.06690182536840439, 0.9461645483970642
vb0[299]+024 TANGENT: -0.31160545349121094, -0.09112465381622314, 0.9458321332931519, -1.0
vb0[299]+040 BLENDWEIGHT: 1.0, 0.0, 0.0, 0.0
vb0[299]+056 BLENDINDICES: 2, 0, 0, 0
vb0[299]+072 COLOR: 1.0, 0.5019607843137255, 0.5019607843137255, 0.5019607843137255
vb0[299]+076 TEXCOORD: 0.5723665356636047, 0.7042019963264465

vb0[300]+000 POSITION: -0.029147328808903694, 1.4172794818878174, 0.11269509047269821
vb0[300]+012 NORMAL: -0.30283811688423157, -0.1277891844511032, 0.9444357752799988
vb0[300]+024 TANGENT: -0.343253493309021, -0.1805507391691208, 0.9217258095741272, -1.0
vb0[300]+040 BLENDWEIGHT: 1.0, 0.0, 0.0, 0.0
vb0[300]+056 BLENDINDICES: 2, 0, 0, 0
vb0[300]+072 COLOR: 1.0, 0.5019607843137255, 0.5019607843137255, 0.5019607843137255
vb0[300]+076 TEXCOORD: 0.5844925045967102, 0.6676520109176636

vb0[301]+000 POSITION: -0.012191478163003922, 1.4406663179397583, 0.11971309036016464
vb0[301]+012 NORMAL: -0.22925931215286255, 0.024635909125208855, 0.973053514957428
vb0[301]+024 TANGENT: -0.23108841478824615, 0.02488088794052601, 0.972614586353302, -1.0
vb0[301]+040 BLENDWEIGHT: 1.0, 0.0, 0.0, 0.0
vb0[301]+056 BLENDINDICES: 2, 0, 0, 0
vb0[301]+072 COLOR: 1.0, 0.5019607843137255, 0.5019607843137255, 0.5019607843137255
vb0[301]+076 TEXCOORD: 0.5324364900588989, 0.7334169745445251

vb0[302]+000 POSITION: -0.026533067226409912, 1.4436875581741333, 0.11520612239837646
vb0[302]+012 NORMAL: -0.343451589345932, 0.06358493864536285, 0.9370155334472656
vb0[302]+024 TANGENT: -0.34423398971557617, 0.05407869443297386, 0.937325119972229, -1.0
vb0[302]+040 BLENDWEIGHT: 1.0, 0.0, 0.0, 0.0
vb0[302]+056 BLENDINDICES: 2, 0, 0, 0
vb0[302]+072 COLOR: 1.0, 0.5019607843137255, 0.5019607843137255, 0.5019607843137255
vb0[302]+076 TEXCOORD: 0.5734935402870178, 0.7436079978942871

vb0[303]+000 POSITION: -0.03950773552060127, 1.4338724613189697, 0.10993402451276779
vb0[303]+012 NORMAL: -0.42333048582077026, 0.007988270372152328, 0.9059401154518127
vb0[303]+024 TANGENT: -0.4227238893508911, -0.012679756619036198, 0.9061698317527771, -1.0
vb0[303]+040 BLENDWEIGHT: 1.0, 0.0, 0.0, 0.0
vb0[303]+056 BLENDINDICES: 2, 0, 0, 0
vb0[303]+072 COLOR: 1.0, 0.5019607843137255, 0.5019607843137255, 0.5019607843137255
vb0[303]+076 TEXCOORD: 0.6119984984397888, 0.7151910066604614

vb0[304]+000 POSITION: -0.03876733034849167, 1.4462159872055054, 0.10950847715139389
vb0[304]+012 NORMAL: -0.45004507899284363, 0.09817229956388474, 0.887593150138855
vb0[304]+024 TANGENT: -0.44825661182403564, 0.08935607969760895, 0.8894276022911072, -1.0
vb0[304]+040 BLENDWEIGHT: 1.0, 0.0, 0.0, 0.0
vb0[304]+056 BLENDINDICES: 2, 0, 0, 0
vb0[304]+072 COLOR: 1.0, 0.5019607843137255, 0.5019607843137255, 0.5019607843137255
vb0[304]+076 TEXCOORD: 0.6120434999465942, 0.7510960102081299

vb0[305]+000 POSITION: -0.026006542146205902, 1.4600718021392822, 0.11342416703701019
vb0[305]+012 NORMAL: -0.3395968973636627, 0.21223506331443787, 0.9163133502006531
vb0[305]+024 TANGENT: -0.34577104449272156, 0.19568072259426117, 0.9176880717277527, -1.0
vb0[305]+040 BLENDWEIGHT: 1.0, 0.0, 0.0, 0.0
vb0[305]+056 BLENDINDICES: 2, 0, 0, 0
vb0[305]+072 COLOR: 1.0, 0.5019607843137255, 0.5019607843137255, 0.5019607843137255
vb0[305]+076 TEXCOORD: 0.57618248462677, 0.7914810180664062

vb0[306]+000 POSITION: -0.03833841159939766, 1.4611886739730835, 0.10769770294427872
vb0[306]+012 NORMAL: -0.45150843262672424, 0.2154746651649475, 0.8658583760261536
vb0[306]+024 TANGENT: -0.45866212248802185, 0.2028418779373169, 0.8651498556137085, -1.0
vb0[306]+040 BLENDWEIGHT: 1.0, 0.0, 0.0, 0.0
vb0[306]+056 BLENDINDICES: 2, 0, 0, 0
vb0[306]+072 COLOR: 1.0, 0.5019607843137255, 0.5019607843137255, 0.5019607843137255
vb0[306]+076 TEXCOORD: 0.6151484847068787, 0.7953959703445435

vb0[307]+000 POSITION: -0.05202396586537361, 1.4349106550216675, 0.10332471877336502
vb0[307]+012 NORMAL: -0.5371482372283936, 0.06342606246471405, 0.8410999178886414
vb0[307]+024 TANGENT: -0.5258180499076843, 0.03713047131896019, 0.8497862219810486, -1.0
vb0[307]+040 BLENDWEIGHT: 1.0, 0.0, 0.0, 0.0
vb0[307]+056 BLENDINDICES: 2, 0, 0, 0
vb0[307]+072 COLOR: 1.0, 0.5019607843137255, 0.5019607843137255, 0.5019607843137255
vb0[307]+076 TEXCOORD: 0.6549795269966125, 0.7151809930801392

vb0[308]+000 POSITION: -0.05195705592632294, 1.4242678880691528, 0.10336127132177353
vb0[308]+012 NORMAL: -0.5136486291885376, -0.0029432792216539383, 0.8579955697059631
vb0[308]+024 TANGENT: -0.509060800075531, -0.08051222562789917, 0.8569567203521729, -1.0
vb0[308]+040 BLENDWEIGHT: 1.0, 0.0, 0.0, 0.0
vb0[308]+056 BLENDINDICES: 2, 0, 0, 0
vb0[308]+072 COLOR: 1.0, 0.5019607843137255, 0.5019607843137255, 0.5019607843137255
vb0[308]+076 TEXCOORD: 0.6530945301055908, 0.685018002986908

vb0[309]+000 POSITION: -0.06351721286773682, 1.4336744546890259, 0.09505391120910645
vb0[309]+012 NORMAL: -0.6643381714820862, 0.08943958580493927, 0.7420615553855896
vb0[309]+024 TANGENT: -0.6661224961280823, 0.0665658637881279, 0.7428658604621887, -1.0
vb0[309]+040 BLENDWEIGHT: 1.0, 0.0, 0.0, 0.0
vb0[309]+056 BLENDINDICES: 2, 0, 0, 0
vb0[309]+072 COLOR: 1.0, 0.5019607843137255, 0.5019607843137255, 0.5019607843137255
vb0[309]+076 TEXCOORD: 0.6969225406646729, 0.7090839743614197

vb0[310]+000 POSITION: -0.06298785656690598, 1.4236092567443848, 0.0958624929189682
vb0[310]+012 NORMAL: -0.6480521559715271, 0.03946541249752045, 0.7605727910995483
vb0[310]+024 TANGENT: -0.6372359991073608, -0.03398507833480835, 0.7699190378189087, -1.0
vb0[310]+040 BLENDWEIGHT: 1.0, 0.0, 0.0, 0.0
vb0[310]+056 BLENDINDICES: 2, 0, 0, 0
vb0[310]+072 COLOR: 1.0, 0.5019607843137255, 0.5019607843137255, 0.5019607843137255
vb0[310]+076 TEXCOORD: 0.6963345408439636, 0.6797080039978027

vb0[311]+000 POSITION: -0.07107505947351456, 1.4307973384857178, 0.0866975411772728
vb0[311]+012 NORMAL: -0.8082784414291382, 0.09584396332502365, 0.5809472799301147
vb0[311]+024 TANGENT: -0.7994318008422852, 0.08207548409700394, 0.5951239466667175, -1.0
vb0[311]+040 BLENDWEIGHT: 1.0, 0.0, 0.0, 0.0
vb0[311]+056 BLENDINDICES: 2, 0, 0, 0
vb0[311]+072 COLOR: 1.0, 0.5019607843137255, 0.5019607843137255, 0.5019607843137255
vb0[311]+076 TEXCOORD: 0.7278915047645569, 0.6973329782485962

vb0[312]+000 POSITION: -0.07079233229160309, 1.4208482503890991, 0.08808334916830063
vb0[312]+012 NORMAL: -0.7924127578735352, 0.07119560986757278, 0.6058162450790405
vb0[312]+024 TANGENT: -0.7684670090675354, 0.003512144321575761, 0.6398798823356628, -1.0
vb0[312]+040 BLENDWEIGHT: 1.0, 0.0, 0.0, 0.0
vb0[312]+056 BLENDINDICES: 2, 0, 0, 0
vb0[312]+072 COLOR: 1.0, 0.5019607843137255, 0.5019607843137255, 0.5019607843137255
vb0[312]+076 TEXCOORD: 0.7251465320587158, 0.668599009513855

vb0[313]+000 POSITION: -0.040479350835084915, 1.4218995571136475, 0.10895951092243195
vb0[313]+012 NORMAL: -0.4027615785598755, -0.0589788556098938, 0.913402795791626
vb0[313]+024 TANGENT: -0.4231313169002533, -0.13054877519607544, 0.896614134311676, -1.0
vb0[313]+040 BLENDWEIGHT: 1.0, 0.0, 0.0, 0.0
vb0[313]+056 BLENDINDICES: 2, 0, 0, 0
vb0[313]+072 COLOR: 1.0, 0.5019607843137255, 0.5019607843137255, 0.5019607843137255
vb0[313]+076 TEXCOORD: 0.6118425130844116, 0.679997980594635

vb0[314]+000 POSITION: -0.05129821226000786, 1.446859359741211, 0.10205904394388199
vb0[314]+012 NORMAL: -0.5643355846405029, 0.13081134855747223, 0.815115749835968
vb0[314]+024 TANGENT: -0.5573574304580688, 0.1266571283340454, 0.8205550909042358, -1.0
vb0[314]+040 BLENDWEIGHT: 1.0, 0.0, 0.0, 0.0
vb0[314]+056 BLENDINDICES: 2, 0, 0, 0
vb0[314]+072 COLOR: 1.0, 0.5019607843137255, 0.5019607843137255, 0.5019607843137255
vb0[314]+076 TEXCOORD: 0.6558675169944763, 0.7501580119132996

vb0[315]+000 POSITION: -0.012463616207242012, 1.4583474397659302, 0.11807490140199661
vb0[315]+012 NORMAL: -0.23607563972473145, 0.206598699092865, 0.9495184421539307
vb0[315]+024 TANGENT: -0.2302989810705185, 0.1891375631093979, 0.9545623660087585, -1.0
vb0[315]+040 BLENDWEIGHT: 1.0, 0.0, 0.0, 0.0
vb0[315]+056 BLENDINDICES: 2, 0, 0, 0
vb0[315]+072 COLOR: 1.0, 0.5019607843137255, 0.5019607843137255, 0.5019607843137255
vb0[315]+076 TEXCOORD: 0.5341505408287048, 0.7839599847793579

vb0[316]+000 POSITION: -0.07684173434972763, 1.4252729415893555, 0.07791119068861008
vb0[316]+012 NORMAL: -0.9082461595535278, 0.05873045697808266, 0.4142942428588867
vb0[316]+024 TANGENT: -0.902082622051239, 0.06387423723936081, 0.42681020498275757, -1.0
vb0[316]+040 BLENDWEIGHT: 1.0, 0.0, 0.0, 0.0
vb0[316]+056 BLENDINDICES: 2, 0, 0, 0
vb0[316]+072 COLOR: 1.0, 0.5019607843137255, 0.5019607843137255, 0.5019607843137255
vb0[316]+076 TEXCOORD: 0.7615635395050049, 0.6761040091514587

vb0[317]+000 POSITION: -0.07648244500160217, 1.4375413656234741, 0.0754370242357254
vb0[317]+012 NORMAL: -0.8964284658432007, 0.12430885434150696, 0.42539793252944946
vb0[317]+024 TANGENT: -0.8955565094947815, 0.10766112059354782, 0.43172621726989746, -1.0
vb0[317]+040 BLENDWEIGHT: 1.0, 0.0, 0.0, 0.0
vb0[317]+056 BLENDINDICES: 2, 0, 0, 0
vb0[317]+072 COLOR: 1.0, 0.5019607843137255, 0.5019607843137255, 0.5019607843137255
vb0[317]+076 TEXCOORD: 0.7647625207901001, 0.7126479744911194

vb0[318]+000 POSITION: -0.07031667232513428, 1.4423999786376953, 0.08510281145572662
vb0[318]+012 NORMAL: -0.816257894039154, 0.1483035683631897, 0.5583270192146301
vb0[318]+024 TANGENT: -0.8138350248336792, 0.1476116180419922, 0.5620349645614624, -1.0
vb0[318]+040 BLENDWEIGHT: 1.0, 0.0, 0.0, 0.0
vb0[318]+056 BLENDINDICES: 2, 0, 0, 0
vb0[318]+072 COLOR: 1.0, 0.5019607843137255, 0.5019607843137255, 0.5019607843137255
vb0[318]+076 TEXCOORD: 0.7299185395240784, 0.7315469980239868

vb0[319]+000 POSITION: -0.07661910355091095, 1.4158729314804077, 0.0798550397157669
vb0[319]+012 NORMAL: -0.9245389103889465, 0.05782679468393326, 0.3766745924949646
vb0[319]+024 TANGENT: -0.8862318396568298, 0.006410837639123201, 0.46319761872291565, -1.0
vb0[319]+040 BLENDWEIGHT: 1.0, 0.0, 0.0, 0.0
vb0[319]+056 BLENDINDICES: 2, 0, 0, 0
vb0[319]+072 COLOR: 1.0, 0.5019607843137255, 0.5019607843137255, 0.5019607843137255
vb0[319]+076 TEXCOORD: 0.755563497543335, 0.6485300064086914

vb0[320]+000 POSITION: -0.08221995830535889, 1.4144450426101685, 0.06284496188163757
vb0[320]+012 NORMAL: -0.9739237427711487, -0.07073687762022018, 0.21556641161441803
vb0[320]+024 TANGENT: -0.9732396006584167, -0.059793710708618164, 0.22187723219394684, -1.0
vb0[320]+040 BLENDWEIGHT: 1.0, 0.0, 0.0, 0.0
vb0[320]+056 BLENDINDICES: 2, 0, 0, 0
vb0[320]+072 COLOR: 1.0, 0.5019607843137255, 0.5019607843137255, 0.5019607843137255
vb0[320]+076 TEXCOORD: 0.803690493106842, 0.6382219791412354

vb0[321]+000 POSITION: -0.08041240274906158, 1.406787395477295, 0.0696701779961586
vb0[321]+012 NORMAL: -0.9799388647079468, -0.07220359891653061, 0.1857587993144989
vb0[321]+024 TANGENT: -0.958172082901001, -0.09546924382448196, 0.26979973912239075, -1.0
vb0[321]+040 BLENDWEIGHT: 1.0, 0.0, 0.0, 0.0
vb0[321]+056 BLENDINDICES: 2, 0, 0, 0
vb0[321]+072 COLOR: 1.0, 0.5019607843137255, 0.5019607843137255, 0.5019607843137255
vb0[321]+076 TEXCOORD: 0.7864205241203308, 0.6192479729652405

vb0[322]+000 POSITION: -0.08323585242033005, 1.430193305015564, 0.06170416995882988
vb0[322]+012 NORMAL: -0.9601798057556152, 0.03916372358798981, 0.2766243517398834
vb0[322]+024 TANGENT: -0.9637717008590698, 0.03661739453673363, 0.2642030715942383, -1.0
vb0[322]+040 BLENDWEIGHT: 1.0, 0.0, 0.0, 0.0
vb0[322]+056 BLENDINDICES: 2, 0, 0, 0
vb0[322]+072 COLOR: 1.0, 0.5019607843137255, 0.5019607843137255, 0.5019607843137255
vb0[322]+076 TEXCOORD: 0.8036075234413147, 0.6864330172538757

vb0[323]+000 POSITION: -0.08207767456769943, 1.444054365158081, 0.05942259356379509
vb0[323]+012 NORMAL: -0.9515726566314697, 0.12848462164402008, 0.27928680181503296
vb0[323]+024 TANGENT: -0.9572597742080688, 0.11649501323699951, 0.2647312879562378, -1.0
vb0[323]+040 BLENDWEIGHT: 1.0, 0.0, 0.0, 0.0
vb0[323]+056 BLENDINDICES: 2, 0, 0, 0
vb0[323]+072 COLOR: 1.0, 0.5019607843137255, 0.5019607843137255, 0.5019607843137255
vb0[323]+076 TEXCOORD: 0.8064774870872498, 0.72850501537323

vb0[324]+000 POSITION: -0.07606163620948792, 1.450605869293213, 0.07236454635858536
vb0[324]+012 NORMAL: -0.8946664333343506, 0.16628655791282654, 0.4146331548690796
vb0[324]+024 TANGENT: -0.8890734314918518, 0.17424963414669037, 0.4233029782772064, -1.0
vb0[324]+040 BLENDWEIGHT: 1.0, 0.0, 0.0, 0.0
vb0[324]+056 BLENDINDICES: 2, 0, 0, 0
vb0[324]+072 COLOR: 1.0, 0.5019607843137255, 0.5019607843137255, 0.5019607843137255
vb0[324]+076 TEXCOORD: 0.7679285407066345, 0.7528190016746521

vb0[325]+000 POSITION: -0.08511628955602646, 1.436692476272583, 0.04694846644997597
vb0[325]+012 NORMAL: -0.9907112717628479, 0.054695457220077515, 0.12449728697538376
vb0[325]+024 TANGENT: -0.9909332990646362, 0.05082786828279495, 0.12436987459659576, -1.0
vb0[325]+040 BLENDWEIGHT: 1.0, 0.0, 0.0, 0.0
vb0[325]+056 BLENDINDICES: 2, 0, 0, 0
vb0[325]+072 COLOR: 1.0, 0.5019607843137255, 0.5019607843137255, 0.5019607843137255
vb0[325]+076 TEXCOORD: 0.8402194976806641, 0.7007060050964355

vb0[326]+000 POSITION: -0.08491799235343933, 1.4231268167495728, 0.04888657480478287
vb0[326]+012 NORMAL: -0.9917237162590027, -0.03827948123216629, 0.12255104631185532
vb0[326]+024 TANGENT: -0.9913442134857178, -0.024235248565673828, 0.12903261184692383, -1.0
vb0[326]+040 BLENDWEIGHT: 1.0, 0.0, 0.0, 0.0
vb0[326]+056 BLENDINDICES: 2, 0, 0, 0
vb0[326]+072 COLOR: 1.0, 0.5019607843137255, 0.5019607843137255, 0.5019607843137255
vb0[326]+076 TEXCOORD: 0.8375385403633118, 0.6583729982376099

vb0[327]+000 POSITION: -0.08371218293905258, 1.4095219373703003, 0.049204111099243164
vb0[327]+012 NORMAL: -0.9805563688278198, -0.12706567347049713, 0.14954407513141632
vb0[327]+024 TANGENT: -0.9820725321769714, -0.1258174180984497, 0.14036916196346283, -1.0
vb0[327]+040 BLENDWEIGHT: 1.0, 0.0, 0.0, 0.0
vb0[327]+056 BLENDINDICES: 2, 0, 0, 0
vb0[327]+072 COLOR: 1.0, 0.5019607843137255, 0.5019607843137255, 0.5019607843137255
vb0[327]+076 TEXCOORD: 0.838760495185852, 0.6143620014190674

vb0[328]+000 POSITION: -0.08586961776018143, 1.4155666828155518, 0.0360771045088768
vb0[328]+012 NORMAL: -0.9943371415138245, -0.051750265061855316, 0.09281976521015167
vb0[328]+024 TANGENT: -0.99442458152771, -0.05756866931915283, 0.08834946900606155, -1.0
vb0[328]+040 BLENDWEIGHT: 1.0, 0.0, 0.0, 0.0
vb0[328]+056 BLENDINDICES: 2, 0, 0, 0
vb0[328]+072 COLOR: 1.0, 0.5019607843137255, 0.5019607843137255, 0.5019607843137255
vb0[328]+076 TEXCOORD: 0.871189534664154, 0.629056990146637

vb0[329]+000 POSITION: -0.08494137227535248, 1.4042598009109497, 0.037196699529886246
vb0[329]+012 NORMAL: -0.9806188941001892, -0.15552671253681183, 0.11915586143732071
vb0[329]+024 TANGENT: -0.9816492199897766, -0.1598038524389267, 0.10405492037534714, -1.0
vb0[329]+040 BLENDWEIGHT: 1.0, 0.0, 0.0, 0.0
vb0[329]+056 BLENDINDICES: 2, 0, 0, 0
vb0[329]+072 COLOR: 1.0, 0.5019607843137255, 0.5019607843137255, 0.5019607843137255
vb0[329]+076 TEXCOORD: 0.8704495429992676, 0.5920990109443665

vb0[330]+000 POSITION: -0.08061458170413971, 1.3904281854629517, 0.04764741286635399
vb0[330]+012 NORMAL: -0.967535138130188, -0.22398793697357178, 0.11706876754760742
vb0[330]+024 TANGENT: -0.9664691090583801, -0.22733838856220245, 0.11939334869384766, -1.0
vb0[330]+040 BLENDWEIGHT: 1.0, 0.0, 0.0, 0.0
vb0[330]+056 BLENDINDICES: 2, 0, 0, 0
vb0[330]+072 COLOR: 1.0, 0.5019607843137255, 0.5019607843137255, 0.5019607843137255
vb0[330]+076 TEXCOORD: 0.8403404951095581, 0.5466229915618896

vb0[331]+000 POSITION: -0.08083012700080872, 1.3876817226409912, 0.03787938132882118
vb0[331]+012 NORMAL: -0.9592819809913635, -0.27125146985054016, 0.07874487340450287
vb0[331]+024 TANGENT: -0.9595834016799927, -0.26839327812194824, 0.08464431762695312, -1.0
vb0[331]+040 BLENDWEIGHT: 1.0, 0.0, 0.0, 0.0
vb0[331]+056 BLENDINDICES: 2, 0, 0, 0
vb0[331]+072 COLOR: 1.0, 0.5019607843137255, 0.5019607843137255, 0.5019607843137255
vb0[331]+076 TEXCOORD: 0.8662945032119751, 0.5340030193328857

vb0[332]+000 POSITION: -0.07595978677272797, 1.3744616508483887, 0.049178991466760635
vb0[332]+012 NORMAL: -0.9509238600730896, -0.2981690466403961, 0.08269862085580826
vb0[332]+024 TANGENT: -0.9504098296165466, -0.29840216040611267, 0.08762062340974808, -1.0
vb0[332]+040 BLENDWEIGHT: 1.0, 0.0, 0.0, 0.0
vb0[332]+056 BLENDINDICES: 2, 0, 0, 0
vb0[332]+072 COLOR: 1.0, 0.5019607843137255, 0.5019607843137255, 0.5019607843137255
vb0[332]+076 TEXCOORD: 0.8276085257530212, 0.49400898814201355

vb0[333]+000 POSITION: -0.07595726102590561, 1.3728371858596802, 0.039787404239177704
vb0[333]+012 NORMAL: -0.943071722984314, -0.33060330152511597, 0.03629341721534729
vb0[333]+024 TANGENT: -0.9435258507728577, -0.32898882031440735, 0.03905677795410156, -1.0
vb0[333]+040 BLENDWEIGHT: 1.0, 0.0, 0.0, 0.0
vb0[333]+056 BLENDINDICES: 2, 0, 0, 0
vb0[333]+072 COLOR: 1.0, 0.5019607843137255, 0.5019607843137255, 0.5019607843137255
vb0[333]+076 TEXCOORD: 0.8516935110092163, 0.4793800115585327

vb0[334]+000 POSITION: -0.08455181121826172, 1.4497463703155518, 0.04239075630903244
vb0[334]+012 NORMAL: -0.985559344291687, 0.10068421810865402, 0.13614515960216522
vb0[334]+024 TANGENT: -0.9865955114364624, 0.09771788120269775, 0.1306924819946289, -1.0
vb0[334]+040 BLENDWEIGHT: 1.0, 0.0, 0.0, 0.0
vb0[334]+056 BLENDINDICES: 2, 0, 0, 0
vb0[334]+072 COLOR: 1.0, 0.5019607843137255, 0.5019607843137255, 0.5019607843137255
vb0[334]+076 TEXCOORD: 0.8493815064430237, 0.7401999831199646

vb0[335]+000 POSITION: -0.08134961128234863, 1.4582070112228394, 0.05475480854511261
vb0[335]+012 NORMAL: -0.9493188858032227, 0.17867863178253174, 0.25858768820762634
vb0[335]+024 TANGENT: -0.9516440629959106, 0.17816269397735596, 0.25026312470436096, -1.0
vb0[335]+040 BLENDWEIGHT: 1.0, 0.0, 0.0, 0.0
vb0[335]+056 BLENDINDICES: 2, 0, 0, 0
vb0[335]+072 COLOR: 1.0, 0.5019607843137255, 0.5019607843137255, 0.5019607843137255
vb0[335]+076 TEXCOORD: 0.8151125311851501, 0.7715929746627808

vb0[336]+000 POSITION: -0.08630955219268799, 1.427778720855713, 0.033703770488500595
vb0[336]+012 NORMAL: -0.9971345663070679, 0.002395069692283869, 0.07561086118221283
vb0[336]+024 TANGENT: -0.9970812201499939, 0.0014132261276245117, 0.07633482664823532, -1.0
vb0[336]+040 BLENDWEIGHT: 1.0, 0.0, 0.0, 0.0
vb0[336]+056 BLENDINDICES: 2, 0, 0, 0
vb0[336]+072 COLOR: 1.0, 0.5019607843137255, 0.5019607843137255, 0.5019607843137255
vb0[336]+076 TEXCOORD: 0.8748335242271423, 0.6670179963111877

vb0[337]+000 POSITION: -0.07974353432655334, 1.3911141157150269, 0.055728137493133545
vb0[337]+012 NORMAL: -0.9714464545249939, -0.19503599405288696, 0.13510334491729736
vb0[337]+024 TANGENT: -0.9683480262756348, -0.20943689346313477, 0.1357874721288681, -1.0
vb0[337]+040 BLENDWEIGHT: 1.0, 0.0, 0.0, 0.0
vb0[337]+056 BLENDINDICES: 2, 0, 0, 0
vb0[337]+072 COLOR: 1.0, 0.5019607843137255, 0.5019607843137255, 0.5019607843137255
vb0[337]+076 TEXCOORD: 0.8198175430297852, 0.5551859736442566

vb0[338]+000 POSITION: -0.07832610607147217, 1.389344573020935, 0.06254314631223679
vb0[338]+012 NORMAL: -0.9645529389381409, -0.21797555685043335, 0.1487427055835724
vb0[338]+024 TANGENT: -0.9547496438026428, -0.22224335372447968, 0.1976383775472641, -1.0
vb0[338]+040 BLENDWEIGHT: 1.0, 0.0, 0.0, 0.0
vb0[338]+056 BLENDINDICES: 2, 0, 0, 0
vb0[338]+072 COLOR: 1.0, 0.5019607843137255, 0.5019607843137255, 0.5019607843137255
vb0[338]+076 TEXCOORD: 0.8018465042114258, 0.560375988483429

vb0[339]+000 POSITION: -0.08036089688539505, 1.384106993675232, 0.027450768277049065
vb0[339]+012 NORMAL: -0.9441006183624268, -0.3275403380393982, 0.03730135038495064
vb0[339]+024 TANGENT: -0.9449133276939392, -0.32509949803352356, 0.038068655878305435, -1.0
vb0[339]+040 BLENDWEIGHT: 1.0, 0.0, 0.0, 0.0
vb0[339]+056 BLENDINDICES: 2, 0, 0, 0
vb0[339]+072 COLOR: 1.0, 0.5019607843137255, 0.5019607843137255, 0.5019607843137255
vb0[339]+076 TEXCOORD: 0.8959915041923523, 0.5172299742698669

vb0[340]+000 POSITION: -0.07528134435415268, 1.3705508708953857, 0.029254203662276268
vb0[340]+012 NORMAL: -0.9286286234855652, -0.37033891677856445, -0.02231379598379135
vb0[340]+024 TANGENT: -0.9261958003044128, -0.37586960196495056, -0.029724063351750374, -1.0
vb0[340]+040 BLENDWEIGHT: 1.0, 0.0, 0.0, 0.0
vb0[340]+056 BLENDINDICES: 2, 0, 0, 0
vb0[340]+072 COLOR: 1.0, 0.5019607843137255, 0.5019607843137255, 0.5019607843137255
vb0[340]+076 TEXCOORD: 0.8794305324554443, 0.4594630002975464

vb0[341]+000 POSITION: -0.08616281300783157, 1.4077732563018799, 0.02409164048731327
vb0[341]+012 NORMAL: -0.9934960603713989, -0.09820733964443207, 0.05762682110071182
vb0[341]+024 TANGENT: -0.9935780763626099, -0.09689759463071823, 0.05842363089323044, -1.0
vb0[341]+040 BLENDWEIGHT: 1.0, 0.0, 0.0, 0.0
vb0[341]+056 BLENDINDICES: 2, 0, 0, 0
vb0[341]+072 COLOR: 1.0, 0.5019607843137255, 0.5019607843137255, 0.5019607843137255
vb0[341]+076 TEXCOORD: 0.9040665030479431, 0.6026809811592102

vb0[342]+000 POSITION: -0.08482405543327332, 1.3985086679458618, 0.02570931427180767
vb0[342]+012 NORMAL: -0.9739157557487488, -0.21204842627048492, 0.08076851814985275
vb0[342]+024 TANGENT: -0.9753843545913696, -0.21059755980968475, 0.06537603586912155, -1.0
vb0[342]+040 BLENDWEIGHT: 1.0, 0.0, 0.0, 0.0
vb0[342]+056 BLENDINDICES: 2, 0, 0, 0
vb0[342]+072 COLOR: 1.0, 0.5019607843137255, 0.5019607843137255, 0.5019607843137255
vb0[342]+076 TEXCOORD: 0.9026405215263367, 0.5719990134239197

vb0[343]+000 POSITION: -0.0711144283413887, 1.361003041267395, 0.053273722529411316
vb0[343]+012 NORMAL: -0.9351213574409485, -0.3470236361026764, 0.07157331705093384
vb0[343]+024 TANGENT: -0.9359490275382996, -0.3411833941936493, 0.08713924139738083, -1.0
vb0[343]+040 BLENDWEIGHT: 1.0, 0.0, 0.0, 0.0
vb0[343]+056 BLENDINDICES: 2, 0, 0, 0
vb0[343]+072 COLOR: 1.0, 0.5019607843137255, 0.5019607843137255, 0.5019607843137255
vb0[343]+076 TEXCOORD: 0.8007075190544128, 0.44832101464271545

vb0[344]+000 POSITION: -0.07549364119768143, 1.375862956047058, 0.056892331689596176
vb0[344]+012 NORMAL: -0.9501427412033081, -0.2816973626613617, 0.1336982548236847
vb0[344]+024 TANGENT: -0.9475151300430298, -0.2803043723106384, 0.15376770496368408, -1.0
vb0[344]+040 BLENDWEIGHT: 1.0, 0.0, 0.0, 0.0
vb0[344]+056 BLENDINDICES: 2, 0, 0, 0
vb0[344]+072 COLOR: 1.0, 0.5019607843137255, 0.5019607843137255, 0.5019607843137255
vb0[344]+076 TEXCOORD: 0.8075255155563354, 0.5057550072669983

vb0[345]+000 POSITION: -0.07092276215553284, 1.3634154796600342, 0.061088189482688904
vb0[345]+012 NORMAL: -0.9352385401725769, -0.3129080533981323, 0.16558213531970978
vb0[345]+024 TANGENT: -0.9333901405334473, -0.3060821294784546, 0.18734073638916016, -1.0
vb0[345]+040 BLENDWEIGHT: 1.0, 0.0, 0.0, 0.0
vb0[345]+056 BLENDINDICES: 2, 0, 0, 0
vb0[345]+072 COLOR: 1.0, 0.5019607843137255, 0.5019607843137255, 0.5019607843137255
vb0[345]+076 TEXCOORD: 0.78387051820755, 0.4655489921569824

vb0[346]+000 POSITION: -0.06601494550704956, 1.3493609428405762, 0.05978957936167717
vb0[346]+012 NORMAL: -0.9081248641014099, -0.4051383137702942, 0.10569899529218674
vb0[346]+024 TANGENT: -0.913097620010376, -0.38990485668182373, 0.1192765161395073, -1.0
vb0[346]+040 BLENDWEIGHT: 1.0, 0.0, 0.0, 0.0
vb0[346]+056 BLENDINDICES: 2, 0, 0, 0
vb0[346]+072 COLOR: 1.0, 0.5019607843137255, 0.5019607843137255, 0.5019607843137255
vb0[346]+076 TEXCOORD: 0.7664005160331726, 0.41082099080085754

vb0[347]+000 POSITION: -0.06609444320201874, 1.3535025119781494, 0.06776504963636398
vb0[347]+012 NORMAL: -0.9167824387550354, -0.33991125226020813, 0.20969103276729584
vb0[347]+024 TANGENT: -0.9174730181694031, -0.3194938004016876, 0.23699556291103363, -1.0
vb0[347]+040 BLENDWEIGHT: 1.0, 0.0, 0.0, 0.0
vb0[347]+056 BLENDINDICES: 2, 0, 0, 0
vb0[347]+072 COLOR: 1.0, 0.5019607843137255, 0.5019607843137255, 0.5019607843137255
vb0[347]+076 TEXCOORD: 0.7539365291595459, 0.43583300709724426

vb0[348]+000 POSITION: -0.07451626658439636, 1.3769201040267944, 0.06408290565013885
vb0[348]+012 NORMAL: -0.9427059888839722, -0.28169751167297363, 0.17875124514102936
vb0[348]+024 TANGENT: -0.9347025752067566, -0.2674442231655121, 0.23410387337207794, -1.0
vb0[348]+040 BLENDWEIGHT: 1.0, 0.0, 0.0, 0.0
vb0[348]+056 BLENDINDICES: 2, 0, 0, 0
vb0[348]+072 COLOR: 1.0, 0.5019607843137255, 0.5019607843137255, 0.5019607843137255
vb0[348]+076 TEXCOORD: 0.78878253698349, 0.5161020159721375

vb0[349]+000 POSITION: -0.06985971331596375, 1.365771770477295, 0.06875282526016235
vb0[349]+012 NORMAL: -0.9269826412200928, -0.29958584904670715, 0.22572436928749084
vb0[349]+024 TANGENT: -0.923477053642273, -0.26953303813934326, 0.2730238437652588, -1.0
vb0[349]+040 BLENDWEIGHT: 1.0, 0.0, 0.0, 0.0
vb0[349]+056 BLENDINDICES: 2, 0, 0, 0
vb0[349]+072 COLOR: 1.0, 0.5019607843137255, 0.5019607843137255, 0.5019607843137255
vb0[349]+076 TEXCOORD: 0.7666425108909607, 0.48279500007629395

vb0[350]+000 POSITION: -0.07916147261857986, 1.3812419176101685, 0.017878025770187378
vb0[350]+012 NORMAL: -0.9246382117271423, -0.3804543912410736, -0.017283186316490173
vb0[350]+024 TANGENT: -0.9341222047805786, -0.3566828668117523, 0.013891457580029964, -1.0
vb0[350]+040 BLENDWEIGHT: 1.0, 0.0, 0.0, 0.0
vb0[350]+056 BLENDINDICES: 2, 0, 0, 0
vb0[350]+072 COLOR: 1.0, 0.5019607843137255, 0.5019607843137255, 0.5019607843137255
vb0[350]+076 TEXCOORD: 0.9220784902572632, 0.5015990138053894

vb0[351]+000 POSITION: -0.0733143761754036, 1.3674938678741455, 0.01939162239432335
vb0[351]+012 NORMAL: -0.9073563814163208, -0.41120895743370056, -0.08724439144134521
vb0[351]+024 TANGENT: -0.9112725257873535, -0.40435922145843506, -0.07794862240552902, -1.0
vb0[351]+040 BLENDWEIGHT: 1.0, 0.0, 0.0, 0.0
vb0[351]+056 BLENDINDICES: 2, 0, 0, 0
vb0[351]+072 COLOR: 1.0, 0.5019607843137255, 0.5019607843137255, 0.5019607843137255
vb0[351]+076 TEXCOORD: 0.9045194983482361, 0.43538498878479004

vb0[352]+000 POSITION: -0.06870017945766449, 1.3544427156448364, 0.032159145921468735
vb0[352]+012 NORMAL: -0.8862293362617493, -0.45487484335899353, -0.08767295628786087
vb0[352]+024 TANGENT: -0.8919106721878052, -0.44477832317352295, -0.08165477961301804, -1.0
vb0[352]+040 BLENDWEIGHT: 1.0, 0.0, 0.0, 0.0
vb0[352]+056 BLENDINDICES: 2, 0, 0, 0
vb0[352]+072 COLOR: 1.0, 0.5019607843137255, 0.5019607843137255, 0.5019607843137255
vb0[352]+076 TEXCOORD: 0.8433605432510376, 0.39724600315093994

vb0[353]+000 POSITION: -0.07033073157072067, 1.357879638671875, 0.04274085536599159
vb0[353]+012 NORMAL: -0.9234257340431213, -0.3836275339126587, 0.010715151205658913
vb0[353]+024 TANGENT: -0.9255281090736389, -0.37837618589401245, 0.0151443500071764, -1.0
vb0[353]+040 BLENDWEIGHT: 1.0, 0.0, 0.0, 0.0
vb0[353]+056 BLENDINDICES: 2, 0, 0, 0
vb0[353]+072 COLOR: 1.0, 0.5019607843137255, 0.5019607843137255, 0.5019607843137255
vb0[353]+076 TEXCOORD: 0.8218654990196228, 0.42399701476097107

vb0[354]+000 POSITION: -0.06457018852233887, 1.3504422903060913, 0.021891674026846886
vb0[354]+012 NORMAL: -0.845883309841156, -0.5147494673728943, -0.13969425857067108
vb0[354]+024 TANGENT: -0.8592246770858765, -0.48905786871910095, -0.15018419921398163, -1.0
vb0[354]+040 BLENDWEIGHT: 1.0, 0.0, 0.0, 0.0
vb0[354]+056 BLENDINDICES: 2, 0, 0, 0
vb0[354]+072 COLOR: 1.0, 0.5019607843137255, 0.5019607843137255, 0.5019607843137255
vb0[354]+076 TEXCOORD: 0.8656725287437439, 0.3707680106163025

vb0[355]+000 POSITION: -0.06548099964857101, 1.357398509979248, 0.07476864755153656
vb0[355]+012 NORMAL: -0.9124190211296082, -0.30715346336364746, 0.2704594135284424
vb0[355]+024 TANGENT: -0.9101241827011108, -0.26367440819740295, 0.3196090757846832, -1.0
vb0[355]+040 BLENDWEIGHT: 1.0, 0.0, 0.0, 0.0
vb0[355]+056 BLENDINDICES: 2, 0, 0, 0
vb0[355]+072 COLOR: 1.0, 0.5019607843137255, 0.5019607843137255, 0.5019607843137255
vb0[355]+076 TEXCOORD: 0.742994487285614, 0.45889198780059814

vb0[356]+000 POSITION: -0.05942310020327568, 1.3439052104949951, 0.07947320491075516
vb0[356]+012 NORMAL: -0.882972776889801, -0.361449271440506, 0.29952195286750793
vb0[356]+024 TANGENT: -0.8805208206176758, -0.34683823585510254, 0.32308876514434814, -1.0
vb0[356]+040 BLENDWEIGHT: 1.0, 0.0, 0.0, 0.0
vb0[356]+056 BLENDINDICES: 2, 0, 0, 0
vb0[356]+072 COLOR: 1.0, 0.5019607843137255, 0.5019607843137255, 0.5019607843137255
vb0[356]+076 TEXCOORD: 0.7267645001411438, 0.4155980050563812

vb0[357]+000 POSITION: -0.058876123279333115, 1.3496242761611938, 0.08560146391391754
vb0[357]+012 NORMAL: -0.8715357184410095, -0.3108435869216919, 0.3792121410369873
vb0[357]+024 TANGENT: -0.8754197359085083, -0.2688571810722351, 0.4016916751861572, -1.0
vb0[357]+040 BLENDWEIGHT: 1.0, 0.0, 0.0, 0.0
vb0[357]+056 BLENDINDICES: 2, 0, 0, 0
vb0[357]+072 COLOR: 1.0, 0.5019607843137255, 0.5019607843137255, 0.5019607843137255
vb0[357]+076 TEXCOORD: 0.7180545330047607, 0.4431949853897095

vb0[358]+000 POSITION: -0.053231801837682724, 1.3380035161972046, 0.08776900172233582
vb0[358]+012 NORMAL: -0.82254958152771, -0.4073336720466614, 0.3968518376350403
vb0[358]+024 TANGENT: -0.8213851451873779, -0.38045766949653625, 0.4249451458454132, -1.0
vb0[358]+040 BLENDWEIGHT: 1.0, 0.0, 0.0, 0.0
vb0[358]+056 BLENDINDICES: 2, 0, 0, 0
vb0[358]+072 COLOR: 1.0, 0.5019607843137255, 0.5019607843137255, 0.5019607843137255
vb0[358]+076 TEXCOORD: 0.6929715275764465, 0.39763200283050537

vb0[359]+000 POSITION: -0.05295492708683014, 1.345245599746704, 0.09381876140832901
vb0[359]+012 NORMAL: -0.8122965693473816, -0.3382684290409088, 0.4751301109790802
vb0[359]+024 TANGENT: -0.81025230884552, -0.23431949317455292, 0.5372016429901123, -1.0
vb0[359]+040 BLENDWEIGHT: 1.0, 0.0, 0.0, 0.0
vb0[359]+056 BLENDINDICES: 2, 0, 0, 0
vb0[359]+072 COLOR: 1.0, 0.5019607843137255, 0.5019607843137255, 0.5019607843137255
vb0[359]+076 TEXCOORD: 0.6858115196228027, 0.4281350076198578

vb0[360]+000 POSITION: -0.04688792675733566, 1.3336454629898071, 0.09532175213098526
vb0[360]+012 NORMAL: -0.743740439414978, -0.4395729601383209, 0.503612756729126
vb0[360]+024 TANGENT: -0.7398809194564819, -0.41238412261009216, 0.5315217971801758, -1.0
vb0[360]+040 BLENDWEIGHT: 1.0, 0.0, 0.0, 0.0
vb0[360]+056 BLENDINDICES: 2, 0, 0, 0
vb0[360]+072 COLOR: 1.0, 0.5019607843137255, 0.5019607843137255, 0.5019607843137255
vb0[360]+076 TEXCOORD: 0.6601605415344238, 0.38384199142456055

vb0[361]+000 POSITION: -0.046371810138225555, 1.3416697978973389, 0.10075129568576813
vb0[361]+012 NORMAL: -0.7142623662948608, -0.3401322364807129, 0.6116693019866943
vb0[361]+024 TANGENT: -0.6741171479225159, -0.20933717489242554, 0.7083388566970825, -1.0
vb0[361]+040 BLENDWEIGHT: 1.0, 0.0, 0.0, 0.0
vb0[361]+056 BLENDINDICES: 2, 0, 0, 0
vb0[361]+072 COLOR: 1.0, 0.5019607843137255, 0.5019607843137255, 0.5019607843137255
vb0[361]+076 TEXCOORD: 0.6544495224952698, 0.4138999879360199

vb0[362]+000 POSITION: -0.040072325617074966, 1.3312314748764038, 0.10143962502479553
vb0[362]+012 NORMAL: -0.6108716130256653, -0.44434794783592224, 0.6552790999412537
vb0[362]+024 TANGENT: -0.6077276468276978, -0.3955320119857788, 0.6886374950408936, -1.0
vb0[362]+040 BLENDWEIGHT: 1.0, 0.0, 0.0, 0.0
vb0[362]+056 BLENDINDICES: 2, 0, 0, 0
vb0[362]+072 COLOR: 1.0, 0.5019607843137255, 0.5019607843137255, 0.5019607843137255
vb0[362]+076 TEXCOORD: 0.631755530834198, 0.3729870021343231

vb0[363]+000 POSITION: -0.03952433541417122, 1.3386391401290894, 0.1050708144903183
vb0[363]+012 NORMAL: -0.5306529998779297, -0.24956822395324707, 0.8100143074989319
vb0[363]+024 TANGENT: -0.5313782691955566, -0.2104841023683548, 0.8205690979957581, -1.0
vb0[363]+040 BLENDWEIGHT: 1.0, 0.0, 0.0, 0.0
vb0[363]+056 BLENDINDICES: 2, 0, 0, 0
vb0[363]+072 COLOR: 1.0, 0.5019607843137255, 0.5019607843137255, 0.5019607843137255
vb0[363]+076 TEXCOORD: 0.6257784962654114, 0.39970698952674866

vb0[364]+000 POSITION: -0.033200882375240326, 1.3297497034072876, 0.10531958192586899
vb0[364]+012 NORMAL: -0.47307515144348145, -0.41791674494743347, 0.7755936980247498
vb0[364]+024 TANGENT: -0.4709191918373108, -0.41591814160346985, 0.7779762744903564, -1.0
vb0[364]+040 BLENDWEIGHT: 1.0, 0.0, 0.0, 0.0
vb0[364]+056 BLENDINDICES: 2, 0, 0, 0
vb0[364]+072 COLOR: 1.0, 0.5019607843137255, 0.5019607843137255, 0.5019607843137255
vb0[364]+076 TEXCOORD: 0.6063024997711182, 0.3637009859085083

vb0[365]+000 POSITION: -0.027934474870562553, 1.329056978225708, 0.10750141739845276
vb0[365]+012 NORMAL: -0.35444846749305725, -0.4126130938529968, 0.839116632938385
vb0[365]+024 TANGENT: -0.35058820247650146, -0.4234136641025543, 0.8353495001792908, -1.0
vb0[365]+040 BLENDWEIGHT: 1.0, 0.0, 0.0, 0.0
vb0[365]+056 BLENDINDICES: 2, 0, 0, 0
vb0[365]+072 COLOR: 1.0, 0.5019607843137255, 0.5019607843137255, 0.25098039215686274
vb0[365]+076 TEXCOORD: 0.5889365077018738, 0.35685300827026367

vb0[366]+000 POSITION: -0.022736182436347008, 1.3286012411117554, 0.10913123190402985
vb0[366]+012 NORMAL: -0.2504207491874695, -0.42397427558898926, 0.8703650832176208
vb0[366]+024 TANGENT: -0.2409137338399887, -0.45885366201400757, 0.8552273511886597, -1.0
vb0[366]+040 BLENDWEIGHT: 1.0, 0.0, 0.0, 0.0
vb0[366]+056 BLENDINDICES: 2, 0, 0, 0
vb0[366]+072 COLOR: 1.0, 0.5019607843137255, 0.5019607843137255, 0.0
vb0[366]+076 TEXCOORD: 0.5722965002059937, 0.34909000992774963

vb0[367]+000 POSITION: -0.02700805850327015, 1.3249462842941284, 0.10547029972076416
vb0[367]+012 NORMAL: -0.3471701145172119, -0.5225448608398438, 0.7787296175956726
vb0[367]+024 TANGENT: -0.340067982673645, -0.5262191295623779, 0.779388964176178, -1.0
vb0[367]+040 BLENDWEIGHT: 1.0, 0.0, 0.0, 0.0
vb0[367]+056 BLENDINDICES: 2, 0, 0, 0
vb0[367]+072 COLOR: 1.0, 0.5019607843137255, 0.5019607843137255, 0.25098039215686274
vb0[367]+076 TEXCOORD: 0.58668452501297, 0.33823901414871216

vb0[368]+000 POSITION: -0.031808968633413315, 1.324086308479309, 0.10242109000682831
vb0[368]+012 NORMAL: -0.4808814227581024, -0.5778995156288147, 0.6593824625015259
vb0[368]+024 TANGENT: -0.4589366614818573, -0.5739844441413879, 0.6781732439994812, -1.0
vb0[368]+040 BLENDWEIGHT: 1.0, 0.0, 0.0, 0.0
vb0[368]+056 BLENDINDICES: 2, 0, 0, 0
vb0[368]+072 COLOR: 1.0, 0.5019607843137255, 0.5019607843137255, 0.5019607843137255
vb0[368]+076 TEXCOORD: 0.6050105094909668, 0.3394019901752472

vb0[369]+000 POSITION: -0.028243472799658775, 1.318570852279663, 0.099393330514431
vb0[369]+012 NORMAL: -0.47090986371040344, -0.662551760673523, 0.5824681520462036
vb0[369]+024 TANGENT: -0.44287100434303284, -0.6464316844940186, 0.6212821006774902, -1.0
vb0[369]+040 BLENDWEIGHT: 1.0, 0.0, 0.0, 0.0
vb0[369]+056 BLENDINDICES: 2, 0, 0, 0
vb0[369]+072 COLOR: 1.0, 0.5019607843137255, 0.5019607843137255, 0.5019607843137255
vb0[369]+076 TEXCOORD: 0.5947005152702332, 0.3158780038356781

vb0[370]+000 POSITION: -0.026401737704873085, 1.311813473701477, 0.09168275445699692
vb0[370]+012 NORMAL: -0.5323090553283691, -0.7629711031913757, 0.3667726218700409
vb0[370]+024 TANGENT: -0.5269389152526855, -0.7560268640518188, 0.388276606798172, -1.0
vb0[370]+040 BLENDWEIGHT: 1.0, 0.0, 0.0, 0.0
vb0[370]+056 BLENDINDICES: 2, 0, 0, 0
vb0[370]+072 COLOR: 1.0, 0.5019607843137255, 0.5019607843137255, 0.5019607843137255
vb0[370]+076 TEXCOORD: 0.5893034934997559, 0.28037500381469727

vb0[371]+000 POSITION: -0.018892671912908554, 1.3077998161315918, 0.09402668476104736
vb0[371]+012 NORMAL: -0.5464298129081726, -0.7350512742996216, 0.4013901352882385
vb0[371]+024 TANGENT: -0.5404902696609497, -0.7291509509086609, 0.41977280378341675, -1.0
vb0[371]+040 BLENDWEIGHT: 1.0, 0.0, 0.0, 0.0
vb0[371]+056 BLENDINDICES: 2, 0, 0, 0
vb0[371]+072 COLOR: 1.0, 0.5019607843137255, 0.5019607843137255, 0.5019607843137255
vb0[371]+076 TEXCOORD: 0.5627844929695129, 0.2609489858150482

vb0[372]+000 POSITION: -0.012060037814080715, 1.30427885055542, 0.09772174805402756
vb0[372]+012 NORMAL: -0.5605591535568237, -0.6731846928596497, 0.48228177428245544
vb0[372]+024 TANGENT: -0.5572189688682556, -0.6688312292098999, 0.4921096861362457, -1.0
vb0[372]+040 BLENDWEIGHT: 1.0, 0.0, 0.0, 0.0
vb0[372]+056 BLENDINDICES: 2, 0, 0, 0
vb0[372]+072 COLOR: 1.0, 0.5019607843137255, 0.5019607843137255, 0.5019607843137255
vb0[372]+076 TEXCOORD: 0.53837651014328, 0.2504889965057373

vb0[373]+000 POSITION: -0.012530338019132614, 1.3025482892990112, 0.09218195825815201
vb0[373]+012 NORMAL: -0.5272927284240723, -0.830792248249054, 0.1781761795282364
vb0[373]+024 TANGENT: -0.5310303568840027, -0.8218153119087219, 0.20646166801452637, -1.0
vb0[373]+040 BLENDWEIGHT: 1.0, 0.0, 0.0, 0.0
vb0[373]+056 BLENDINDICES: 2, 0, 0, 0
vb0[373]+072 COLOR: 1.0, 0.5019607843137255, 0.5019607843137255, 0.5019607843137255
vb0[373]+076 TEXCOORD: 0.5422855019569397, 0.23836900293827057

vb0[374]+000 POSITION: -0.00553140789270401, 1.2990713119506836, 0.09724400192499161
vb0[374]+012 NORMAL: -0.40099722146987915, -0.8766930103302002, 0.265726774930954
vb0[374]+024 TANGENT: -0.3908293545246124, -0.8759281635284424, 0.28284695744514465, -1.0
vb0[374]+040 BLENDWEIGHT: 1.0, 0.0, 0.0, 0.0
vb0[374]+056 BLENDINDICES: 2, 0, 0, 0
vb0[374]+072 COLOR: 1.0, 0.5019607843137255, 0.5019607843137255, 0.5019607843137255
vb0[374]+076 TEXCOORD: 0.5166735053062439, 0.23386000096797943

vb0[375]+000 POSITION: -0.00980230700224638, 1.313336730003357, 0.1039978414773941
vb0[375]+012 NORMAL: -0.25041744112968445, -0.3790448009967804, 0.8908513188362122
vb0[375]+024 TANGENT: -0.28532469272613525, -0.37618911266326904, 0.8815165758132935, -1.0
vb0[375]+040 BLENDWEIGHT: 1.0, 0.0, 0.0, 0.0
vb0[375]+056 BLENDINDICES: 2, 0, 0, 0
vb0[375]+072 COLOR: 1.0, 0.5019607843137255, 0.5019607843137255, 0.25098039215686274
vb0[375]+076 TEXCOORD: 0.5321044921875, 0.28667500615119934

vb0[376]+000 POSITION: -0.019855862483382225, 1.3062560558319092, 0.08789300918579102
vb0[376]+012 NORMAL: -0.514864444732666, -0.8423900604248047, 0.15903978049755096
vb0[376]+024 TANGENT: -0.519287645816803, -0.8376191258430481, 0.16951262950897217, -1.0
vb0[376]+040 BLENDWEIGHT: 1.0, 0.0, 0.0, 0.0
vb0[376]+056 BLENDINDICES: 2, 0, 0, 0
vb0[376]+072 COLOR: 1.0, 0.5019607843137255, 0.5019607843137255, 0.5019607843137255
vb0[376]+076 TEXCOORD: 0.5705375075340271, 0.24827200174331665

vb0[377]+000 POSITION: -3.471836862445343e-08, 1.297579050064087, 0.09193236380815506
vb0[377]+012 NORMAL: -4.062474090460455e-07, -0.9948648810386658, -0.1012117862701416
vb0[377]+024 TANGENT: 0.0, -0.9974492192268372, -0.07137978821992874, -1.0
vb0[377]+040 BLENDWEIGHT: 1.0, 0.0, 0.0, 0.0
vb0[377]+056 BLENDINDICES: 2, 0, 0, 0
vb0[377]+072 COLOR: 1.0, 0.5019607843137255, 0.5019607843137255, 0.5019607843137255
vb0[377]+076 TEXCOORD: 0.4999999701976776, 0.21786800026893616

vb0[378]+000 POSITION: 0.005710991565138102, 1.2985731363296509, 0.0903070941567421
vb0[378]+012 NORMAL: 0.27559956908226013, -0.9552510976791382, -0.10742540657520294
vb0[378]+024 TANGENT: 0.28094375133514404, -0.9573037028312683, -0.06811892986297607, -1.0
vb0[378]+040 BLENDWEIGHT: 1.0, 0.0, 0.0, 0.0
vb0[378]+056 BLENDINDICES: 2, 0, 0, 0
vb0[378]+072 COLOR: 1.0, 0.5019607843137255, 0.5019607843137255, 0.5019607843137255
vb0[378]+076 TEXCOORD: 0.48145151138305664, 0.221219003200531

vb0[379]+000 POSITION: -3.471836862445343e-08, 1.3008790016174316, 0.07608549296855927
vb0[379]+012 NORMAL: 0.0, -0.975569486618042, -0.2196911871433258
vb0[379]+024 TANGENT: 0.0, -0.9769653081893921, -0.2133985310792923, -1.0
vb0[379]+040 BLENDWEIGHT: 1.0, 0.0, 0.0, 0.0
vb0[379]+056 BLENDINDICES: 2, 0, 0, 0
vb0[379]+072 COLOR: 1.0, 0.5019607843137255, 0.5019607843137255, 0.5019607843137255
vb0[379]+076 TEXCOORD: 0.4999999701976776, 0.17558200657367706

vb0[380]+000 POSITION: 0.004908109549432993, 1.3018946647644043, 0.07532617449760437
vb0[380]+012 NORMAL: 0.23928174376487732, -0.947748601436615, -0.21099026501178741
vb0[380]+024 TANGENT: 0.2113133668899536, -0.9543854594230652, -0.2109384387731552, -1.0
vb0[380]+040 BLENDWEIGHT: 1.0, 0.0, 0.0, 0.0
vb0[380]+056 BLENDINDICES: 2, 0, 0, 0
vb0[380]+072 COLOR: 1.0, 0.5019607843137255, 0.5019607843137255, 0.5019607843137255
vb0[380]+076 TEXCOORD: 0.47836852073669434, 0.1807509958744049

vb0[381]+000 POSITION: 0.012997024692595005, 1.3021193742752075, 0.08536677807569504
vb0[381]+012 NORMAL: 0.3772892951965332, -0.9192569851875305, -0.11233596503734589
vb0[381]+024 TANGENT: 0.40751996636390686, -0.9110117554664612, -0.06312721967697144, -1.0
vb0[381]+040 BLENDWEIGHT: 1.0, 0.0, 0.0, 0.0
vb0[381]+056 BLENDINDICES: 2, 0, 0, 0
vb0[381]+072 COLOR: 1.0, 0.5019607843137255, 0.5019607843137255, 0.5019607843137255
vb0[381]+076 TEXCOORD: 0.4537865221500397, 0.22624999284744263

vb0[382]+000 POSITION: 0.011570791713893414, 1.304304838180542, 0.07268678396940231
vb0[382]+012 NORMAL: 0.3110683560371399, -0.9311230778694153, -0.19038492441177368
vb0[382]+024 TANGENT: 0.3127957284450531, -0.9285677075386047, -0.19980210065841675, -1.0
vb0[382]+040 BLENDWEIGHT: 1.0, 0.0, 0.0, 0.0
vb0[382]+056 BLENDINDICES: 2, 0, 0, 0
vb0[382]+072 COLOR: 1.0, 0.5019607843137255, 0.5019607843137255, 0.5019607843137255
vb0[382]+076 TEXCOORD: 0.4480295181274414, 0.18910099565982819

vb0[383]+000 POSITION: -0.005711060483008623, 1.2985731363296509, 0.0903070941567421
vb0[383]+012 NORMAL: -0.27559953927993774, -0.9552509784698486, -0.10742652416229248
vb0[383]+024 TANGENT: -0.2809436321258545, -0.9573037624359131, -0.068118155002594, -1.0
vb0[383]+040 BLENDWEIGHT: 1.0, 0.0, 0.0, 0.0
vb0[383]+056 BLENDINDICES: 2, 0, 0, 0
vb0[383]+072 COLOR: 1.0, 0.5019607843137255, 0.5019607843137255, 0.5019607843137255
vb0[383]+076 TEXCOORD: 0.5185295343399048, 0.221219003200531

vb0[384]+000 POSITION: -0.004908178932964802, 1.3018946647644043, 0.07532617449760437
vb0[384]+012 NORMAL: -0.23928187787532806, -0.9477490186691284, -0.21098847687244415
vb0[384]+024 TANGENT: -0.21131347119808197, -0.9543856382369995, -0.21093767881393433, -1.0
vb0[384]+040 BLENDWEIGHT: 1.0, 0.0, 0.0, 0.0
vb0[384]+056 BLENDINDICES: 2, 0, 0, 0
vb0[384]+072 COLOR: 1.0, 0.5019607843137255, 0.5019607843137255, 0.5019607843137255
vb0[384]+076 TEXCOORD: 0.5216125249862671, 0.1807509958744049

vb0[385]+000 POSITION: -0.012997095473110676, 1.3021193742752075, 0.08536677807569504
vb0[385]+012 NORMAL: -0.377289742231369, -0.9192562103271484, -0.11234088987112045
vb0[385]+024 TANGENT: -0.4075124263763428, -0.9110156297683716, -0.06311994791030884, -1.0
vb0[385]+040 BLENDWEIGHT: 1.0, 0.0, 0.0, 0.0
vb0[385]+056 BLENDINDICES: 2, 0, 0, 0
vb0[385]+072 COLOR: 1.0, 0.5019607843137255, 0.5019607843137255, 0.5019607843137255
vb0[385]+076 TEXCOORD: 0.5461944937705994, 0.22624999284744263

vb0[386]+000 POSITION: -0.011570860631763935, 1.304304838180542, 0.07268678396940231
vb0[386]+012 NORMAL: -0.3110693097114563, -0.9311225414276123, -0.19038549065589905
vb0[386]+024 TANGENT: -0.31278419494628906, -0.9285710453987122, -0.19980435073375702, -1.0
vb0[386]+040 BLENDWEIGHT: 1.0, 0.0, 0.0, 0.0
vb0[386]+056 BLENDINDICES: 2, 0, 0, 0
vb0[386]+072 COLOR: 1.0, 0.5019607843137255, 0.5019607843137255, 0.5019607843137255
vb0[386]+076 TEXCOORD: 0.55195152759552, 0.18910099565982819

vb0[387]+000 POSITION: -0.02024158276617527, 1.3059982061386108, 0.07996712625026703
vb0[387]+012 NORMAL: -0.40603259205818176, -0.9090083241462708, -0.09402863681316376
vb0[387]+024 TANGENT: -0.4200552999973297, -0.9054605960845947, -0.060784224420785904, -1.0
vb0[387]+040 BLENDWEIGHT: 1.0, 0.0, 0.0, 0.0
vb0[387]+056 BLENDINDICES: 2, 0, 0, 0
vb0[387]+072 COLOR: 1.0, 0.5019607843137255, 0.5019607843137255, 0.5019607843137255
vb0[387]+076 TEXCOORD: 0.5782915353775024, 0.23559600114822388

vb0[388]+000 POSITION: -0.01813131757080555, 1.3074254989624023, 0.06883944571018219
vb0[388]+012 NORMAL: -0.344420462846756, -0.9229780435562134, -0.17171481251716614
vb0[388]+024 TANGENT: -0.34434282779693604, -0.921625554561615, -0.17898130416870117, -1.0
vb0[388]+040 BLENDWEIGHT: 1.0, 0.0, 0.0, 0.0
vb0[388]+056 BLENDINDICES: 2, 0, 0, 0
vb0[388]+072 COLOR: 1.0, 0.5019607843137255, 0.5019607843137255, 0.5019607843137255
vb0[388]+076 TEXCOORD: 0.5846695303916931, 0.19809399545192719

vb0[389]+000 POSITION: 0.02024158276617527, 1.3059982061386108, 0.07996712625026703
vb0[389]+012 NORMAL: 0.4060312509536743, -0.9090089201927185, -0.09402892738580704
vb0[389]+024 TANGENT: 0.42011308670043945, -0.905436635017395, -0.060741182416677475, -1.0
vb0[389]+040 BLENDWEIGHT: 1.0, 0.0, 0.0, 0.0
vb0[389]+056 BLENDINDICES: 2, 0, 0, 0
vb0[389]+072 COLOR: 1.0, 0.5019607843137255, 0.5019607843137255, 0.5019607843137255
vb0[389]+076 TEXCOORD: 0.421689510345459, 0.23559600114822388

vb0[390]+000 POSITION: 0.018131248652935028, 1.3074254989624023, 0.06883944571018219
vb0[390]+012 NORMAL: 0.34441933035850525, -0.9229780435562134, -0.17171736061573029
vb0[390]+024 TANGENT: 0.3443519175052643, -0.921623945236206, -0.17897216975688934, -1.0
vb0[390]+040 BLENDWEIGHT: 1.0, 0.0, 0.0, 0.0
vb0[390]+056 BLENDINDICES: 2, 0, 0, 0
vb0[390]+072 COLOR: 1.0, 0.5019607843137255, 0.5019607843137255, 0.5019607843137255
vb0[390]+076 TEXCOORD: 0.4153115153312683, 0.19809399545192719

vb0[391]+000 POSITION: 0.019855791702866554, 1.3062560558319092, 0.087893046438694
vb0[391]+012 NORMAL: 0.5150005221366882, -0.8422808051109314, 0.15917794406414032
vb0[391]+024 TANGENT: 0.5194562077522278, -0.8374934196472168, 0.1696171760559082, -1.0
vb0[391]+040 BLENDWEIGHT: 1.0, 0.0, 0.0, 0.0
vb0[391]+056 BLENDINDICES: 2, 0, 0, 0
vb0[391]+072 COLOR: 1.0, 0.5019607843137255, 0.5019607843137255, 0.5019607843137255
vb0[391]+076 TEXCOORD: 0.42944252490997314, 0.24827200174331665

vb0[392]+000 POSITION: 0.02640172466635704, 1.3118212223052979, 0.09168276935815811
vb0[392]+012 NORMAL: 0.5322244167327881, -0.7629651427268982, 0.3669077157974243
vb0[392]+024 TANGENT: 0.5269948244094849, -0.7560428380966187, 0.3881697952747345, -1.0
vb0[392]+040 BLENDWEIGHT: 1.0, 0.0, 0.0, 0.0
vb0[392]+056 BLENDINDICES: 2, 0, 0, 0
vb0[392]+072 COLOR: 1.0, 0.5019607843137255, 0.5019607843137255, 0.5019607843137255
vb0[392]+076 TEXCOORD: 0.4106775224208832, 0.28037500381469727

vb0[393]+000 POSITION: 0.033416349440813065, 1.3170936107635498, 0.09251183271408081
vb0[393]+012 NORMAL: 0.5600546002388, -0.7333005666732788, 0.3854984939098358
vb0[393]+024 TANGENT: 0.5511624813079834, -0.7194904685020447, 0.4225558042526245, -1.0
vb0[393]+040 BLENDWEIGHT: 1.0, 0.0, 0.0, 0.0
vb0[393]+056 BLENDINDICES: 2, 0, 0, 0
vb0[393]+072 COLOR: 1.0, 0.5019607843137255, 0.5019607843137255, 0.5019607843137255
vb0[393]+076 TEXCOORD: 0.38460150361061096, 0.3091540038585663

vb0[394]+000 POSITION: 0.02829604595899582, 1.3106108903884888, 0.08397845923900604
vb0[394]+012 NORMAL: 0.5358818173408508, -0.8328467011451721, 0.13855335116386414
vb0[394]+024 TANGENT: 0.5316236019134521, -0.8306517004966736, 0.16551147401332855, -1.0
vb0[394]+040 BLENDWEIGHT: 1.0, 0.0, 0.0, 0.0
vb0[394]+056 BLENDINDICES: 2, 0, 0, 0
vb0[394]+072 COLOR: 1.0, 0.5019607843137255, 0.5019607843137255, 0.5019607843137255
vb0[394]+076 TEXCOORD: 0.39590150117874146, 0.2656309902667999

vb0[395]+000 POSITION: -0.029504895210266113, 1.3107627630233765, 0.07416169345378876
vb0[395]+012 NORMAL: -0.4562246799468994, -0.8885409832000732, -0.04851856082677841
vb0[395]+024 TANGENT: -0.4486180543899536, -0.8922613859176636, -0.051102399826049805, -1.0
vb0[395]+040 BLENDWEIGHT: 1.0, 0.0, 0.0, 0.0
vb0[395]+056 BLENDINDICES: 2, 0, 0, 0
vb0[395]+072 COLOR: 1.0, 0.5019607843137255, 0.5019607843137255, 0.5019607843137255
vb0[395]+076 TEXCOORD: 0.6188555359840393, 0.25088798999786377

vb0[396]+000 POSITION: -0.026427842676639557, 1.311515212059021, 0.0625099316239357
vb0[396]+012 NORMAL: -0.38076066970825195, -0.911491870880127, -0.15557633340358734
vb0[396]+024 TANGENT: -0.37462711334228516, -0.9126599431037903, -0.1634206771850586, -1.0
vb0[396]+040 BLENDWEIGHT: 1.0, 0.0, 0.0, 0.0
vb0[396]+056 BLENDINDICES: 2, 0, 0, 0
vb0[396]+072 COLOR: 1.0, 0.5019607843137255, 0.5019607843137255, 0.5019607843137255
vb0[396]+076 TEXCOORD: 0.6293225288391113, 0.21223899722099304

vb0[397]+000 POSITION: 0.029504895210266113, 1.3107627630233765, 0.07416169345378876
vb0[397]+012 NORMAL: 0.4562256336212158, -0.8885402679443359, -0.048522014170885086
vb0[397]+024 TANGENT: 0.44864532351493835, -0.8922524452209473, -0.0510173998773098, -1.0
vb0[397]+040 BLENDWEIGHT: 1.0, 0.0, 0.0, 0.0
vb0[397]+056 BLENDINDICES: 2, 0, 0, 0
vb0[397]+072 COLOR: 1.0, 0.5019607843137255, 0.5019607843137255, 0.5019607843137255
vb0[397]+076 TEXCOORD: 0.3811255097389221, 0.25088798999786377

vb0[398]+000 POSITION: 0.026427773758769035, 1.311515212059021, 0.0625099316239357
vb0[398]+012 NORMAL: 0.38076040148735046, -0.9114919304847717, -0.15557630360126495
vb0[398]+024 TANGENT: 0.37462466955184937, -0.912662148475647, -0.16341449320316315, -1.0
vb0[398]+040 BLENDWEIGHT: 1.0, 0.0, 0.0, 0.0
vb0[398]+056 BLENDINDICES: 2, 0, 0, 0
vb0[398]+072 COLOR: 1.0, 0.5019607843137255, 0.5019607843137255, 0.5019607843137255
vb0[398]+076 TEXCOORD: 0.3706585168838501, 0.21223899722099304

vb0[399]+000 POSITION: 0.03931654244661331, 1.3180561065673828, 0.08305282145738602
vb0[399]+012 NORMAL: 0.6186238527297974, -0.7642919421195984, 0.1821053922176361
vb0[399]+024 TANGENT: 0.6138272285461426, -0.7642492055892944, 0.19783638417720795, -1.0
vb0[399]+040 BLENDWEIGHT: 1.0, 0.0, 0.0, 0.0
vb0[399]+056 BLENDINDICES: 2, 0, 0, 0
vb0[399]+072 COLOR: 1.0, 0.5019607843137255, 0.5019607843137255, 0.5019607843137255
vb0[399]+076 TEXCOORD: 0.35184451937675476, 0.306645005941391

vb0[400]+000 POSITION: 0.03662305325269699, 1.3147907257080078, 0.06955981999635696
vb0[400]+012 NORMAL: 0.5142854452133179, -0.8571049571037292, -0.02968914434313774
vb0[400]+024 TANGENT: 0.5125070214271545, -0.8576033115386963, -0.043048325926065445, -1.0
vb0[400]+040 BLENDWEIGHT: 1.0, 0.0, 0.0, 0.0
vb0[400]+056 BLENDINDICES: 2, 0, 0, 0
vb0[400]+072 COLOR: 1.0, 0.5019607843137255, 0.5019607843137255, 0.5019607843137255
vb0[400]+076 TEXCOORD: 0.3455055058002472, 0.26617100834846497

vb0[401]+000 POSITION: 0.038104016333818436, 1.3240410089492798, 0.09670620411634445
vb0[401]+012 NORMAL: 0.6016685366630554, -0.6100600361824036, 0.5155790448188782
vb0[401]+024 TANGENT: 0.5904984474182129, -0.6121331453323364, 0.5259320735931396, -1.0
vb0[401]+040 BLENDWEIGHT: 1.0, 0.0, 0.0, 0.0
vb0[401]+056 BLENDINDICES: 2, 0, 0, 0
vb0[401]+072 COLOR: 1.0, 0.5019607843137255, 0.5019607843137255, 0.5019607843137255
vb0[401]+076 TEXCOORD: 0.36997950077056885, 0.3430339992046356

vb0[402]+000 POSITION: 0.031807005405426025, 1.3240867853164673, 0.1024196594953537
vb0[402]+012 NORMAL: 0.4808773994445801, -0.5779185891151428, 0.6593685746192932
vb0[402]+024 TANGENT: 0.4590716063976288, -0.5744905471801758, 0.6776531934738159, -1.0
vb0[402]+040 BLENDWEIGHT: 1.0, 0.0, 0.0, 0.0
vb0[402]+056 BLENDINDICES: 2, 0, 0, 0
vb0[402]+072 COLOR: 1.0, 0.5019607843137255, 0.5019607843137255, 0.5019607843137255
vb0[402]+076 TEXCOORD: 0.39496952295303345, 0.3394019901752472

vb0[403]+000 POSITION: 0.033200837671756744, 1.3297480344772339, 0.10531968623399734
vb0[403]+012 NORMAL: 0.4731020927429199, -0.418059766292572, 0.7755001187324524
vb0[403]+024 TANGENT: 0.4714756906032562, -0.4160020351409912, 0.7775943875312805, -1.0
vb0[403]+040 BLENDWEIGHT: 1.0, 0.0, 0.0, 0.0
vb0[403]+056 BLENDINDICES: 2, 0, 0, 0
vb0[403]+072 COLOR: 1.0, 0.5019607843137255, 0.5019607843137255, 0.5019607843137255
vb0[403]+076 TEXCOORD: 0.3936785161495209, 0.3637009859085083

vb0[404]+000 POSITION: 0.040072258561849594, 1.3312314748764038, 0.10143962502479553
vb0[404]+012 NORMAL: 0.6108561158180237, -0.44436854124069214, 0.6552796959877014
vb0[404]+024 TANGENT: 0.6077222228050232, -0.39554548263549805, 0.6886345148086548, -1.0
vb0[404]+040 BLENDWEIGHT: 1.0, 0.0, 0.0, 0.0
vb0[404]+056 BLENDINDICES: 2, 0, 0, 0
vb0[404]+072 COLOR: 1.0, 0.5019607843137255, 0.5019607843137255, 0.5019607843137255
vb0[404]+076 TEXCOORD: 0.3682255148887634, 0.3729870021343231

vb0[405]+000 POSITION: 0.04688785970211029, 1.3336454629898071, 0.09532175213098526
vb0[405]+012 NORMAL: 0.7436321973800659, -0.43975067138671875, 0.5036173462867737
vb0[405]+024 TANGENT: 0.7397454977035522, -0.4126306474208832, 0.5315191745758057, -1.0
vb0[405]+040 BLENDWEIGHT: 1.0, 0.0, 0.0, 0.0
vb0[405]+056 BLENDINDICES: 2, 0, 0, 0
vb0[405]+072 COLOR: 1.0, 0.5019607843137255, 0.5019607843137255, 0.5019607843137255
vb0[405]+076 TEXCOORD: 0.3398195207118988, 0.38384199142456055

vb0[406]+000 POSITION: 0.04637174680829048, 1.3416697978973389, 0.10075129568576813
vb0[406]+012 NORMAL: 0.713881254196167, -0.34037503600120544, 0.611979067325592
vb0[406]+024 TANGENT: 0.6739370226860046, -0.20937390625476837, 0.7084994316101074, -1.0
vb0[406]+040 BLENDWEIGHT: 1.0, 0.0, 0.0, 0.0
vb0[406]+056 BLENDINDICES: 2, 0, 0, 0
vb0[406]+072 COLOR: 1.0, 0.5019607843137255, 0.5019607843137255, 0.5019607843137255
vb0[406]+076 TEXCOORD: 0.34553050994873047, 0.4138999879360199

vb0[407]+000 POSITION: 0.04495222866535187, 1.3256938457489014, 0.08936695009469986
vb0[407]+012 NORMAL: 0.706804633140564, -0.6204958558082581, 0.3397236466407776
vb0[407]+024 TANGENT: 0.7042526006698608, -0.6036348342895508, 0.3737020492553711, -1.0
vb0[407]+040 BLENDWEIGHT: 1.0, 0.0, 0.0, 0.0
vb0[407]+056 BLENDINDICES: 2, 0, 0, 0
vb0[407]+072 COLOR: 1.0, 0.5019607843137255, 0.5019607843137255, 0.5019607843137255
vb0[407]+076 TEXCOORD: 0.3408305048942566, 0.3482530117034912

vb0[408]+000 POSITION: 0.05323173105716705, 1.3380035161972046, 0.08776900172233582
vb0[408]+012 NORMAL: 0.8225759267807007, -0.4075798988342285, 0.39654427766799927
vb0[408]+024 TANGENT: 0.8213392496109009, -0.3807879686355591, 0.4247380495071411, -1.0
vb0[408]+040 BLENDWEIGHT: 1.0, 0.0, 0.0, 0.0
vb0[408]+056 BLENDINDICES: 2, 0, 0, 0
vb0[408]+072 COLOR: 1.0, 0.5019607843137255, 0.5019607843137255, 0.5019607843137255
vb0[408]+076 TEXCOORD: 0.3070085048675537, 0.39763200283050537

vb0[409]+000 POSITION: 0.05246301367878914, 1.3312450647354126, 0.08089976012706757
vb0[409]+012 NORMAL: 0.795447051525116, -0.5509781241416931, 0.25236302614212036
vb0[409]+024 TANGENT: 0.7980303764343262, -0.5523931384086609, 0.2408512830734253, -1.0
vb0[409]+040 BLENDWEIGHT: 1.0, 0.0, 0.0, 0.0
vb0[409]+056 BLENDINDICES: 2, 0, 0, 0
vb0[409]+072 COLOR: 1.0, 0.5019607843137255, 0.5019607843137255, 0.5019607843137255
vb0[409]+076 TEXCOORD: 0.3058375120162964, 0.3615790009498596

vb0[410]+000 POSITION: 0.05942302942276001, 1.3439052104949951, 0.07947320491075516
vb0[410]+012 NORMAL: 0.882972776889801, -0.36144939064979553, 0.29952189326286316
vb0[410]+024 TANGENT: 0.8805757761001587, -0.3469066619873047, 0.32286536693573, -1.0
vb0[410]+040 BLENDWEIGHT: 1.0, 0.0, 0.0, 0.0
vb0[410]+056 BLENDINDICES: 2, 0, 0, 0
vb0[410]+072 COLOR: 1.0, 0.5019607843137255, 0.5019607843137255, 0.5019607843137255
vb0[410]+076 TEXCOORD: 0.27321550250053406, 0.4155980050563812

vb0[411]+000 POSITION: 0.059052709490060806, 1.3383309841156006, 0.07179499417543411
vb0[411]+012 NORMAL: 0.8697543740272522, -0.46318814158439636, 0.17024676501750946
vb0[411]+024 TANGENT: 0.8680220246315002, -0.46070441603660583, 0.1851736456155777, -1.0
vb0[411]+040 BLENDWEIGHT: 1.0, 0.0, 0.0, 0.0
vb0[411]+056 BLENDINDICES: 2, 0, 0, 0
vb0[411]+072 COLOR: 1.0, 0.5019607843137255, 0.5019607843137255, 0.5019607843137255
vb0[411]+076 TEXCOORD: 0.26647552847862244, 0.38400599360466003

vb0[412]+000 POSITION: 0.06548092514276505, 1.357398509979248, 0.07476864755153656
vb0[412]+012 NORMAL: 0.9124189019203186, -0.30715304613113403, 0.27046018838882446
vb0[412]+024 TANGENT: 0.9101244807243347, -0.2636744976043701, 0.31960800290107727, -1.0
vb0[412]+040 BLENDWEIGHT: 1.0, 0.0, 0.0, 0.0
vb0[412]+056 BLENDINDICES: 2, 0, 0, 0
vb0[412]+072 COLOR: 1.0, 0.5019607843137255, 0.5019607843137255, 0.5019607843137255
vb0[412]+076 TEXCOORD: 0.25698551535606384, 0.45889198780059814

vb0[413]+000 POSITION: 0.05887605622410774, 1.3496242761611938, 0.08560146391391754
vb0[413]+012 NORMAL: 0.871614396572113, -0.31094783544540405, 0.378945529460907
vb0[413]+024 TANGENT: 0.8755866885185242, -0.268829345703125, 0.4013460874557495, -1.0
vb0[413]+040 BLENDWEIGHT: 1.0, 0.0, 0.0, 0.0
vb0[413]+056 BLENDINDICES: 2, 0, 0, 0
vb0[413]+072 COLOR: 1.0, 0.5019607843137255, 0.5019607843137255, 0.5019607843137255
vb0[413]+076 TEXCOORD: 0.2819265127182007, 0.4431949853897095

vb0[414]+000 POSITION: 0.05296524986624718, 1.3452491760253906, 0.09382665157318115
vb0[414]+012 NORMAL: 0.8123520612716675, -0.33891212940216064, 0.4745764434337616
vb0[414]+024 TANGENT: 0.8102394342422485, -0.2341393232345581, 0.5372996926307678, -1.0
vb0[414]+040 BLENDWEIGHT: 1.0, 0.0, 0.0, 0.0
vb0[414]+056 BLENDINDICES: 2, 0, 0, 0
vb0[414]+072 COLOR: 1.0, 0.5019607843137255, 0.5019607843137255, 0.5019607843137255
vb0[414]+076 TEXCOORD: 0.3141685128211975, 0.4281350076198578

vb0[415]+000 POSITION: 0.05706331133842468, 1.3329054117202759, 0.062156181782484055
vb0[415]+012 NORMAL: 0.809958279132843, -0.5842748284339905, 0.05089903995394707
vb0[415]+024 TANGENT: 0.8089461326599121, -0.5829382538795471, 0.07608700543642044, -1.0
vb0[415]+040 BLENDWEIGHT: 1.0, 0.0, 0.0, 0.0
vb0[415]+056 BLENDINDICES: 2, 0, 0, 0
vb0[415]+072 COLOR: 1.0, 0.5019607843137255, 0.5019607843137255, 0.5019607843137255
vb0[415]+076 TEXCOORD: 0.2615315020084381, 0.34687700867652893

vb0[416]+000 POSITION: 0.053811945021152496, 1.3288438320159912, 0.052531156688928604
vb0[416]+012 NORMAL: 0.709995687007904, -0.6996540427207947, -0.07993952184915543
vb0[416]+024 TANGENT: 0.7080252766609192, -0.7018002867698669, -0.07859021425247192, -1.0
vb0[416]+040 BLENDWEIGHT: 1.0, 0.0, 0.0, 0.0
vb0[416]+056 BLENDINDICES: 2, 0, 0, 0
vb0[416]+072 COLOR: 1.0, 0.5019607843137255, 0.5019607843137255, 0.5019607843137255
vb0[416]+076 TEXCOORD: 0.257018506526947, 0.3110249936580658

vb0[417]+000 POSITION: 0.048130277544260025, 1.3263306617736816, 0.04249783605337143
vb0[417]+012 NORMAL: 0.6283770799636841, -0.7584282159805298, -0.17299972474575043
vb0[417]+024 TANGENT: 0.5914695262908936, -0.7902017831802368, -0.1604524701833725, -1.0
vb0[417]+040 BLENDWEIGHT: 1.0, 0.0, 0.0, 0.0
vb0[417]+056 BLENDINDICES: 2, 0, 0, 0
vb0[417]+072 COLOR: 1.0, 0.5019607843137255, 0.5019607843137255, 0.5019607843137255
vb0[417]+076 TEXCOORD: 0.2528885006904602, 0.2704859972000122

vb0[418]+000 POSITION: 0.043727487325668335, 1.319832444190979, 0.06293252110481262
vb0[418]+012 NORMAL: 0.5847204923629761, -0.8080328106880188, -0.07200713455677032
vb0[418]+024 TANGENT: 0.576181173324585, -0.8138614892959595, -0.07513147592544556, -1.0
vb0[418]+040 BLENDWEIGHT: 1.0, 0.0, 0.0, 0.0
vb0[418]+056 BLENDINDICES: 2, 0, 0, 0
vb0[418]+072 COLOR: 1.0, 0.5019607843137255, 0.5019607843137255, 0.5019607843137255
vb0[418]+076 TEXCOORD: 0.30988651514053345, 0.281453013420105

vb0[419]+000 POSITION: 0.03645581752061844, 1.3174083232879639, 0.053923387080430984
vb0[419]+012 NORMAL: 0.4649720788002014, -0.8705691695213318, -0.16096697747707367
vb0[419]+024 TANGENT: 0.45581766963005066, -0.8758252859115601, -0.1586201786994934, -1.0
vb0[419]+040 BLENDWEIGHT: 1.0, 0.0, 0.0, 0.0
vb0[419]+056 BLENDINDICES: 2, 0, 0, 0
vb0[419]+072 COLOR: 1.0, 0.5019607843137255, 0.5019607843137255, 0.5019607843137255
vb0[419]+076 TEXCOORD: 0.3148685097694397, 0.23610399663448334

vb0[420]+000 POSITION: 0.04897244647145271, 1.3243987560272217, 0.07211756706237793
vb0[420]+012 NORMAL: 0.7088420391082764, -0.6992805004119873, 0.0924651026725769
vb0[420]+024 TANGENT: 0.7080770134925842, -0.6976814270019531, 0.10893894731998444, -1.0
vb0[420]+040 BLENDWEIGHT: 1.0, 0.0, 0.0, 0.0
vb0[420]+056 BLENDINDICES: 2, 0, 0, 0
vb0[420]+072 COLOR: 1.0, 0.5019607843137255, 0.5019607843137255, 0.5019607843137255
vb0[420]+076 TEXCOORD: 0.30599451065063477, 0.32267099618911743

vb0[421]+000 POSITION: 0.021759847179055214, 1.3550347089767456, 0.10984336584806442
vb0[421]+012 NORMAL: 0.37422576546669006, 0.2831057906150818, 0.8830664157867432
vb0[421]+024 TANGENT: 0.4105343818664551, 0.31474998593330383, 0.8558002710342407, -1.0
vb0[421]+040 BLENDWEIGHT: 1.0, 0.0, 0.0, 0.0
vb0[421]+056 BLENDINDICES: 2, 0, 0, 0
vb0[421]+072 COLOR: 1.0, 0.5019607843137255, 0.5019607843137255, 0.5019607843137255
vb0[421]+076 TEXCOORD: 0.4282565116882324, 0.45788100361824036

vb0[422]+000 POSITION: 0.016459345817565918, 1.3587710857391357, 0.11116433888673782
vb0[422]+012 NORMAL: 0.5047484040260315, 0.306627482175827, 0.8069750666618347
vb0[422]+024 TANGENT: 0.5012531280517578, 0.3009319305419922, 0.8112861514091492, -1.0
vb0[422]+040 BLENDWEIGHT: 1.0, 0.0, 0.0, 0.0
vb0[422]+056 BLENDINDICES: 2, 0, 0, 0
vb0[422]+072 COLOR: 1.0, 0.5019607843137255, 0.5019607843137255, 0.5019607843137255
vb0[422]+076 TEXCOORD: 0.4451965093612671, 0.47613099217414856

vb0[423]+000 POSITION: 0.02830347791314125, 1.3509587049484253, 0.1090429499745369
vb0[423]+012 NORMAL: 0.30789658427238464, 0.22865886986255646, 0.9235339164733887
vb0[423]+024 TANGENT: 0.35149329900741577, 0.29126203060150146, 0.8897296786308289, -1.0
vb0[423]+040 BLENDWEIGHT: 1.0, 0.0, 0.0, 0.0
vb0[423]+056 BLENDINDICES: 2, 0, 0, 0
vb0[423]+072 COLOR: 1.0, 0.5019607843137255, 0.5019607843137255, 0.5019607843137255
vb0[423]+076 TEXCOORD: 0.4100245237350464, 0.438944011926651

vb0[424]+000 POSITION: 0.00972500815987587, 1.3560967445373535, 0.11707371473312378
vb0[424]+012 NORMAL: 0.610473096370697, 0.27821141481399536, 0.7415665984153748
vb0[424]+024 TANGENT: 0.6130585074424744, 0.3231654167175293, 0.7209184169769287, -1.0
vb0[424]+040 BLENDWEIGHT: 1.0, 0.0, 0.0, 0.0
vb0[424]+056 BLENDINDICES: 2, 0, 0, 0
vb0[424]+072 COLOR: 1.0, 0.5019607843137255, 0.5019607843137255, 0.5019607843137255
vb0[424]+076 TEXCOORD: 0.46577051281929016, 0.4551669955253601

vb0[425]+000 POSITION: 0.011466339230537415, 1.3622368574142456, 0.11287339776754379
vb0[425]+012 NORMAL: 0.5632563829421997, 0.39064115285873413, 0.7281082272529602
vb0[425]+024 TANGENT: 0.5438942909240723, 0.3355473279953003, 0.7691469192504883, -1.0
vb0[425]+040 BLENDWEIGHT: 1.0, 0.0, 0.0, 0.0
vb0[425]+056 BLENDINDICES: 2, 0, 0, 0
vb0[425]+072 COLOR: 1.0, 0.5019607843137255, 0.5019607843137255, 0.5019607843137255
vb0[425]+076 TEXCOORD: 0.46268051862716675, 0.4886319935321808

vb0[426]+000 POSITION: 0.004223967902362347, 1.3604130744934082, 0.12004269659519196
vb0[426]+012 NORMAL: 0.6155620217323303, 0.43620187044143677, 0.6563622355461121
vb0[426]+024 TANGENT: 0.5872318148612976, 0.48179230093955994, 0.6504113078117371, -1.0
vb0[426]+040 BLENDWEIGHT: 1.0, 0.0, 0.0, 0.0
vb0[426]+056 BLENDINDICES: 2, 0, 0, 0
vb0[426]+072 COLOR: 1.0, 0.5019607843137255, 0.5019607843137255, 0.5019607843137255
vb0[426]+076 TEXCOORD: 0.4866425096988678, 0.47015300393104553

vb0[427]+000 POSITION: 0.004904462024569511, 1.3662910461425781, 0.11530105024576187
vb0[427]+012 NORMAL: 0.5111732482910156, 0.5299138426780701, 0.6766781210899353
vb0[427]+024 TANGENT: 0.49052610993385315, 0.4445948600769043, 0.7494795322418213, -1.0
vb0[427]+040 BLENDWEIGHT: 1.0, 0.0, 0.0, 0.0
vb0[427]+056 BLENDINDICES: 2, 0, 0, 0
vb0[427]+072 COLOR: 1.0, 0.5019607843137255, 0.5019607843137255, 0.5019607843137255
vb0[427]+076 TEXCOORD: 0.4846755266189575, 0.5036230087280273

vb0[428]+000 POSITION: -3.471837217716711e-08, 1.3627164363861084, 0.12177728116512299
vb0[428]+012 NORMAL: 7.697012188145891e-05, 0.6767134666442871, 0.7362464666366577
vb0[428]+024 TANGENT: 0.0, 0.6798931956291199, 0.7333111763000488, -1.0
vb0[428]+040 BLENDWEIGHT: 1.0, 0.0, 0.0, 0.0
vb0[428]+056 BLENDINDICES: 2, 0, 0, 0
vb0[428]+072 COLOR: 1.0, 0.5019607843137255, 0.5019607843137255, 0.5019607843137255
vb0[428]+076 TEXCOORD: 0.4999999701976776, 0.4755379855632782

vb0[429]+000 POSITION: -3.471837217716711e-08, 1.3678309917449951, 0.11664034426212311
vb0[429]+012 NORMAL: 0.0, 0.7086652517318726, 0.7055448889732361
vb0[429]+024 TANGENT: 0.0, 0.5697940587997437, 0.8217875957489014, -1.0
vb0[429]+040 BLENDWEIGHT: 1.0, 0.0, 0.0, 0.0
vb0[429]+056 BLENDINDICES: 2, 0, 0, 0
vb0[429]+072 COLOR: 1.0, 0.5019607843137255, 0.5019607843137255, 0.5019607843137255
vb0[429]+076 TEXCOORD: 0.4999999403953552, 0.5116029977798462

vb0[430]+000 POSITION: -0.00490453140810132, 1.3662910461425781, 0.11530105024576187
vb0[430]+012 NORMAL: -0.5111579298973083, 0.5299931168556213, 0.6766276955604553
vb0[430]+024 TANGENT: -0.49054914712905884, 0.4445740580558777, 0.7494768500328064, -1.0
vb0[430]+040 BLENDWEIGHT: 1.0, 0.0, 0.0, 0.0
vb0[430]+056 BLENDINDICES: 2, 0, 0, 0
vb0[430]+072 COLOR: 1.0, 0.5019607843137255, 0.5019607843137255, 0.5019607843137255
vb0[430]+076 TEXCOORD: 0.5151705145835876, 0.5036230087280273

vb0[431]+000 POSITION: -0.0042240372858941555, 1.3604148626327515, 0.12004269659519196
vb0[431]+012 NORMAL: -0.6155680418014526, 0.43615007400512695, 0.656390905380249
vb0[431]+024 TANGENT: -0.5872653722763062, 0.48175346851348877, 0.6504098176956177, -1.0
vb0[431]+040 BLENDWEIGHT: 1.0, 0.0, 0.0, 0.0
vb0[431]+056 BLENDINDICES: 2, 0, 0, 0
vb0[431]+072 COLOR: 1.0, 0.5019607843137255, 0.5019607843137255, 0.5019607843137255
vb0[431]+076 TEXCOORD: 0.5133374929428101, 0.47015300393104553

vb0[432]+000 POSITION: -0.01146640907973051, 1.3622368574142456, 0.11287339776754379
vb0[432]+012 NORMAL: -0.563306450843811, 0.3904315233230591, 0.7281820774078369
vb0[432]+024 TANGENT: -0.5438843965530396, 0.3354828357696533, 0.7691820859909058, -1.0
vb0[432]+040 BLENDWEIGHT: 1.0, 0.0, 0.0, 0.0
vb0[432]+056 BLENDINDICES: 2, 0, 0, 0
vb0[432]+072 COLOR: 1.0, 0.5019607843137255, 0.5019607843137255, 0.5019607843137255
vb0[432]+076 TEXCOORD: 0.5373005270957947, 0.4886319935321808

vb0[433]+000 POSITION: -0.009725077077746391, 1.356091022491455, 0.11707371473312378
vb0[433]+012 NORMAL: -0.6105415225028992, 0.2781393826007843, 0.7415372133255005
vb0[433]+024 TANGENT: -0.6130684614181519, 0.3231170177459717, 0.7209316492080688, -1.0
vb0[433]+040 BLENDWEIGHT: 1.0, 0.0, 0.0, 0.0
vb0[433]+056 BLENDINDICES: 2, 0, 0, 0
vb0[433]+072 COLOR: 1.0, 0.5019607843137255, 0.5019607843137255, 0.5019607843137255
vb0[433]+076 TEXCOORD: 0.5342105031013489, 0.4551669955253601

vb0[434]+000 POSITION: -0.01645941659808159, 1.3587710857391357, 0.11116433888673782
vb0[434]+012 NORMAL: -0.5046504139900208, 0.3066224753856659, 0.8070381283760071
vb0[434]+024 TANGENT: -0.5011985301971436, 0.3009244203567505, 0.8113227486610413, -1.0
vb0[434]+040 BLENDWEIGHT: 1.0, 0.0, 0.0, 0.0
vb0[434]+056 BLENDINDICES: 2, 0, 0, 0
vb0[434]+072 COLOR: 1.0, 0.5019607843137255, 0.5019607843137255, 0.5019607843137255
vb0[434]+076 TEXCOORD: 0.5547845363616943, 0.47613099217414856

vb0[435]+000 POSITION: -0.021759917959570885, 1.3550347089767456, 0.10984336584806442
vb0[435]+012 NORMAL: -0.3742225170135498, 0.28309985995292664, 0.883069634437561
vb0[435]+024 TANGENT: -0.41053467988967896, 0.3147505223751068, 0.8557997941970825, -1.0
vb0[435]+040 BLENDWEIGHT: 1.0, 0.0, 0.0, 0.0
vb0[435]+056 BLENDINDICES: 2, 0, 0, 0
vb0[435]+072 COLOR: 1.0, 0.5019607843137255, 0.5019607843137255, 0.5019607843137255
vb0[435]+076 TEXCOORD: 0.5717235207557678, 0.45788100361824036

vb0[436]+000 POSITION: -0.02830354869365692, 1.3509587049484253, 0.1090429499745369
vb0[436]+012 NORMAL: -0.30789291858673096, 0.22865648567676544, 0.9235357046127319
vb0[436]+024 TANGENT: -0.3514932096004486, 0.29126235842704773, 0.8897295594215393, -1.0
vb0[436]+040 BLENDWEIGHT: 1.0, 0.0, 0.0, 0.0
vb0[436]+056 BLENDINDICES: 2, 0, 0, 0
vb0[436]+072 COLOR: 1.0, 0.5019607843137255, 0.5019607843137255, 0.5019607843137255
vb0[436]+076 TEXCOORD: 0.5899555087089539, 0.438944011926651

vb0[437]+000 POSITION: -0.03432746231555939, 1.3460699319839478, 0.10822036862373352
vb0[437]+012 NORMAL: -0.38913217186927795, 0.03733650594949722, 0.9204249978065491
vb0[437]+024 TANGENT: -0.44240403175354004, 0.11499857902526855, 0.8894121646881104, -1.0
vb0[437]+040 BLENDWEIGHT: 1.0, 0.0, 0.0, 0.0
vb0[437]+056 BLENDINDICES: 2, 0, 0, 0
vb0[437]+072 COLOR: 1.0, 0.5019607843137255, 0.5019607843137255, 0.5019607843137255
vb0[437]+076 TEXCOORD: 0.6078364849090576, 0.4232589900493622

vb0[438]+000 POSITION: -0.007446696050465107, 1.35237717628479, 0.12062601745128632
vb0[438]+012 NORMAL: -0.7040004134178162, 0.10357992351055145, 0.7026055455207825
vb0[438]+024 TANGENT: -0.6979395747184753, 0.0436476469039917, 0.7148253917694092, -1.0
vb0[438]+040 BLENDWEIGHT: 1.0, 0.0, 0.0, 0.0
vb0[438]+056 BLENDINDICES: 2, 0, 0, 0
vb0[438]+072 COLOR: 1.0, 0.5019607843137255, 0.5019607843137255, 0.5019607843137255
vb0[438]+076 TEXCOORD: 0.5235035419464111, 0.4283890128135681

vb0[439]+000 POSITION: -0.0036975149996578693, 1.3507026433944702, 0.12381581217050552
vb0[439]+012 NORMAL: -0.5397128462791443, -0.3664061725139618, 0.7579292058944702
vb0[439]+024 TANGENT: -0.5079942345619202, -0.3574495315551758, 0.7836910486221313, -1.0
vb0[439]+040 BLENDWEIGHT: 1.0, 0.0, 0.0, 0.0
vb0[439]+056 BLENDINDICES: 2, 0, 0, 0
vb0[439]+072 COLOR: 1.0, 0.5019607843137255, 0.5019607843137255, 0.5019607843137255
vb0[439]+076 TEXCOORD: 0.5099585056304932, 0.4181640148162842

vb0[440]+000 POSITION: -0.0033812522888183594, 1.3565258979797363, 0.12445927411317825
vb0[440]+012 NORMAL: -0.7551472783088684, 0.3633231818675995, 0.5456636548042297
vb0[440]+024 TANGENT: -0.733370304107666, 0.31884124875068665, 0.6004233360290527, -1.0
vb0[440]+040 BLENDWEIGHT: 1.0, 0.0, 0.0, 0.0
vb0[440]+056 BLENDINDICES: 2, 0, 0, 0
vb0[440]+072 COLOR: 1.0, 0.5019607843137255, 0.5019607843137255, 0.5019607843137255
vb0[440]+076 TEXCOORD: 0.5097585320472717, 0.44254401326179504

vb0[441]+000 POSITION: -3.471837217716711e-08, 1.3592684268951416, 0.12658651173114777
vb0[441]+012 NORMAL: -5.4948715842328966e-05, 0.7731780409812927, 0.6341891288757324
vb0[441]+024 TANGENT: 0.0, 0.5397995710372925, 0.8417935371398926, -1.0
vb0[441]+040 BLENDWEIGHT: 1.0, 0.0, 0.0, 0.0
vb0[441]+056 BLENDINDICES: 2, 0, 0, 0
vb0[441]+072 COLOR: 1.0, 0.5019607843137255, 0.5019607843137255, 0.5019607843137255
vb0[441]+076 TEXCOORD: 0.4999999701976776, 0.45067501068115234

vb0[442]+000 POSITION: -3.471837217716711e-08, 1.3504520654678345, 0.12539806962013245
vb0[442]+012 NORMAL: -0.00011999590060440823, -0.5404902696609497, 0.841350257396698
vb0[442]+024 TANGENT: 0.0, -0.49599435925483704, 0.8683257699012756, -1.0
vb0[442]+040 BLENDWEIGHT: 1.0, 0.0, 0.0, 0.0
vb0[442]+056 BLENDINDICES: 2, 0, 0, 0
vb0[442]+072 COLOR: 1.0, 0.5019607843137255, 0.5019607843137255, 0.5019607843137255
vb0[442]+076 TEXCOORD: 0.4999999701976776, 0.4120889902114868

vb0[443]+000 POSITION: 0.0036974456161260605, 1.3507025241851807, 0.12381581217050552
vb0[443]+012 NORMAL: 0.5397154688835144, -0.366518497467041, 0.757872998714447
vb0[443]+024 TANGENT: 0.5079864859580994, -0.3575816750526428, 0.7836358547210693, -1.0
vb0[443]+040 BLENDWEIGHT: 1.0, 0.0, 0.0, 0.0
vb0[443]+056 BLENDINDICES: 2, 0, 0, 0
vb0[443]+072 COLOR: 1.0, 0.5019607843137255, 0.5019607843137255, 0.5019607843137255
vb0[443]+076 TEXCOORD: 0.4900225102901459, 0.4181640148162842

vb0[444]+000 POSITION: 0.007446626201272011, 1.35237717628479, 0.12062601745128632
vb0[444]+012 NORMAL: 0.70393967628479, 0.10354956984519958, 0.7026709318161011
vb0[444]+024 TANGENT: 0.6979176998138428, 0.04356718063354492, 0.7148516178131104, -1.0
vb0[444]+040 BLENDWEIGHT: 1.0, 0.0, 0.0, 0.0
vb0[444]+056 BLENDINDICES: 2, 0, 0, 0
vb0[444]+072 COLOR: 1.0, 0.5019607843137255, 0.5019607843137255, 0.5019607843137255
vb0[444]+076 TEXCOORD: 0.4764775037765503, 0.4283890128135681

vb0[445]+000 POSITION: -0.0021501623559743166, 1.3539392948150635, 0.12636080384254456
vb0[445]+012 NORMAL: -0.607925534248352, -0.13942500948905945, 0.7816567420959473
vb0[445]+024 TANGENT: -0.5590104460716248, -0.17472441494464874, 0.8105423450469971, -1.0
vb0[445]+040 BLENDWEIGHT: 1.0, 0.0, 0.0, 0.0
vb0[445]+056 BLENDINDICES: 2, 0, 0, 0
vb0[445]+072 COLOR: 1.0, 0.5019607843137255, 0.5019607843137255, 0.5019607843137255
vb0[445]+076 TEXCOORD: 0.5050395131111145, 0.43170100450515747

vb0[446]+000 POSITION: 0.0033812394831329584, 1.3565266132354736, 0.12445927411317825
vb0[446]+012 NORMAL: 0.755156934261322, 0.3633002042770386, 0.5456655621528625
vb0[446]+024 TANGENT: 0.7333198189735413, 0.3187614679336548, 0.6005274653434753, -1.0
vb0[446]+040 BLENDWEIGHT: 1.0, 0.0, 0.0, 0.0
vb0[446]+056 BLENDINDICES: 2, 0, 0, 0
vb0[446]+072 COLOR: 1.0, 0.5019607843137255, 0.5019607843137255, 0.5019607843137255
vb0[446]+076 TEXCOORD: 0.4902225136756897, 0.44254401326179504

vb0[447]+000 POSITION: 0.0021500929724425077, 1.353935956954956, 0.12636080384254456
vb0[447]+012 NORMAL: 0.6079017519950867, -0.13948097825050354, 0.7816652059555054
vb0[447]+024 TANGENT: 0.5588868856430054, -0.17487360537052155, 0.8105952739715576, -1.0
vb0[447]+040 BLENDWEIGHT: 1.0, 0.0, 0.0, 0.0
vb0[447]+056 BLENDINDICES: 2, 0, 0, 0
vb0[447]+072 COLOR: 1.0, 0.5019607843137255, 0.5019607843137255, 0.5019607843137255
vb0[447]+076 TEXCOORD: 0.49494150280952454, 0.43170100450515747

vb0[448]+000 POSITION: -3.471837217716711e-08, 1.353786587715149, 0.1270240992307663
vb0[448]+012 NORMAL: -0.0002436318900436163, -0.313390851020813, 0.9496241807937622
vb0[448]+024 TANGENT: 0.0, -0.28100723028182983, 0.9597057104110718, -1.0
vb0[448]+040 BLENDWEIGHT: 1.0, 0.0, 0.0, 0.0
vb0[448]+056 BLENDINDICES: 2, 0, 0, 0
vb0[448]+072 COLOR: 1.0, 0.5019607843137255, 0.5019607843137255, 0.5019607843137255
vb0[448]+076 TEXCOORD: 0.4999999701976776, 0.43008700013160706

vb0[449]+000 POSITION: 0.0013836733996868134, 1.3566185235977173, 0.12694500386714935
vb0[449]+012 NORMAL: 0.6192834973335266, 0.22046181559562683, 0.7535811066627502
vb0[449]+024 TANGENT: 0.5440970063209534, 0.18263578414916992, 0.8189033269882202, -1.0
vb0[449]+040 BLENDWEIGHT: 1.0, 0.0, 0.0, 0.0
vb0[449]+056 BLENDINDICES: 2, 0, 0, 0
vb0[449]+072 COLOR: 1.0, 0.5019607843137255, 0.5019607843137255, 0.5019607843137255
vb0[449]+076 TEXCOORD: 0.49746549129486084, 0.4411880075931549

vb0[450]+000 POSITION: -3.471837217716711e-08, 1.3566744327545166, 0.1273198127746582
vb0[450]+012 NORMAL: 3.6385048588272184e-05, 0.08150354772806168, 0.9966729879379272
vb0[450]+024 TANGENT: 0.0, 0.07996309548616409, 0.9967978596687317, -1.0
vb0[450]+040 BLENDWEIGHT: 1.0, 0.0, 0.0, 0.0
vb0[450]+056 BLENDINDICES: 2, 0, 0, 0
vb0[450]+072 COLOR: 1.0, 0.5019607843137255, 0.5019607843137255, 0.5019607843137255
vb0[450]+076 TEXCOORD: 0.4999999701976776, 0.4403809905052185

vb0[451]+000 POSITION: -0.0013837805017828941, 1.356619954109192, 0.12694500386714935
vb0[451]+012 NORMAL: -0.6193056702613831, 0.2206987887620926, 0.75349360704422
vb0[451]+024 TANGENT: -0.5441335439682007, 0.18273842334747314, 0.8188560605049133, -1.0
vb0[451]+040 BLENDWEIGHT: 1.0, 0.0, 0.0, 0.0
vb0[451]+056 BLENDINDICES: 2, 0, 0, 0
vb0[451]+072 COLOR: 1.0, 0.5019607843137255, 0.5019607843137255, 0.5019607843137255
vb0[451]+076 TEXCOORD: 0.5025145411491394, 0.4411880075931549

vb0[452]+000 POSITION: 0.009754824452102184, 1.3293147087097168, 0.10977894812822342
vb0[452]+012 NORMAL: -0.2760443091392517, -0.5546793341636658, -0.784939706325531
vb0[452]+024 TANGENT: -0.26359689235687256, -0.6679474115371704, -0.6959618926048279, -1.0
vb0[452]+040 BLENDWEIGHT: 1.0, 0.0, 0.0, 0.0
vb0[452]+056 BLENDINDICES: 2, 0, 0, 0
vb0[452]+072 COLOR: 1.0, 0.0, 0.5019607843137255, 0.0
vb0[452]+076 TEXCOORD: 0.7894315123558044, 0.1032399982213974

vb0[453]+000 POSITION: 0.009745263494551182, 1.3285503387451172, 0.11055269837379456
vb0[453]+012 NORMAL: -0.009331844747066498, -0.9995026588439941, 0.03012397699058056
vb0[453]+024 TANGENT: -0.15999329090118408, -0.9581394791603088, -0.2374255657196045, -1.0
vb0[453]+040 BLENDWEIGHT: 1.0, 0.0, 0.0, 0.0
vb0[453]+056 BLENDINDICES: 2, 0, 0, 0
vb0[453]+072 COLOR: 1.0, 0.0, 0.5019607843137255, 0.0
vb0[453]+076 TEXCOORD: 0.7909815311431885, 0.10591299831867218

vb0[454]+000 POSITION: 0.007281092926859856, 1.3296104669570923, 0.11036615073680878
vb0[454]+012 NORMAL: -0.14789430797100067, -0.6480453610420227, -0.7471041083335876
vb0[454]+024 TANGENT: -0.13240110874176025, -0.7426723837852478, -0.6564356088638306, -1.0
vb0[454]+040 BLENDWEIGHT: 1.0, 0.0, 0.0, 0.0
vb0[454]+056 BLENDINDICES: 2, 0, 0, 0
vb0[454]+072 COLOR: 1.0, 0.0, 0.5019607843137255, 0.0
vb0[454]+076 TEXCOORD: 0.7807865142822266, 0.10826099663972855

vb0[455]+000 POSITION: 0.007170185446739197, 1.328566312789917, 0.11135135591030121
vb0[455]+012 NORMAL: 0.011663282290101051, -0.9971789121627808, 0.07414945214986801
vb0[455]+024 TANGENT: -0.05899238586425781, -0.9838088154792786, -0.16923440992832184, -1.0
vb0[455]+040 BLENDWEIGHT: 1.0, 0.0, 0.0, 0.0
vb0[455]+056 BLENDINDICES: 2, 0, 0, 0
vb0[455]+072 COLOR: 1.0, 0.0, 0.5019607843137255, 0.0
vb0[455]+076 TEXCOORD: 0.7824265360832214, 0.11229100078344345

vb0[456]+000 POSITION: 0.011939942836761475, 1.3285398483276367, 0.10967094451189041
vb0[456]+012 NORMAL: -0.07738249003887177, -0.9902130961418152, -0.11614678055047989
vb0[456]+024 TANGENT: -0.2341064214706421, -0.9114741086959839, -0.33824434876441956, -1.0
vb0[456]+040 BLENDWEIGHT: 1.0, 0.0, 0.0, 0.0
vb0[456]+056 BLENDINDICES: 2, 0, 0, 0
vb0[456]+072 COLOR: 1.0, 0.0, 0.5019607843137255, 0.0
vb0[456]+076 TEXCOORD: 0.7967644929885864, 0.09853500127792358

vb0[457]+000 POSITION: 0.012389459647238255, 1.3288722038269043, 0.10906416922807693
vb0[457]+012 NORMAL: -0.3225528597831726, -0.5058905482292175, -0.8000214099884033
vb0[457]+024 TANGENT: -0.419666051864624, -0.5693574547767639, -0.7069033980369568, -1.0
vb0[457]+040 BLENDWEIGHT: 1.0, 0.0, 0.0, 0.0
vb0[457]+056 BLENDINDICES: 2, 0, 0, 0
vb0[457]+072 COLOR: 1.0, 0.0, 0.5019607843137255, 0.0
vb0[457]+076 TEXCOORD: 0.7959195375442505, 0.0968490019440651

vb0[458]+000 POSITION: 0.003950298763811588, 1.3297741413116455, 0.11094492673873901
vb0[458]+012 NORMAL: -0.08298995345830917, -0.7070594429969788, -0.7022674083709717
vb0[458]+024 TANGENT: -0.02135908603668213, -0.7871332168579102, -0.6164130568504333, -1.0
vb0[458]+040 BLENDWEIGHT: 1.0, 0.0, 0.0, 0.0
vb0[458]+056 BLENDINDICES: 2, 0, 0, 0
vb0[458]+072 COLOR: 1.0, 0.0, 0.5019607843137255, 0.0
vb0[458]+076 TEXCOORD: 0.7693895101547241, 0.1120460033416748

vb0[459]+000 POSITION: 0.003870556363835931, 1.3285808563232422, 0.11223410069942474
vb0[459]+012 NORMAL: 0.026696640998125076, -0.9930474162101746, 0.11464856564998627
vb0[459]+024 TANGENT: 0.016425132751464844, -0.98965984582901, -0.14249080419540405, -1.0
vb0[459]+040 BLENDWEIGHT: 1.0, 0.0, 0.0, 0.0
vb0[459]+056 BLENDINDICES: 2, 0, 0, 0
vb0[459]+072 COLOR: 1.0, 0.0, 0.5019607843137255, 0.0
vb0[459]+076 TEXCOORD: 0.7705245018005371, 0.11742600053548813

vb0[460]+000 POSITION: -3.4727122510958e-08, 1.3298200368881226, 0.11125347763299942
vb0[460]+012 NORMAL: 0.0, -0.7419806122779846, -0.6704213619232178
vb0[460]+024 TANGENT: 0.0, -0.7972612977027893, -0.6036343574523926, -1.0
vb0[460]+040 BLENDWEIGHT: 1.0, 0.0, 0.0, 0.0
vb0[460]+056 BLENDINDICES: 2, 0, 0, 0
vb0[460]+072 COLOR: 1.0, 0.0, 0.5019607843137255, 0.0
vb0[460]+076 TEXCOORD: 0.7563995122909546, 0.11390800029039383

vb0[461]+000 POSITION: -3.4727122510958e-08, 1.3285759687423706, 0.11276723444461823
vb0[461]+012 NORMAL: -1.2094050134692225e-06, -0.9923039078712463, 0.12382631003856659
vb0[461]+024 TANGENT: 0.0, -0.9908443093299866, -0.1350095272064209, -1.0
vb0[461]+040 BLENDWEIGHT: 1.0, 0.0, 0.0, 0.0
vb0[461]+056 BLENDINDICES: 2, 0, 0, 0
vb0[461]+072 COLOR: 1.0, 0.0, 0.5019607843137255, 0.0
vb0[461]+076 TEXCOORD: 0.7563995122909546, 0.12000499665737152

vb0[462]+000 POSITION: 0.012666589580476284, 1.328541874885559, 0.10937214642763138
vb0[462]+012 NORMAL: -0.08744199573993683, -0.9921563863754272, -0.0893288105726242
vb0[462]+024 TANGENT: -0.4032231867313385, -0.8874048590660095, -0.22343632578849792, -1.0
vb0[462]+040 BLENDWEIGHT: 1.0, 0.0, 0.0, 0.0
vb0[462]+056 BLENDINDICES: 2, 0, 0, 0
vb0[462]+072 COLOR: 1.0, 0.0, 0.5019607843137255, 0.0
vb0[462]+076 TEXCOORD: 0.7983145117759705, 0.09583000093698502

vb0[463]+000 POSITION: 0.012793282978236675, 1.3285415172576904, 0.10930785536766052
vb0[463]+012 NORMAL: -0.8958839774131775, 0.3637251555919647, -0.25513896346092224
vb0[463]+024 TANGENT: -0.9389170408248901, -0.16839216649532318, 0.3001314401626587, -1.0
vb0[463]+040 BLENDWEIGHT: 1.0, 0.0, 0.0, 0.0
vb0[463]+056 BLENDINDICES: 2, 0, 0, 0
vb0[463]+072 COLOR: 1.0, 0.0, 0.5019607843137255, 0.0
vb0[463]+076 TEXCOORD: 0.7984905242919922, 0.09541399776935577

vb0[464]+000 POSITION: 0.013019218109548092, 1.32857346534729, 0.10890787839889526
vb0[464]+012 NORMAL: -0.6010237336158752, 0.29146891832351685, -0.7441884279251099
vb0[464]+024 TANGENT: -0.7047844529151917, 0.24602344632148743, -0.6653957366943359, -1.0
vb0[464]+040 BLENDWEIGHT: 1.0, 0.0, 0.0, 0.0
vb0[464]+056 BLENDINDICES: 2, 0, 0, 0
vb0[464]+072 COLOR: 1.0, 0.0, 0.5019607843137255, 0.0
vb0[464]+076 TEXCOORD: 0.7983394861221313, 0.0944179967045784

vb0[465]+000 POSITION: 0.010136195458471775, 1.3321868181228638, 0.10782280564308167
vb0[465]+012 NORMAL: -0.3380180597305298, -0.8363461494445801, -0.43158867955207825
vb0[465]+024 TANGENT: -0.2886849641799927, -0.703210711479187, -0.6497350931167603, -1.0
vb0[465]+040 BLENDWEIGHT: 1.0, 0.0, 0.0, 0.0
vb0[465]+056 BLENDINDICES: 2, 0, 0, 0
vb0[465]+072 COLOR: 1.0, 0.0, 0.5019607843137255, 0.0
vb0[465]+076 TEXCOORD: 0.7854214906692505, 0.09525100141763687

vb0[466]+000 POSITION: -3.470961473794887e-08, 1.3340078592300415, 0.10671290010213852
vb0[466]+012 NORMAL: 0.0, -0.8910143375396729, -0.453975111246109
vb0[466]+024 TANGENT: 0.0, -0.8478184342384338, -0.5302866697311401, -1.0
vb0[466]+040 BLENDWEIGHT: 1.0, 0.0, 0.0, 0.0
vb0[466]+056 BLENDINDICES: 2, 0, 0, 0
vb0[466]+072 COLOR: 1.0, 0.0, 0.5019607843137255, 0.0
vb0[466]+076 TEXCOORD: 0.7563984990119934, 0.10090100020170212

vb0[467]+000 POSITION: 0.004893363453447819, 1.333882212638855, 0.1069445088505745
vb0[467]+012 NORMAL: -0.1218641847372055, -0.887060284614563, -0.44527870416641235
vb0[467]+024 TANGENT: -0.06827902793884277, -0.8453912138938904, -0.529765784740448, -1.0
vb0[467]+040 BLENDWEIGHT: 1.0, 0.0, 0.0, 0.0
vb0[467]+056 BLENDINDICES: 2, 0, 0, 0
vb0[467]+072 COLOR: 1.0, 0.0, 0.5019607843137255, 0.0
vb0[467]+076 TEXCOORD: 0.7675135135650635, 0.0997299998998642

vb0[468]+000 POSITION: 0.01355538796633482, 1.3285746574401855, 0.10818323493003845
vb0[468]+012 NORMAL: -0.9397570490837097, 0.10999757796525955, -0.3236621916294098
vb0[468]+024 TANGENT: -0.8208774328231812, 0.18329906463623047, -0.5408896803855896, -1.0
vb0[468]+040 BLENDWEIGHT: 1.0, 0.0, 0.0, 0.0
vb0[468]+056 BLENDINDICES: 2, 0, 0, 0
vb0[468]+072 COLOR: 1.0, 0.0, 0.5019607843137255, 0.0
vb0[468]+076 TEXCOORD: 0.7990084886550903, 0.09142599999904633

vb0[469]+000 POSITION: 0.013182793743908405, 1.3299707174301147, 0.10819196701049805
vb0[469]+012 NORMAL: -0.6430870890617371, -0.6720663905143738, -0.36710432171821594
vb0[469]+024 TANGENT: -0.6620253324508667, -0.47346577048301697, -0.5809928178787231, -1.0
vb0[469]+040 BLENDWEIGHT: 1.0, 0.0, 0.0, 0.0
vb0[469]+056 BLENDINDICES: 2, 0, 0, 0
vb0[469]+072 COLOR: 1.0, 0.0, 0.5019607843137255, 0.0
vb0[469]+076 TEXCOORD: 0.7958225011825562, 0.0917150005698204

vb0[470]+000 POSITION: 0.014281938783824444, 1.3301767110824585, 0.10350643843412399
vb0[470]+012 NORMAL: -0.7529876232147217, -0.6559174060821533, -0.0527462400496006
vb0[470]+024 TANGENT: -0.8519126772880554, -0.5218200087547302, -0.04414289817214012, -1.0
vb0[470]+040 BLENDWEIGHT: 1.0, 0.0, 0.0, 0.0
vb0[470]+056 BLENDINDICES: 2, 0, 0, 0
vb0[470]+072 COLOR: 1.0, 0.0, 0.5019607843137255, 0.0
vb0[470]+076 TEXCOORD: 0.794764518737793, 0.07726000249385834

vb0[471]+000 POSITION: 0.011023806408047676, 1.3331568241119385, 0.10225027054548264
vb0[471]+012 NORMAL: -0.4815700054168701, -0.8763994574546814, 0.0037822145968675613
vb0[471]+024 TANGENT: -0.49212467670440674, -0.8704141974449158, 0.013873814605176449, -1.0
vb0[471]+040 BLENDWEIGHT: 1.0, 0.0, 0.0, 0.0
vb0[471]+056 BLENDINDICES: 2, 0, 0, 0
vb0[471]+072 COLOR: 1.0, 0.0, 0.5019607843137255, 0.0
vb0[471]+076 TEXCOORD: 0.7837465405464172, 0.08074299991130829

vb0[472]+000 POSITION: 0.005186181981116533, 1.3354432582855225, 0.10059808194637299
vb0[472]+012 NORMAL: -0.20962125062942505, -0.9732004404067993, 0.09455161541700363
vb0[472]+024 TANGENT: -0.1591726541519165, -0.9861926436424255, 0.04569506272673607, -1.0
vb0[472]+040 BLENDWEIGHT: 1.0, 0.0, 0.0, 0.0
vb0[472]+056 BLENDINDICES: 2, 0, 0, 0
vb0[472]+072 COLOR: 1.0, 0.0, 0.5019607843137255, 0.0
vb0[472]+076 TEXCOORD: 0.7663595080375671, 0.08459500223398209

vb0[473]+000 POSITION: -3.472056064879325e-08, 1.3355505466461182, 0.10029394924640656
vb0[473]+012 NORMAL: 0.0, -0.9951322674751282, 0.09854784607887268
vb0[473]+024 TANGENT: 0.0, -0.9985678195953369, 0.053501375019550323, -1.0
vb0[473]+040 BLENDWEIGHT: 1.0, 0.0, 0.0, 0.0
vb0[473]+056 BLENDINDICES: 2, 0, 0, 0
vb0[473]+072 COLOR: 1.0, 0.0, 0.5019607843137255, 0.0
vb0[473]+076 TEXCOORD: 0.7563974857330322, 0.08527600020170212

vb0[474]+000 POSITION: 0.014683451503515244, 1.328698754310608, 0.10370706021785736
vb0[474]+012 NORMAL: -0.9927288293838501, 0.07052939385175705, -0.09754636138677597
vb0[474]+024 TANGENT: -0.991581380367279, 0.09907995909452438, -0.08336292952299118, -1.0
vb0[474]+040 BLENDWEIGHT: 1.0, 0.0, 0.0, 0.0
vb0[474]+056 BLENDINDICES: 2, 0, 0, 0
vb0[474]+072 COLOR: 1.0, 0.0, 0.5019607843137255, 0.0
vb0[474]+076 TEXCOORD: 0.7984585165977478, 0.07677599787712097

vb0[475]+000 POSITION: 0.014059028588235378, 1.3292821645736694, 0.09866296499967575
vb0[475]+012 NORMAL: -0.7509114146232605, -0.6096596121788025, 0.25386422872543335
vb0[475]+024 TANGENT: -0.8427963256835938, -0.4152589738368988, 0.3424244225025177, -1.0
vb0[475]+040 BLENDWEIGHT: 1.0, 0.0, 0.0, 0.0
vb0[475]+056 BLENDINDICES: 2, 0, 0, 0
vb0[475]+072 COLOR: 1.0, 0.0, 0.5019607843137255, 0.0
vb0[475]+076 TEXCOORD: 0.7925015091896057, 0.06266099959611893

vb0[476]+000 POSITION: 0.010786032304167747, 1.3314319849014282, 0.09601028263568878
vb0[476]+012 NORMAL: -0.5053914189338684, -0.7297956347465515, 0.46041056513786316
vb0[476]+024 TANGENT: -0.59859699010849, -0.6005149483680725, 0.530154287815094, -1.0
vb0[476]+040 BLENDWEIGHT: 1.0, 0.0, 0.0, 0.0
vb0[476]+056 BLENDINDICES: 2, 0, 0, 0
vb0[476]+072 COLOR: 1.0, 0.0, 0.5019607843137255, 0.0
vb0[476]+076 TEXCOORD: 0.7804115414619446, 0.06483100354671478

vb0[477]+000 POSITION: 0.004354562144726515, 1.3326445817947388, 0.09286864101886749
vb0[477]+012 NORMAL: -0.24060313403606415, -0.7845468521118164, 0.5714861154556274
vb0[477]+024 TANGENT: -0.2605384588241577, -0.730411171913147, 0.631363034248352, -1.0
vb0[477]+040 BLENDWEIGHT: 1.0, 0.0, 0.0, 0.0
vb0[477]+056 BLENDINDICES: 2, 0, 0, 0
vb0[477]+072 COLOR: 1.0, 0.0, 0.5019607843137255, 0.0
vb0[477]+076 TEXCOORD: 0.7643874883651733, 0.06622699648141861

vb0[478]+000 POSITION: -3.471836862445343e-08, 1.332411289215088, 0.09237948060035706
vb0[478]+012 NORMAL: 0.0, -0.8071867823600769, 0.5902960300445557
vb0[478]+024 TANGENT: 0.0, -0.7571403980255127, 0.6532523036003113, -1.0
vb0[478]+040 BLENDWEIGHT: 1.0, 0.0, 0.0, 0.0
vb0[478]+056 BLENDINDICES: 2, 0, 0, 0
vb0[478]+072 COLOR: 1.0, 0.0, 0.5019607843137255, 0.0
vb0[478]+076 TEXCOORD: 0.7563955187797546, 0.06609199941158295

vb0[479]+000 POSITION: 0.014171282760798931, 1.3283944129943848, 0.09851118922233582
vb0[479]+012 NORMAL: -0.8445370197296143, 0.11034881323575974, 0.5240041613578796
vb0[479]+024 TANGENT: -0.9054850339889526, 0.1185523271560669, 0.40748289227485657, -1.0
vb0[479]+040 BLENDWEIGHT: 1.0, 0.0, 0.0, 0.0
vb0[479]+056 BLENDINDICES: 2, 0, 0, 0
vb0[479]+072 COLOR: 1.0, 0.0, 0.5019607843137255, 0.0
vb0[479]+076 TEXCOORD: 0.7945204973220825, 0.05897099897265434

vb0[480]+000 POSITION: 0.004336993675678968, 1.3287456035614014, 0.09090855717658997
vb0[480]+012 NORMAL: -0.3803783655166626, 0.04294144734740257, 0.9238335490226746
vb0[480]+024 TANGENT: -0.36156633496284485, 0.08432865887880325, 0.928524911403656, -1.0
vb0[480]+040 BLENDWEIGHT: 1.0, 0.0, 0.0, 0.0
vb0[480]+056 BLENDINDICES: 2, 0, 0, 0
vb0[480]+072 COLOR: 1.0, 0.0, 0.5019607843137255, 0.0
vb0[480]+076 TEXCOORD: 0.7632765173912048, 0.057193998247385025

vb0[481]+000 POSITION: -3.471836862445343e-08, 1.3285876512527466, 0.09004190564155579
vb0[481]+012 NORMAL: 0.0, 0.028996139764785767, 0.9995794892311096
vb0[481]+024 TANGENT: 0.0, 0.06003726273775101, 0.9981961846351624, -1.0
vb0[481]+040 BLENDWEIGHT: 1.0, 0.0, 0.0, 0.0
vb0[481]+056 BLENDINDICES: 2, 0, 0, 0
vb0[481]+072 COLOR: 1.0, 0.0, 0.5019607843137255, 0.0
vb0[481]+076 TEXCOORD: 0.7563955187797546, 0.05707399919629097

vb0[482]+000 POSITION: -3.471836862445343e-08, 1.32508385181427, 0.09251095354557037
vb0[482]+012 NORMAL: 0.0, 0.9075454473495483, 0.41995394229888916
vb0[482]+024 TANGENT: 0.0, 0.85731440782547, 0.5147930979728699, -1.0
vb0[482]+040 BLENDWEIGHT: 1.0, 0.0, 0.0, 0.0
vb0[482]+056 BLENDINDICES: 2, 0, 0, 0
vb0[482]+072 COLOR: 1.0, 0.0, 0.5019607843137255, 0.0
vb0[482]+076 TEXCOORD: 0.7563945055007935, 0.04887000098824501

vb0[483]+000 POSITION: 0.004374189302325249, 1.3255339860916138, 0.09341519325971603
vb0[483]+012 NORMAL: -0.2622426748275757, 0.8776845335960388, 0.4011216163635254
vb0[483]+024 TANGENT: -0.26985815167427063, 0.832895040512085, 0.48317959904670715, -1.0
vb0[483]+040 BLENDWEIGHT: 1.0, 0.0, 0.0, 0.0
vb0[483]+056 BLENDINDICES: 2, 0, 0, 0
vb0[483]+072 COLOR: 1.0, 0.0, 0.5019607843137255, 0.0
vb0[483]+076 TEXCOORD: 0.7650735378265381, 0.049017999321222305

vb0[484]+000 POSITION: -3.4719462860266503e-08, 1.3239513635635376, 0.10049193352460861
vb0[484]+012 NORMAL: 0.0, 0.9997864365577698, -0.02066933549940586
vb0[484]+024 TANGENT: 0.0, 0.9976211190223694, -0.06893563270568848, -1.0
vb0[484]+040 BLENDWEIGHT: 1.0, 0.0, 0.0, 0.0
vb0[484]+056 BLENDINDICES: 2, 0, 0, 0
vb0[484]+072 COLOR: 1.0, 0.0, 0.5019607843137255, 0.0
vb0[484]+076 TEXCOORD: 0.7563934922218323, 0.031530000269412994

vb0[485]+000 POSITION: 0.004372788593173027, 1.3242466449737549, 0.10107456892728806
vb0[485]+012 NORMAL: -0.15199615061283112, 0.9880202412605286, -0.02670694701373577
vb0[485]+024 TANGENT: -0.131158709526062, 0.9896273612976074, -0.05860954150557518, -1.0
vb0[485]+040 BLENDWEIGHT: 1.0, 0.0, 0.0, 0.0
vb0[485]+056 BLENDINDICES: 2, 0, 0, 0
vb0[485]+072 COLOR: 1.0, 0.0, 0.5019607843137255, 0.0
vb0[485]+076 TEXCOORD: 0.7671205401420593, 0.03163899853825569

vb0[486]+000 POSITION: -3.470961473794887e-08, 1.3257402181625366, 0.10670717060565948
vb0[486]+012 NORMAL: 0.0, 0.9364039301872253, -0.3509241044521332
vb0[486]+024 TANGENT: 0.0, 0.8909004330635071, -0.4541987478733063, -1.0
vb0[486]+040 BLENDWEIGHT: 1.0, 0.0, 0.0, 0.0
vb0[486]+056 BLENDINDICES: 2, 0, 0, 0
vb0[486]+072 COLOR: 1.0, 0.0, 0.5019607843137255, 0.0
vb0[486]+076 TEXCOORD: 0.7563925385475159, 0.016781000420451164

vb0[487]+000 POSITION: 0.004094219766557217, 1.325819969177246, 0.10699333250522614
vb0[487]+012 NORMAL: -0.06587506085634232, 0.9359098672866821, -0.346024751663208
vb0[487]+024 TANGENT: -0.03903066739439964, 0.8951505422592163, -0.4440518021583557, -1.0
vb0[487]+040 BLENDWEIGHT: 1.0, 0.0, 0.0, 0.0
vb0[487]+056 BLENDINDICES: 2, 0, 0, 0
vb0[487]+072 COLOR: 1.0, 0.0, 0.5019607843137255, 0.0
vb0[487]+076 TEXCOORD: 0.768107533454895, 0.016993999481201172

vb0[488]+000 POSITION: 0.003989832941442728, 1.3281807899475098, 0.1112532913684845
vb0[488]+012 NORMAL: -0.08527039736509323, 0.8588916063308716, -0.5050091743469238
vb0[488]+024 TANGENT: -0.0014793873997405171, 0.9376041293144226, -0.34770163893699646, -1.0
vb0[488]+040 BLENDWEIGHT: 1.0, 0.0, 0.0, 0.0
vb0[488]+056 BLENDINDICES: 2, 0, 0, 0
vb0[488]+072 COLOR: 1.0, 0.0, 0.5019607843137255, 0.0
vb0[488]+076 TEXCOORD: 0.7691675424575806, 0.0069160000421106815

vb0[489]+000 POSITION: -3.470961473794887e-08, 1.328150749206543, 0.11158161610364914
vb0[489]+012 NORMAL: 1.7183175771151582e-07, 0.8816086053848267, -0.47198137640953064
vb0[489]+024 TANGENT: 0.0, 0.9426752924919128, -0.3337114751338959, -1.0
vb0[489]+040 BLENDWEIGHT: 1.0, 0.0, 0.0, 0.0
vb0[489]+056 BLENDINDICES: 2, 0, 0, 0
vb0[489]+072 COLOR: 1.0, 0.0, 0.5019607843137255, 0.0
vb0[489]+076 TEXCOORD: 0.7563915252685547, 0.005805000197142363

vb0[490]+000 POSITION: 0.0038836258463561535, 1.3288214206695557, 0.11193348467350006
vb0[490]+012 NORMAL: 0.10197137296199799, 0.8939996361732483, 0.4363099932670593
vb0[490]+024 TANGENT: 0.045710090547800064, 0.9644262194633484, 0.26037049293518066, -1.0
vb0[490]+040 BLENDWEIGHT: 1.0, 0.0, 0.0, 0.0
vb0[490]+056 BLENDINDICES: 2, 0, 0, 0
vb0[490]+072 COLOR: 1.0, 0.0, 0.5019607843137255, 0.0
vb0[490]+076 TEXCOORD: 0.7698014974594116, 0.0031049998942762613

vb0[491]+000 POSITION: -3.4744633836680805e-08, 1.3287731409072876, 0.1124265193939209
vb0[491]+012 NORMAL: -1.3648369190377707e-07, 0.8916786909103394, 0.4526688754558563
vb0[491]+024 TANGENT: 0.0, 0.9644498229026794, 0.2642659842967987, -1.0
vb0[491]+040 BLENDWEIGHT: 1.0, 0.0, 0.0, 0.0
vb0[491]+056 BLENDINDICES: 2, 0, 0, 0
vb0[491]+072 COLOR: 1.0, 0.0, 0.5019607843137255, 0.0
vb0[491]+076 TEXCOORD: 0.7563915252685547, 0.0012910000514239073

vb0[492]+000 POSITION: 0.007142252754420042, 1.328777551651001, 0.11105627566576004
vb0[492]+012 NORMAL: 0.1930256187915802, 0.8194423913955688, 0.5396807789802551
vb0[492]+024 TANGENT: 0.14049077033996582, 0.961173951625824, 0.23750163614749908, -1.0
vb0[492]+040 BLENDWEIGHT: 1.0, 0.0, 0.0, 0.0
vb0[492]+056 BLENDINDICES: 2, 0, 0, 0
vb0[492]+072 COLOR: 1.0, 0.0, 0.5019607843137255, 0.0
vb0[492]+076 TEXCOORD: 0.7808985114097595, 0.00761799979954958

vb0[493]+000 POSITION: 0.007323243655264378, 1.328420877456665, 0.11052384227514267
vb0[493]+012 NORMAL: -0.09938807040452957, 0.8272445201873779, -0.552981436252594
vb0[493]+024 TANGENT: 0.0036646726075559855, 0.9202449917793274, -0.3913257420063019, -1.0
vb0[493]+040 BLENDWEIGHT: 1.0, 0.0, 0.0, 0.0
vb0[493]+056 BLENDINDICES: 2, 0, 0, 0
vb0[493]+072 COLOR: 1.0, 0.0, 0.5019607843137255, 0.0
vb0[493]+076 TEXCOORD: 0.7800405025482178, 0.010267999954521656

vb0[494]+000 POSITION: 0.009624553844332695, 1.3287321329116821, 0.11034120619297028
vb0[494]+012 NORMAL: 0.28326913714408875, 0.7128213047981262, 0.6415951251983643
vb0[494]+024 TANGENT: 0.17175181210041046, 0.9689971208572388, 0.1776118129491806, -1.0
vb0[494]+040 BLENDWEIGHT: 1.0, 0.0, 0.0, 0.0
vb0[494]+056 BLENDINDICES: 2, 0, 0, 0
vb0[494]+072 COLOR: 1.0, 0.0, 0.5019607843137255, 0.0
vb0[494]+076 TEXCOORD: 0.7882615327835083, 0.013807999901473522

vb0[495]+000 POSITION: 0.009774812497198582, 1.3283045291900635, 0.10980919748544693
vb0[495]+012 NORMAL: -0.1881086528301239, 0.7492165565490723, -0.635050892829895
vb0[495]+024 TANGENT: -0.07118785381317139, 0.8919617533683777, -0.4464712142944336, -1.0
vb0[495]+040 BLENDWEIGHT: 1.0, 0.0, 0.0, 0.0
vb0[495]+056 BLENDINDICES: 2, 0, 0, 0
vb0[495]+072 COLOR: 1.0, 0.0, 0.5019607843137255, 0.0
vb0[495]+076 TEXCOORD: 0.7876474857330322, 0.015611999668180943

vb0[496]+000 POSITION: 0.011813653632998466, 1.3287173509597778, 0.10949725657701492
vb0[496]+012 NORMAL: 0.17876872420310974, 0.8567845821380615, 0.4836960732936859
vb0[496]+024 TANGENT: 0.059205178171396255, 0.9919734001159668, 0.11173035204410553, -1.0
vb0[496]+040 BLENDWEIGHT: 1.0, 0.0, 0.0, 0.0
vb0[496]+056 BLENDINDICES: 2, 0, 0, 0
vb0[496]+072 COLOR: 1.0, 0.0, 0.5019607843137255, 0.0
vb0[496]+076 TEXCOORD: 0.7936215400695801, 0.02036299929022789

vb0[497]+000 POSITION: 0.012072981335222721, 1.32828950881958, 0.10893627256155014
vb0[497]+012 NORMAL: -0.18073692917823792, 0.7114894986152649, -0.6790558099746704
vb0[497]+024 TANGENT: -0.21216510236263275, 0.8617584109306335, -0.46082353591918945, -1.0
vb0[497]+040 BLENDWEIGHT: 1.0, 0.0, 0.0, 0.0
vb0[497]+056 BLENDINDICES: 2, 0, 0, 0
vb0[497]+072 COLOR: 1.0, 0.0, 0.5019607843137255, 0.0
vb0[497]+076 TEXCOORD: 0.7933304905891418, 0.02168099954724312

vb0[498]+000 POSITION: 0.012654543854296207, 1.328587293624878, 0.1093234196305275
vb0[498]+012 NORMAL: 0.2359432876110077, 0.5774498581886292, 0.7815897464752197
vb0[498]+024 TANGENT: -0.22357331216335297, 0.9401121139526367, 0.2573018968105316, -1.0
vb0[498]+040 BLENDWEIGHT: 1.0, 0.0, 0.0, 0.0
vb0[498]+056 BLENDINDICES: 2, 0, 0, 0
vb0[498]+072 COLOR: 1.0, 0.0, 0.5019607843137255, 0.0
vb0[498]+076 TEXCOORD: 0.7954944968223572, 0.02256299927830696

vb0[499]+000 POSITION: 0.012793282978236675, 1.3285415172576904, 0.10930785536766052
vb0[499]+012 NORMAL: -0.8958839774131775, 0.3637251555919647, -0.25513896346092224
vb0[499]+024 TANGENT: -0.9389170408248901, -0.16839216649532318, 0.3001314401626587, -1.0
vb0[499]+040 BLENDWEIGHT: 1.0, 0.0, 0.0, 0.0
vb0[499]+056 BLENDINDICES: 2, 0, 0, 0
vb0[499]+072 COLOR: 1.0, 0.0, 0.5019607843137255, 0.0
vb0[499]+076 TEXCOORD: 0.7958835363388062, 0.022549999877810478

vb0[500]+000 POSITION: 0.013019218109548092, 1.32857346534729, 0.10890787839889526
vb0[500]+012 NORMAL: -0.6010237336158752, 0.29146891832351685, -0.7441884279251099
vb0[500]+024 TANGENT: -0.7047844529151917, 0.24602344632148743, -0.6653957366943359, -1.0
vb0[500]+040 BLENDWEIGHT: 1.0, 0.0, 0.0, 0.0
vb0[500]+056 BLENDINDICES: 2, 0, 0, 0
vb0[500]+072 COLOR: 1.0, 0.0, 0.5019607843137255, 0.0
vb0[500]+076 TEXCOORD: 0.7958264946937561, 0.02345299907028675

vb0[501]+000 POSITION: 0.00980371329933405, 1.326558232307434, 0.10771901160478592
vb0[501]+012 NORMAL: -0.15506191551685333, 0.9364345669746399, -0.3147159516811371
vb0[501]+024 TANGENT: -0.13944901525974274, 0.8477511405944824, -0.5117343068122864, -1.0
vb0[501]+040 BLENDWEIGHT: 1.0, 0.0, 0.0, 0.0
vb0[501]+056 BLENDINDICES: 2, 0, 0, 0
vb0[501]+072 COLOR: 1.0, 0.0, 0.5019607843137255, 0.0
vb0[501]+076 TEXCOORD: 0.7851325273513794, 0.0217250008136034

vb0[502]+000 POSITION: 0.012916452251374722, 1.3274742364883423, 0.10804323107004166
vb0[502]+012 NORMAL: -0.4258086681365967, 0.8687860369682312, -0.25278007984161377
vb0[502]+024 TANGENT: -0.4826301634311676, 0.7386878132820129, -0.47054073214530945, -1.0
vb0[502]+040 BLENDWEIGHT: 1.0, 0.0, 0.0, 0.0
vb0[502]+056 BLENDINDICES: 2, 0, 0, 0
vb0[502]+072 COLOR: 1.0, 0.0, 0.5019607843137255, 0.0
vb0[502]+076 TEXCOORD: 0.7938485145568848, 0.025908999145030975

vb0[503]+000 POSITION: 0.01355538796633482, 1.3285746574401855, 0.10818323493003845
vb0[503]+012 NORMAL: -0.9397570490837097, 0.10999757796525955, -0.3236621916294098
vb0[503]+024 TANGENT: -0.8208774328231812, 0.18329906463623047, -0.5408896803855896, -1.0
vb0[503]+040 BLENDWEIGHT: 1.0, 0.0, 0.0, 0.0
vb0[503]+056 BLENDINDICES: 2, 0, 0, 0
vb0[503]+072 COLOR: 1.0, 0.0, 0.5019607843137255, 0.0
vb0[503]+076 TEXCOORD: 0.7970035076141357, 0.025888999924063683

vb0[504]+000 POSITION: 0.014024821110069752, 1.3272935152053833, 0.10352608561515808
vb0[504]+012 NORMAL: -0.5576350688934326, 0.826557993888855, -0.07645305246114731
vb0[504]+024 TANGENT: -0.6786077618598938, 0.7319086194038391, -0.06165582686662674, -1.0
vb0[504]+040 BLENDWEIGHT: 1.0, 0.0, 0.0, 0.0
vb0[504]+056 BLENDINDICES: 2, 0, 0, 0
vb0[504]+072 COLOR: 1.0, 0.0, 0.5019607843137255, 0.0
vb0[504]+076 TEXCOORD: 0.7940735220909119, 0.038701001554727554

vb0[505]+000 POSITION: 0.01045049075037241, 1.3257256746292114, 0.10259322822093964
vb0[505]+012 NORMAL: -0.26626601815223694, 0.9624795317649841, -0.05230118706822395
vb0[505]+024 TANGENT: -0.27304354310035706, 0.9611695408821106, -0.0400046743452549, -1.0
vb0[505]+040 BLENDWEIGHT: 1.0, 0.0, 0.0, 0.0
vb0[505]+056 BLENDINDICES: 2, 0, 0, 0
vb0[505]+072 COLOR: 1.0, 0.0, 0.5019607843137255, 0.0
vb0[505]+076 TEXCOORD: 0.7839134931564331, 0.035078998655080795

vb0[506]+000 POSITION: 0.014683451503515244, 1.328698754310608, 0.10370706021785736
vb0[506]+012 NORMAL: -0.9927288293838501, 0.07052939385175705, -0.09754636138677597
vb0[506]+024 TANGENT: -0.991581380367279, 0.09907995909452438, -0.08336292952299118, -1.0
vb0[506]+040 BLENDWEIGHT: 1.0, 0.0, 0.0, 0.0
vb0[506]+056 BLENDINDICES: 2, 0, 0, 0
vb0[506]+072 COLOR: 1.0, 0.0, 0.5019607843137255, 0.0
vb0[506]+076 TEXCOORD: 0.7979375123977661, 0.03948500007390976

vb0[507]+000 POSITION: 0.013951295055449009, 1.327584981918335, 0.09888622909784317
vb0[507]+012 NORMAL: -0.5357546210289001, 0.8279657363891602, 0.16564932465553284
vb0[507]+024 TANGENT: -0.701115071773529, 0.65421462059021, 0.2836209535598755, -1.0
vb0[507]+040 BLENDWEIGHT: 1.0, 0.0, 0.0, 0.0
vb0[507]+056 BLENDINDICES: 2, 0, 0, 0
vb0[507]+072 COLOR: 1.0, 0.0, 0.5019607843137255, 0.0
vb0[507]+076 TEXCOORD: 0.7924785017967224, 0.05264599993824959

vb0[508]+000 POSITION: 0.010616005398333073, 1.326552152633667, 0.09657372534275055
vb0[508]+012 NORMAL: -0.3644355535507202, 0.8766851425170898, 0.3140222430229187
vb0[508]+024 TANGENT: -0.4502681493759155, 0.7873203754425049, 0.4211711883544922, -1.0
vb0[508]+040 BLENDWEIGHT: 1.0, 0.0, 0.0, 0.0
vb0[508]+056 BLENDINDICES: 2, 0, 0, 0
vb0[508]+072 COLOR: 1.0, 0.0, 0.5019607843137255, 0.0
vb0[508]+076 TEXCOORD: 0.7815495133399963, 0.0507499985396862

vb0[509]+000 POSITION: 0.014171282760798931, 1.3283944129943848, 0.09851118922233582
vb0[509]+012 NORMAL: -0.8445370197296143, 0.11034881323575974, 0.5240041613578796
vb0[509]+024 TANGENT: -0.9054850339889526, 0.1185523271560669, 0.40748289227485657, -1.0
vb0[509]+040 BLENDWEIGHT: 1.0, 0.0, 0.0, 0.0
vb0[509]+056 BLENDINDICES: 2, 0, 0, 0
vb0[509]+072 COLOR: 1.0, 0.0, 0.5019607843137255, 0.0
vb0[509]+076 TEXCOORD: 0.7935904860496521, 0.05525000020861626

vb0[510]+000 POSITION: 0.010503826662898064, 1.3287245035171509, 0.09473979473114014
vb0[510]+012 NORMAL: -0.5733228921890259, 0.08759762346744537, 0.8146333694458008
vb0[510]+024 TANGENT: -0.6177772283554077, 0.12344527244567871, 0.7766032218933105, -1.0
vb0[510]+040 BLENDWEIGHT: 1.0, 0.0, 0.0, 0.0
vb0[510]+056 BLENDINDICES: 2, 0, 0, 0
vb0[510]+072 COLOR: 1.0, 0.0, 0.5019607843137255, 0.0
vb0[510]+076 TEXCOORD: 0.7792724967002869, 0.05749699845910072

vb0[511]+000 POSITION: -0.06178369000554085, 1.4583762884140015, 0.09095627814531326
vb0[511]+012 NORMAL: -0.6960067749023438, 0.2453429400920868, 0.6748194694519043
vb0[511]+024 TANGENT: -0.7105689644813538, 0.22904440760612488, 0.6653047204017639, -1.0
vb0[511]+040 BLENDWEIGHT: 1.0, 0.0, 0.0, 0.0
vb0[511]+056 BLENDINDICES: 2, 0, 0, 0
vb0[511]+072 COLOR: 1.0, 0.5019607843137255, 0.5019607843137255, 0.5019607843137255
vb0[511]+076 TEXCOORD: 0.7029474973678589, 0.781669020652771

vb0[512]+000 POSITION: -0.0691903680562973, 1.4552478790283203, 0.08286531269550323
vb0[512]+012 NORMAL: -0.8095378279685974, 0.22548416256904602, 0.5420383810997009
vb0[512]+024 TANGENT: -0.8106818795204163, 0.21624638140201569, 0.54408860206604, -1.0
vb0[512]+040 BLENDWEIGHT: 1.0, 0.0, 0.0, 0.0
vb0[512]+056 BLENDINDICES: 2, 0, 0, 0
vb0[512]+072 COLOR: 1.0, 0.5019607843137255, 0.5019607843137255, 0.5019607843137255
vb0[512]+076 TEXCOORD: 0.733304500579834, 0.7700480222702026

vb0[513]+000 POSITION: -0.06290287524461746, 1.4453264474868774, 0.0932781845331192
vb0[513]+012 NORMAL: -0.6752312779426575, 0.16321709752082825, 0.7193211317062378
vb0[513]+024 TANGENT: -0.6908214092254639, 0.15197241306304932, 0.7068735361099243, -1.0
vb0[513]+040 BLENDWEIGHT: 1.0, 0.0, 0.0, 0.0
vb0[513]+056 BLENDINDICES: 2, 0, 0, 0
vb0[513]+072 COLOR: 1.0, 0.5019607843137255, 0.5019607843137255, 0.5019607843137255
vb0[513]+076 TEXCOORD: 0.6993775367736816, 0.7429630160331726

vb0[514]+000 POSITION: -0.05071989446878433, 1.4606651067733765, 0.10028836876153946
vb0[514]+012 NORMAL: -0.5888899564743042, 0.22217383980751038, 0.7770761847496033
vb0[514]+024 TANGENT: -0.5860821604728699, 0.2152557373046875, 0.7811354994773865, -1.0
vb0[514]+040 BLENDWEIGHT: 1.0, 0.0, 0.0, 0.0
vb0[514]+056 BLENDINDICES: 2, 0, 0, 0
vb0[514]+072 COLOR: 1.0, 0.5019607843137255, 0.5019607843137255, 0.5019607843137255
vb0[514]+076 TEXCOORD: 0.6583865284919739, 0.7916610240936279

vb0[515]+000 POSITION: -0.03799288719892502, 1.4802613258361816, 0.10153476148843765
vb0[515]+012 NORMAL: -0.4607152044773102, 0.38222527503967285, 0.8010277152061462
vb0[515]+024 TANGENT: -0.46349000930786133, 0.37953972816467285, 0.8007038235664368, -1.0
vb0[515]+040 BLENDWEIGHT: 1.0, 0.0, 0.0, 0.0
vb0[515]+056 BLENDINDICES: 2, 0, 0, 0
vb0[515]+072 COLOR: 1.0, 0.5019607843137255, 0.5019607843137255, 0.5019607843137255
vb0[515]+076 TEXCOORD: 0.6211175322532654, 0.856902003288269

vb0[516]+000 POSITION: -0.04965291917324066, 1.4781322479248047, 0.09443812817335129
vb0[516]+012 NORMAL: -0.6104106307029724, 0.36840230226516724, 0.7011979222297668
vb0[516]+024 TANGENT: -0.6065542697906494, 0.3699723482131958, 0.7037132978439331, -1.0
vb0[516]+040 BLENDWEIGHT: 1.0, 0.0, 0.0, 0.0
vb0[516]+056 BLENDINDICES: 2, 0, 0, 0
vb0[516]+072 COLOR: 1.0, 0.5019607843137255, 0.5019607843137255, 0.5019607843137255
vb0[516]+076 TEXCOORD: 0.6656695008277893, 0.8475210070610046

vb0[517]+000 POSITION: -0.06012018397450447, 1.474734902381897, 0.08513212949037552
vb0[517]+012 NORMAL: -0.7174112200737, 0.3559698164463043, 0.5988377928733826
vb0[517]+024 TANGENT: -0.7251288890838623, 0.3544595241546631, 0.5903782844543457, -1.0
vb0[517]+040 BLENDWEIGHT: 1.0, 0.0, 0.0, 0.0
vb0[517]+056 BLENDINDICES: 2, 0, 0, 0
vb0[517]+072 COLOR: 1.0, 0.5019607843137255, 0.5019607843137255, 0.5019607843137255
vb0[517]+076 TEXCOORD: 0.7118635177612305, 0.8332499861717224

vb0[518]+000 POSITION: -0.07525830715894699, 1.4654499292373657, 0.06694817543029785
vb0[518]+012 NORMAL: -0.8762850165367126, 0.27133867144584656, 0.3981204628944397
vb0[518]+024 TANGENT: -0.879356324672699, 0.26703131198883057, 0.3942420482635498, -1.0
vb0[518]+040 BLENDWEIGHT: 1.0, 0.0, 0.0, 0.0
vb0[518]+056 BLENDINDICES: 2, 0, 0, 0
vb0[518]+072 COLOR: 1.0, 0.5019607843137255, 0.5019607843137255, 0.5019607843137255
vb0[518]+076 TEXCOORD: 0.7780355215072632, 0.7983670234680176

vb0[519]+000 POSITION: -0.067405566573143, 1.4709359407424927, 0.0771973580121994
vb0[519]+012 NORMAL: -0.798239529132843, 0.337089478969574, 0.4991838037967682
vb0[519]+024 TANGENT: -0.8019895553588867, 0.32846081256866455, 0.4989250600337982, -1.0
vb0[519]+040 BLENDWEIGHT: 1.0, 0.0, 0.0, 0.0
vb0[519]+056 BLENDINDICES: 2, 0, 0, 0
vb0[519]+072 COLOR: 1.0, 0.5019607843137255, 0.5019607843137255, 0.5019607843137255
vb0[519]+076 TEXCOORD: 0.7428805232048035, 0.8189970254898071

vb0[520]+000 POSITION: -0.06543945521116257, 1.4857264757156372, 0.06813406944274902
vb0[520]+012 NORMAL: -0.7968986630439758, 0.3867444097995758, 0.46409186720848083
vb0[520]+024 TANGENT: -0.7946728467941284, 0.38771650195121765, 0.46708783507347107, -1.0
vb0[520]+040 BLENDWEIGHT: 1.0, 0.0, 0.0, 0.0
vb0[520]+056 BLENDINDICES: 2, 0, 0, 0
vb0[520]+072 COLOR: 1.0, 0.5019607843137255, 0.5019607843137255, 0.5019607843137255
vb0[520]+076 TEXCOORD: 0.7617635130882263, 0.8698700070381165

vb0[521]+000 POSITION: -0.058498453348875046, 1.4902431964874268, 0.07531806081533432
vb0[521]+012 NORMAL: -0.7289433479309082, 0.4188808500766754, 0.5414613485336304
vb0[521]+024 TANGENT: -0.7273156642913818, 0.41650986671447754, 0.5454643964767456, -1.0
vb0[521]+040 BLENDWEIGHT: 1.0, 0.0, 0.0, 0.0
vb0[521]+056 BLENDINDICES: 2, 0, 0, 0
vb0[521]+072 COLOR: 1.0, 0.5019607843137255, 0.5019607843137255, 0.5019607843137255
vb0[521]+076 TEXCOORD: 0.7298564910888672, 0.8877360224723816

vb0[522]+000 POSITION: -0.07426219433546066, 1.4785213470458984, 0.05767914652824402
vb0[522]+012 NORMAL: -0.8647648096084595, 0.3335994482040405, 0.375357449054718
vb0[522]+024 TANGENT: -0.870046854019165, 0.3245116174221039, 0.37109383940696716, -1.0
vb0[522]+040 BLENDWEIGHT: 1.0, 0.0, 0.0, 0.0
vb0[522]+056 BLENDINDICES: 2, 0, 0, 0
vb0[522]+072 COLOR: 1.0, 0.5019607843137255, 0.5019607843137255, 0.5019607843137255
vb0[522]+076 TEXCOORD: 0.7974935173988342, 0.8408769965171814

vb0[523]+000 POSITION: -0.08043261617422104, 1.4704793691635132, 0.04702546074986458
vb0[523]+012 NORMAL: -0.9425563216209412, 0.23024563491344452, 0.24202202260494232
vb0[523]+024 TANGENT: -0.9475381374359131, 0.21678851544857025, 0.23489190638065338, -1.0
vb0[523]+040 BLENDWEIGHT: 1.0, 0.0, 0.0, 0.0
vb0[523]+056 BLENDINDICES: 2, 0, 0, 0
vb0[523]+072 COLOR: 1.0, 0.5019607843137255, 0.5019607843137255, 0.5019607843137255
vb0[523]+076 TEXCOORD: 0.8321475386619568, 0.8084859848022461

vb0[524]+000 POSITION: -0.037028100341558456, 1.4975550174713135, 0.0912558063864708
vb0[524]+012 NORMAL: -0.4753621518611908, 0.47387638688087463, 0.7412638068199158
vb0[524]+024 TANGENT: -0.464839905500412, 0.47093522548675537, 0.7497624754905701, -1.0
vb0[524]+040 BLENDWEIGHT: 1.0, 0.0, 0.0, 0.0
vb0[524]+056 BLENDINDICES: 2, 0, 0, 0
vb0[524]+072 COLOR: 1.0, 0.5019607843137255, 0.5019607843137255, 0.5019607843137255
vb0[524]+076 TEXCOORD: 0.6302174925804138, 0.9220309853553772

vb0[525]+000 POSITION: -0.02541828155517578, 1.4994375705718994, 0.09621112793684006
vb0[525]+012 NORMAL: -0.3432251513004303, 0.4841412901878357, 0.8048624992370605
vb0[525]+024 TANGENT: -0.33558130264282227, 0.48102083802223206, 0.8099408149719238, -1.0
vb0[525]+040 BLENDWEIGHT: 1.0, 0.0, 0.0, 0.0
vb0[525]+056 BLENDINDICES: 2, 0, 0, 0
vb0[525]+072 COLOR: 1.0, 0.5019607843137255, 0.5019607843137255, 0.5019607843137255
vb0[525]+076 TEXCOORD: 0.5862635374069214, 0.9281529784202576

vb0[526]+000 POSITION: -0.02557348646223545, 1.4810138940811157, 0.10706450045108795
vb0[526]+012 NORMAL: -0.3326285183429718, 0.3829958438873291, 0.8617844581604004
vb0[526]+024 TANGENT: -0.33884570002555847, 0.38409551978111267, 0.8588679432868958, -1.0
vb0[526]+040 BLENDWEIGHT: 1.0, 0.0, 0.0, 0.0
vb0[526]+056 BLENDINDICES: 2, 0, 0, 0
vb0[526]+072 COLOR: 1.0, 0.5019607843137255, 0.5019607843137255, 0.5019607843137255
vb0[526]+076 TEXCOORD: 0.5799494981765747, 0.8580039739608765

vb0[527]+000 POSITION: -0.048093609511852264, 1.4948748350143433, 0.08445114642381668
vb0[527]+012 NORMAL: -0.61962890625, 0.4498312473297119, 0.6432045102119446
vb0[527]+024 TANGENT: -0.6115022301673889, 0.4477112293243408, 0.6523952484130859, -1.0
vb0[527]+040 BLENDWEIGHT: 1.0, 0.0, 0.0, 0.0
vb0[527]+056 BLENDINDICES: 2, 0, 0, 0
vb0[527]+072 COLOR: 1.0, 0.5019607843137255, 0.5019607843137255, 0.5019607843137255
vb0[527]+076 TEXCOORD: 0.6811155080795288, 0.9072780013084412

vb0[528]+000 POSITION: -0.0841408520936966, 1.4609402418136597, 0.035258229821920395
vb0[528]+012 NORMAL: -0.9812365770339966, 0.1344243288040161, 0.13822078704833984
vb0[528]+024 TANGENT: -0.9841601252555847, 0.11772990971803665, 0.1325465589761734, -1.0
vb0[528]+040 BLENDWEIGHT: 1.0, 0.0, 0.0, 0.0
vb0[528]+056 BLENDINDICES: 2, 0, 0, 0
vb0[528]+072 COLOR: 1.0, 0.5019607843137255, 0.5019607843137255, 0.5019607843137255
vb0[528]+076 TEXCOORD: 0.8652445077896118, 0.7740439772605896

vb0[529]+000 POSITION: -0.08621158450841904, 1.4523676633834839, 0.024470575153827667
vb0[529]+012 NORMAL: -0.9927774667739868, 0.0647045373916626, 0.10102547705173492
vb0[529]+024 TANGENT: -0.9937955141067505, 0.048676490783691406, 0.10000515729188919, -1.0
vb0[529]+040 BLENDWEIGHT: 1.0, 0.0, 0.0, 0.0
vb0[529]+056 BLENDINDICES: 2, 0, 0, 0
vb0[529]+072 COLOR: 1.0, 0.5019607843137255, 0.5019607843137255, 0.5019607843137255
vb0[529]+076 TEXCOORD: 0.8925785422325134, 0.740123987197876

vb0[530]+000 POSITION: -0.08627232164144516, 1.4408233165740967, 0.029927952215075493
vb0[530]+012 NORMAL: -0.995596706867218, 0.03678152337670326, 0.08622267842292786
vb0[530]+024 TANGENT: -0.9955282807350159, 0.0387575663626194, 0.08614695072174072, -1.0
vb0[530]+040 BLENDWEIGHT: 1.0, 0.0, 0.0, 0.0
vb0[530]+056 BLENDINDICES: 2, 0, 0, 0
vb0[530]+072 COLOR: 1.0, 0.5019607843137255, 0.5019607843137255, 0.5019607843137255
vb0[530]+076 TEXCOORD: 0.8819655179977417, 0.7060160040855408

vb0[531]+000 POSITION: -0.012593712657690048, 1.5006437301635742, 0.09994865953922272
vb0[531]+012 NORMAL: -0.21231117844581604, 0.4894031286239624, 0.8458183407783508
vb0[531]+024 TANGENT: -0.20591618120670319, 0.48835307359695435, 0.8480034470558167, -1.0
vb0[531]+040 BLENDWEIGHT: 1.0, 0.0, 0.0, 0.0
vb0[531]+056 BLENDINDICES: 2, 0, 0, 0
vb0[531]+072 COLOR: 1.0, 0.5019607843137255, 0.5019607843137255, 0.5019607843137255
vb0[531]+076 TEXCOORD: 0.5346075296401978, 0.9311839938163757

vb0[532]+000 POSITION: -0.01237728726118803, 1.4813212156295776, 0.1110503152012825
vb0[532]+012 NORMAL: -0.20899948477745056, 0.3847326636314392, 0.8990550637245178
vb0[532]+024 TANGENT: -0.2149118185043335, 0.39186182618141174, 0.8945709466934204, -1.0
vb0[532]+040 BLENDWEIGHT: 1.0, 0.0, 0.0, 0.0
vb0[532]+056 BLENDINDICES: 2, 0, 0, 0
vb0[532]+072 COLOR: 1.0, 0.5019607843137255, 0.5019607843137255, 0.5019607843137255
vb0[532]+076 TEXCOORD: 0.5356724858283997, 0.8554840087890625

vb0[533]+000 POSITION: -0.08738914132118225, 1.430574655532837, 0.01676894724369049
vb0[533]+012 NORMAL: -0.9980233907699585, -0.01234433613717556, 0.06161954998970032
vb0[533]+024 TANGENT: -0.9980871677398682, -0.008349716663360596, 0.06125665083527565, -1.0
vb0[533]+040 BLENDWEIGHT: 1.0, 0.0, 0.0, 0.0
vb0[533]+056 BLENDINDICES: 2, 0, 0, 0
vb0[533]+072 COLOR: 1.0, 0.5019607843137255, 0.5019607843137255, 0.5019607843137255
vb0[533]+076 TEXCOORD: 0.9177545309066772, 0.6663439869880676

vb0[534]+000 POSITION: -0.08704254031181335, 1.418082594871521, 0.021397292613983154
vb0[534]+012 NORMAL: -0.9979674220085144, -0.03425316512584686, 0.05373717099428177
vb0[534]+024 TANGENT: -0.9976287484169006, -0.041163209825754166, 0.055160172283649445, -1.0
vb0[534]+040 BLENDWEIGHT: 1.0, 0.0, 0.0, 0.0
vb0[534]+056 BLENDINDICES: 2, 0, 0, 0
vb0[534]+072 COLOR: 1.0, 0.5019607843137255, 0.5019607843137255, 0.5019607843137255
vb0[534]+076 TEXCOORD: 0.9082195162773132, 0.6329990029335022

vb0[535]+000 POSITION: -0.08771423250436783, 1.4216564893722534, 0.004069095943123102
vb0[535]+012 NORMAL: -0.9987204074859619, -0.031524308025836945, 0.03954601660370827
vb0[535]+024 TANGENT: -0.9986518025398254, -0.03116500750184059, 0.041515231132507324, -1.0
vb0[535]+040 BLENDWEIGHT: 1.0, 0.0, 0.0, 0.0
vb0[535]+056 BLENDINDICES: 2, 0, 0, 0
vb0[535]+072 COLOR: 1.0, 0.5019607843137255, 0.5019607843137255, 0.5019607843137255
vb0[535]+076 TEXCOORD: 0.9514384865760803, 0.6308299899101257

vb0[536]+000 POSITION: -0.0883556380867958, 1.435678482055664, 0.0009993758285418153
vb0[536]+012 NORMAL: -0.9981564879417419, -0.03429541736841202, 0.050074558705091476
vb0[536]+024 TANGENT: -0.9981573224067688, -0.034243758767843246, 0.050092097371816635, -1.0
vb0[536]+040 BLENDWEIGHT: 1.0, 0.0, 0.0, 0.0
vb0[536]+056 BLENDINDICES: 2, 0, 0, 0
vb0[536]+072 COLOR: 1.0, 0.5019607843137255, 0.5019607843137255, 0.5019607843137255
vb0[536]+076 TEXCOORD: 0.9653815031051636, 0.6686829924583435

vb0[537]+000 POSITION: -0.08804529905319214, 1.442075490951538, 0.011430838145315647
vb0[537]+012 NORMAL: -0.9968627691268921, -0.004192291293293238, 0.07903939485549927
vb0[537]+024 TANGENT: -0.9972720742225647, -0.007330238353461027, 0.07344841212034225, -1.0
vb0[537]+040 BLENDWEIGHT: 1.0, 0.0, 0.0, 0.0
vb0[537]+056 BLENDINDICES: 2, 0, 0, 0
vb0[537]+072 COLOR: 1.0, 0.5019607843137255, 0.5019607843137255, 0.5019607843137255
vb0[537]+076 TEXCOORD: 0.9315795302391052, 0.6941260099411011

vb0[538]+000 POSITION: -0.08703256398439407, 1.4088789224624634, 0.009085857309401035
vb0[538]+012 NORMAL: -0.9962469935417175, -0.07677961140871048, 0.039960309863090515
vb0[538]+024 TANGENT: -0.9969623684883118, -0.06592678278684616, 0.04146718978881836, -1.0
vb0[538]+040 BLENDWEIGHT: 1.0, 0.0, 0.0, 0.0
vb0[538]+056 BLENDINDICES: 2, 0, 0, 0
vb0[538]+072 COLOR: 1.0, 0.5019607843137255, 0.5019607843137255, 0.5019607843137255
vb0[538]+076 TEXCOORD: 0.942847490310669, 0.6039130091667175

vb0[539]+000 POSITION: -0.08544697612524033, 1.3987901210784912, 0.013084935955703259
vb0[539]+012 NORMAL: -0.9891993403434753, -0.13898707926273346, 0.04655591398477554
vb0[539]+024 TANGENT: -0.9913418889045715, -0.12229417264461517, 0.04780518636107445, -1.0
vb0[539]+040 BLENDWEIGHT: 1.0, 0.0, 0.0, 0.0
vb0[539]+056 BLENDINDICES: 2, 0, 0, 0
vb0[539]+072 COLOR: 1.0, 0.5019607843137255, 0.5019607843137255, 0.5019607843137255
vb0[539]+076 TEXCOORD: 0.9355325102806091, 0.580456018447876

vb0[540]+000 POSITION: -0.08446488529443741, 1.3935290575027466, 0.016919845715165138
vb0[540]+012 NORMAL: -0.9593328833580017, -0.27338916063308716, 0.07027661055326462
vb0[540]+024 TANGENT: -0.9691276550292969, -0.2402813881635666, 0.05528568848967552, -1.0
vb0[540]+040 BLENDWEIGHT: 1.0, 0.0, 0.0, 0.0
vb0[540]+056 BLENDINDICES: 2, 0, 0, 0
vb0[540]+072 COLOR: 1.0, 0.5019607843137255, 0.5019607843137255, 0.5019607843137255
vb0[540]+076 TEXCOORD: 0.9286985397338867, 0.5533429980278015

vb0[541]+000 POSITION: -0.007170185446739197, 1.328566312789917, 0.11135135591030121
vb0[541]+012 NORMAL: -0.01166236400604248, -0.9971792697906494, 0.07414628565311432
vb0[541]+024 TANGENT: 0.05899227038025856, -0.9838093519210815, -0.16923071444034576, -1.0
vb0[541]+040 BLENDWEIGHT: 1.0, 0.0, 0.0, 0.0
vb0[541]+056 BLENDINDICES: 2, 0, 0, 0
vb0[541]+072 COLOR: 1.0, 0.0, 0.5019607843137255, 0.0
vb0[541]+076 TEXCOORD: 0.7303724884986877, 0.112295001745224

vb0[542]+000 POSITION: -0.009745263494551182, 1.3285503387451172, 0.11055269837379456
vb0[542]+012 NORMAL: 0.009332013316452503, -0.9995026588439941, 0.030123122036457062
vb0[542]+024 TANGENT: 0.15999329090118408, -0.958139955997467, -0.23742365837097168, -1.0
vb0[542]+040 BLENDWEIGHT: 1.0, 0.0, 0.0, 0.0
vb0[542]+056 BLENDINDICES: 2, 0, 0, 0
vb0[542]+072 COLOR: 1.0, 0.0, 0.5019607843137255, 0.0
vb0[542]+076 TEXCOORD: 0.7218165397644043, 0.10591799765825272

vb0[543]+000 POSITION: -0.007281092926859856, 1.3296104669570923, 0.11036615073680878
vb0[543]+012 NORMAL: 0.14789541065692902, -0.6480406522750854, -0.7471078634262085
vb0[543]+024 TANGENT: 0.13240081071853638, -0.7426744103431702, -0.6564333438873291, -1.0
vb0[543]+040 BLENDWEIGHT: 1.0, 0.0, 0.0, 0.0
vb0[543]+056 BLENDINDICES: 2, 0, 0, 0
vb0[543]+072 COLOR: 1.0, 0.0, 0.5019607843137255, 0.0
vb0[543]+076 TEXCOORD: 0.7320114970207214, 0.1082639992237091

vb0[544]+000 POSITION: -0.009754824452102184, 1.3293147087097168, 0.10977894812822342
vb0[544]+012 NORMAL: 0.2760460376739502, -0.5546830296516418, -0.7849364280700684
vb0[544]+024 TANGENT: 0.2635950744152069, -0.6679417490959167, -0.6959678530693054, -1.0
vb0[544]+040 BLENDWEIGHT: 1.0, 0.0, 0.0, 0.0
vb0[544]+056 BLENDINDICES: 2, 0, 0, 0
vb0[544]+072 COLOR: 1.0, 0.0, 0.5019607843137255, 0.0
vb0[544]+076 TEXCOORD: 0.7233654856681824, 0.10324499756097794

vb0[545]+000 POSITION: -0.011939942836761475, 1.3285398483276367, 0.10967094451189041
vb0[545]+012 NORMAL: 0.07736506313085556, -0.9902185797691345, -0.11611077189445496
vb0[545]+024 TANGENT: 0.23408086597919464, -0.911478579044342, -0.3382500112056732, -1.0
vb0[545]+040 BLENDWEIGHT: 1.0, 0.0, 0.0, 0.0
vb0[545]+056 BLENDINDICES: 2, 0, 0, 0
vb0[545]+072 COLOR: 1.0, 0.0, 0.5019607843137255, 0.0
vb0[545]+076 TEXCOORD: 0.7160314917564392, 0.09854099899530411

vb0[546]+000 POSITION: -0.012389459647238255, 1.3288722038269043, 0.10906416922807693
vb0[546]+012 NORMAL: 0.3225538730621338, -0.5058852434158325, -0.8000243902206421
vb0[546]+024 TANGENT: 0.41967421770095825, -0.5693156123161316, -0.7069323658943176, -1.0
vb0[546]+040 BLENDWEIGHT: 1.0, 0.0, 0.0, 0.0
vb0[546]+056 BLENDINDICES: 2, 0, 0, 0
vb0[546]+072 COLOR: 1.0, 0.0, 0.5019607843137255, 0.0
vb0[546]+076 TEXCOORD: 0.7168765068054199, 0.09685400128364563

vb0[547]+000 POSITION: -0.003950298763811588, 1.3297741413116455, 0.11094492673873901
vb0[547]+012 NORMAL: 0.08298992365598679, -0.7070499062538147, -0.7022770047187805
vb0[547]+024 TANGENT: 0.02135908603668213, -0.7871363162994385, -0.6164091229438782, -1.0
vb0[547]+040 BLENDWEIGHT: 1.0, 0.0, 0.0, 0.0
vb0[547]+056 BLENDINDICES: 2, 0, 0, 0
vb0[547]+072 COLOR: 1.0, 0.0, 0.5019607843137255, 0.0
vb0[547]+076 TEXCOORD: 0.7434085011482239, 0.11204800009727478

vb0[548]+000 POSITION: -0.003870556363835931, 1.3285808563232422, 0.11223410069942474
vb0[548]+012 NORMAL: -0.026696447283029556, -0.993044912815094, 0.11466921120882034
vb0[548]+024 TANGENT: -0.016425609588623047, -0.9896599650382996, -0.14249028265476227, -1.0
vb0[548]+040 BLENDWEIGHT: 1.0, 0.0, 0.0, 0.0
vb0[548]+056 BLENDINDICES: 2, 0, 0, 0
vb0[548]+072 COLOR: 1.0, 0.0, 0.5019607843137255, 0.0
vb0[548]+076 TEXCOORD: 0.7422745227813721, 0.1174279972910881

vb0[549]+000 POSITION: -0.012666589580476284, 1.328541874885559, 0.10937214642763138
vb0[549]+012 NORMAL: 0.08746364712715149, -0.9921659231185913, -0.08920057862997055
vb0[549]+024 TANGENT: 0.4032452702522278, -0.8873773813247681, -0.2235056757926941, -1.0
vb0[549]+040 BLENDWEIGHT: 1.0, 0.0, 0.0, 0.0
vb0[549]+056 BLENDINDICES: 2, 0, 0, 0
vb0[549]+072 COLOR: 1.0, 0.0, 0.5019607843137255, 0.0
vb0[549]+076 TEXCOORD: 0.7144815325737, 0.09583599865436554

vb0[550]+000 POSITION: -0.012793282978236675, 1.3285415172576904, 0.10930785536766052
vb0[550]+012 NORMAL: 0.895807147026062, 0.3636874258518219, -0.2554622292518616
vb0[550]+024 TANGENT: 0.9390041828155518, -0.16781926155090332, 0.3001796007156372, -1.0
vb0[550]+040 BLENDWEIGHT: 1.0, 0.0, 0.0, 0.0
vb0[550]+056 BLENDINDICES: 2, 0, 0, 0
vb0[550]+072 COLOR: 1.0, 0.0, 0.5019607843137255, 0.0
vb0[550]+076 TEXCOORD: 0.7143055200576782, 0.0954200029373169

vb0[551]+000 POSITION: -0.013019287027418613, 1.328573226928711, 0.10890787839889526
vb0[551]+012 NORMAL: 0.601049542427063, 0.29157572984695435, -0.7441256642341614
vb0[551]+024 TANGENT: 0.7047755718231201, 0.2460630089044571, -0.6653903722763062, -1.0
vb0[551]+040 BLENDWEIGHT: 1.0, 0.0, 0.0, 0.0
vb0[551]+056 BLENDINDICES: 2, 0, 0, 0
vb0[551]+072 COLOR: 1.0, 0.0, 0.5019607843137255, 0.0
vb0[551]+076 TEXCOORD: 0.7144564986228943, 0.09442400187253952

vb0[552]+000 POSITION: -0.010136195458471775, 1.3321868181228638, 0.10782280564308167
vb0[552]+012 NORMAL: 0.33801764249801636, -0.8363416790962219, -0.4315979480743408
vb0[552]+024 TANGENT: 0.2886846959590912, -0.7032104134559631, -0.6497356295585632, -1.0
vb0[552]+040 BLENDWEIGHT: 1.0, 0.0, 0.0, 0.0
vb0[552]+056 BLENDINDICES: 2, 0, 0, 0
vb0[552]+072 COLOR: 1.0, 0.0, 0.5019607843137255, 0.0
vb0[552]+076 TEXCOORD: 0.7273744940757751, 0.09525500237941742

vb0[553]+000 POSITION: -0.004893432836979628, 1.333882212638855, 0.1069445088505745
vb0[553]+012 NORMAL: 0.12186557054519653, -0.8870614171028137, -0.445276141166687
vb0[553]+024 TANGENT: 0.0682794451713562, -0.8453934788703918, -0.5297620892524719, -1.0
vb0[553]+040 BLENDWEIGHT: 1.0, 0.0, 0.0, 0.0
vb0[553]+056 BLENDINDICES: 2, 0, 0, 0
vb0[553]+072 COLOR: 1.0, 0.0, 0.5019607843137255, 0.0
vb0[553]+076 TEXCOORD: 0.7452835440635681, 0.09973099827766418

vb0[554]+000 POSITION: -0.01355538796633482, 1.3285746574401855, 0.10818323493003845
vb0[554]+012 NORMAL: 0.9397549629211426, 0.10999494791030884, -0.3236692249774933
vb0[554]+024 TANGENT: 0.820875346660614, 0.18329431116580963, -0.540894627571106, -1.0
vb0[554]+040 BLENDWEIGHT: 1.0, 0.0, 0.0, 0.0
vb0[554]+056 BLENDINDICES: 2, 0, 0, 0
vb0[554]+072 COLOR: 1.0, 0.0, 0.5019607843137255, 0.0
vb0[554]+076 TEXCOORD: 0.7137874960899353, 0.09143199771642685

vb0[555]+000 POSITION: -0.013182793743908405, 1.3299707174301147, 0.10819196701049805
vb0[555]+012 NORMAL: 0.6430788040161133, -0.6720602512359619, -0.3671303689479828
vb0[555]+024 TANGENT: 0.6620270013809204, -0.4734655022621155, -0.5809910297393799, -1.0
vb0[555]+040 BLENDWEIGHT: 1.0, 0.0, 0.0, 0.0
vb0[555]+056 BLENDINDICES: 2, 0, 0, 0
vb0[555]+072 COLOR: 1.0, 0.0, 0.5019607843137255, 0.0
vb0[555]+076 TEXCOORD: 0.7169725298881531, 0.09171999990940094

vb0[556]+000 POSITION: -0.014282009564340115, 1.3301767110824585, 0.10350643843412399
vb0[556]+012 NORMAL: 0.7529875636100769, -0.6559173464775085, -0.052747003734111786
vb0[556]+024 TANGENT: 0.8519126772880554, -0.5218203663825989, -0.04413801059126854, -1.0
vb0[556]+040 BLENDWEIGHT: 1.0, 0.0, 0.0, 0.0
vb0[556]+056 BLENDINDICES: 2, 0, 0, 0
vb0[556]+072 COLOR: 1.0, 0.0, 0.5019607843137255, 0.0
vb0[556]+076 TEXCOORD: 0.7180284857749939, 0.07726500183343887

vb0[557]+000 POSITION: -0.011023875325918198, 1.3331568241119385, 0.10225027054548264
vb0[557]+012 NORMAL: 0.4815703332424164, -0.8763992786407471, 0.00379129103384912
vb0[557]+024 TANGENT: 0.4921249449253082, -0.8704140186309814, 0.013877632096409798, -1.0
vb0[557]+040 BLENDWEIGHT: 1.0, 0.0, 0.0, 0.0
vb0[557]+056 BLENDINDICES: 2, 0, 0, 0
vb0[557]+072 COLOR: 1.0, 0.0, 0.5019607843137255, 0.0
vb0[557]+076 TEXCOORD: 0.7290475368499756, 0.08074700087308884

vb0[558]+000 POSITION: -0.0051862518303096294, 1.3354432582855225, 0.10059808194637299
vb0[558]+012 NORMAL: 0.2096211463212967, -0.9731984734535217, 0.09457153081893921
vb0[558]+024 TANGENT: 0.1591728925704956, -0.9861926436424255, 0.04569566249847412, -1.0
vb0[558]+040 BLENDWEIGHT: 1.0, 0.0, 0.0, 0.0
vb0[558]+056 BLENDINDICES: 2, 0, 0, 0
vb0[558]+072 COLOR: 1.0, 0.0, 0.5019607843137255, 0.0
vb0[558]+076 TEXCOORD: 0.7464345097541809, 0.08459699898958206

vb0[559]+000 POSITION: -0.014683520421385765, 1.328698754310608, 0.10370706021785736
vb0[559]+012 NORMAL: 0.9927288293838501, 0.07052930444478989, -0.09754632413387299
vb0[559]+024 TANGENT: 0.9915816187858582, 0.09907996654510498, -0.08336126804351807, -1.0
vb0[559]+040 BLENDWEIGHT: 1.0, 0.0, 0.0, 0.0
vb0[559]+056 BLENDINDICES: 2, 0, 0, 0
vb0[559]+072 COLOR: 1.0, 0.0, 0.5019607843137255, 0.0
vb0[559]+076 TEXCOORD: 0.7143344879150391, 0.07678200304508209

vb0[560]+000 POSITION: -0.0140590975061059, 1.3292821645736694, 0.09866296499967575
vb0[560]+012 NORMAL: 0.7509136199951172, -0.6096627116203308, 0.25385046005249023
vb0[560]+024 TANGENT: 0.8427957892417908, -0.41525885462760925, 0.3424255847930908, -1.0
vb0[560]+040 BLENDWEIGHT: 1.0, 0.0, 0.0, 0.0
vb0[560]+056 BLENDINDICES: 2, 0, 0, 0
vb0[560]+072 COLOR: 1.0, 0.0, 0.5019607843137255, 0.0
vb0[560]+076 TEXCOORD: 0.7202895283699036, 0.06266599893569946

vb0[561]+000 POSITION: -0.010786103084683418, 1.3314319849014282, 0.09601028263568878
vb0[561]+012 NORMAL: 0.5053885579109192, -0.7297919988632202, 0.46041935682296753
vb0[561]+024 TANGENT: 0.5985971093177795, -0.6005157232284546, 0.5301529765129089, -1.0
vb0[561]+040 BLENDWEIGHT: 1.0, 0.0, 0.0, 0.0
vb0[561]+056 BLENDINDICES: 2, 0, 0, 0
vb0[561]+072 COLOR: 1.0, 0.0, 0.5019607843137255, 0.0
vb0[561]+076 TEXCOORD: 0.7323805093765259, 0.06483499705791473

vb0[562]+000 POSITION: -0.004354631528258324, 1.3326445817947388, 0.09286864101886749
vb0[562]+012 NORMAL: 0.24060474336147308, -0.7845507264137268, 0.5714800953865051
vb0[562]+024 TANGENT: 0.2605399489402771, -0.7304126620292664, 0.631360650062561, -1.0
vb0[562]+040 BLENDWEIGHT: 1.0, 0.0, 0.0, 0.0
vb0[562]+056 BLENDINDICES: 2, 0, 0, 0
vb0[562]+072 COLOR: 1.0, 0.0, 0.5019607843137255, 0.0
vb0[562]+076 TEXCOORD: 0.7484045028686523, 0.0662280023097992

vb0[563]+000 POSITION: -0.014171351678669453, 1.3283944129943848, 0.09851118922233582
vb0[563]+012 NORMAL: 0.844553530216217, 0.11035294830799103, 0.523976743221283
vb0[563]+024 TANGENT: 0.9054835438728333, 0.11855316907167435, 0.40748587250709534, -1.0
vb0[563]+040 BLENDWEIGHT: 1.0, 0.0, 0.0, 0.0
vb0[563]+056 BLENDINDICES: 2, 0, 0, 0
vb0[563]+072 COLOR: 1.0, 0.0, 0.5019607843137255, 0.0
vb0[563]+076 TEXCOORD: 0.7182705402374268, 0.05897599831223488

vb0[564]+000 POSITION: -0.004337063059210777, 1.3287456035614014, 0.09090855717658997
vb0[564]+012 NORMAL: 0.3803827464580536, 0.042943138629198074, 0.923831582069397
vb0[564]+024 TANGENT: 0.3615685999393463, 0.08432842046022415, 0.9285240173339844, -1.0
vb0[564]+040 BLENDWEIGHT: 1.0, 0.0, 0.0, 0.0
vb0[564]+056 BLENDINDICES: 2, 0, 0, 0
vb0[564]+072 COLOR: 1.0, 0.0, 0.5019607843137255, 0.0
vb0[564]+076 TEXCOORD: 0.7495145201683044, 0.05719500035047531

vb0[565]+000 POSITION: -0.004374258685857058, 1.3255339860916138, 0.09341519325971603
vb0[565]+012 NORMAL: 0.2622438669204712, 0.8776845335960388, 0.4011208117008209
vb0[565]+024 TANGENT: 0.26985806226730347, 0.8328948616981506, 0.4831799268722534, -1.0
vb0[565]+040 BLENDWEIGHT: 1.0, 0.0, 0.0, 0.0
vb0[565]+056 BLENDINDICES: 2, 0, 0, 0
vb0[565]+072 COLOR: 1.0, 0.0, 0.5019607843137255, 0.0
vb0[565]+076 TEXCOORD: 0.74771648645401, 0.04901900142431259

vb0[566]+000 POSITION: -0.004372857976704836, 1.3242466449737549, 0.10107456892728806
vb0[566]+012 NORMAL: 0.15199613571166992, 0.9880205988883972, -0.026692533865571022
vb0[566]+024 TANGENT: 0.131158709526062, 0.9896273612976074, -0.05860936641693115, -1.0
vb0[566]+040 BLENDWEIGHT: 1.0, 0.0, 0.0, 0.0
vb0[566]+056 BLENDINDICES: 2, 0, 0, 0
vb0[566]+072 COLOR: 1.0, 0.0, 0.5019607843137255, 0.0
vb0[566]+076 TEXCOORD: 0.74566650390625, 0.031640999019145966

vb0[567]+000 POSITION: -0.0040942891500890255, 1.325819969177246, 0.10699333250522614
vb0[567]+012 NORMAL: 0.06587514281272888, 0.935910701751709, -0.34602266550064087
vb0[567]+024 TANGENT: 0.03903084993362427, 0.8951507210731506, -0.4440514147281647, -1.0
vb0[567]+040 BLENDWEIGHT: 1.0, 0.0, 0.0, 0.0
vb0[567]+056 BLENDINDICES: 2, 0, 0, 0
vb0[567]+072 COLOR: 1.0, 0.0, 0.5019607843137255, 0.0
vb0[567]+076 TEXCOORD: 0.7446775436401367, 0.016995999962091446

vb0[568]+000 POSITION: -0.003989902324974537, 1.3281807899475098, 0.1112532913684845
vb0[568]+012 NORMAL: 0.0852709710597992, 0.8588879108428955, -0.5050153136253357
vb0[568]+024 TANGENT: 0.0014812350273132324, 0.9376139640808105, -0.3476749062538147, -1.0
vb0[568]+040 BLENDWEIGHT: 1.0, 0.0, 0.0, 0.0
vb0[568]+056 BLENDINDICES: 2, 0, 0, 0
vb0[568]+072 COLOR: 1.0, 0.0, 0.5019607843137255, 0.0
vb0[568]+076 TEXCOORD: 0.74361652135849, 0.006916999816894531

vb0[569]+000 POSITION: -0.0038836258463561535, 1.3288214206695557, 0.11193348467350006
vb0[569]+012 NORMAL: -0.10197942703962326, 0.8940024971961975, 0.4363022446632385
vb0[569]+024 TANGENT: -0.045731667429208755, 0.9643811583518982, 0.2605333626270294, -1.0
vb0[569]+040 BLENDWEIGHT: 1.0, 0.0, 0.0, 0.0
vb0[569]+056 BLENDINDICES: 2, 0, 0, 0
vb0[569]+072 COLOR: 1.0, 0.0, 0.5019607843137255, 0.0
vb0[569]+076 TEXCOORD: 0.742981493473053, 0.003106999909505248

vb0[570]+000 POSITION: -0.007142252754420042, 1.328777551651001, 0.11105627566576004
vb0[570]+012 NORMAL: -0.1930210143327713, 0.8193868398666382, 0.539766788482666
vb0[570]+024 TANGENT: -0.14052928984165192, 0.9611464142799377, 0.23759032785892487, -1.0
vb0[570]+040 BLENDWEIGHT: 1.0, 0.0, 0.0, 0.0
vb0[570]+056 BLENDINDICES: 2, 0, 0, 0
vb0[570]+072 COLOR: 1.0, 0.0, 0.5019607843137255, 0.0
vb0[570]+076 TEXCOORD: 0.7318854928016663, 0.007621000055223703

vb0[571]+000 POSITION: -0.007323243655264378, 1.328420877456665, 0.11052384227514267
vb0[571]+012 NORMAL: 0.09938804805278778, 0.8272396326065063, -0.5529887676239014
vb0[571]+024 TANGENT: -0.003651142120361328, 0.9202528595924377, -0.39130714535713196, -1.0
vb0[571]+040 BLENDWEIGHT: 1.0, 0.0, 0.0, 0.0
vb0[571]+056 BLENDINDICES: 2, 0, 0, 0
vb0[571]+072 COLOR: 1.0, 0.0, 0.5019607843137255, 0.0
vb0[571]+076 TEXCOORD: 0.732743501663208, 0.010270999744534492

vb0[572]+000 POSITION: -0.009624553844332695, 1.3287321329116821, 0.11034120619297028
vb0[572]+012 NORMAL: -0.2832854986190796, 0.7128609418869019, 0.6415439248085022
vb0[572]+024 TANGENT: -0.17175531387329102, 0.9689948558807373, 0.1776202917098999, -1.0
vb0[572]+040 BLENDWEIGHT: 1.0, 0.0, 0.0, 0.0
vb0[572]+056 BLENDINDICES: 2, 0, 0, 0
vb0[572]+072 COLOR: 1.0, 0.0, 0.5019607843137255, 0.0
vb0[572]+076 TEXCOORD: 0.7245225310325623, 0.013811999931931496

vb0[573]+000 POSITION: -0.009774812497198582, 1.3283045291900635, 0.10980919748544693
vb0[573]+012 NORMAL: 0.18810421228408813, 0.7491995692253113, -0.6350722908973694
vb0[573]+024 TANGENT: 0.07118761539459229, 0.8919655084609985, -0.44646379351615906, -1.0
vb0[573]+040 BLENDWEIGHT: 1.0, 0.0, 0.0, 0.0
vb0[573]+056 BLENDINDICES: 2, 0, 0, 0
vb0[573]+072 COLOR: 1.0, 0.0, 0.5019607843137255, 0.0
vb0[573]+076 TEXCOORD: 0.7251375317573547, 0.015615999698638916

vb0[574]+000 POSITION: -0.011813653632998466, 1.3287173509597778, 0.10949725657701492
vb0[574]+012 NORMAL: -0.17873194813728333, 0.8568512201309204, 0.4835915267467499
vb0[574]+024 TANGENT: -0.05922138690948486, 0.9919805526733398, 0.11165773868560791, -1.0
vb0[574]+040 BLENDWEIGHT: 1.0, 0.0, 0.0, 0.0
vb0[574]+056 BLENDINDICES: 2, 0, 0, 0
vb0[574]+072 COLOR: 1.0, 0.0, 0.5019607843137255, 0.0
vb0[574]+076 TEXCOORD: 0.7191644906997681, 0.020368000492453575

vb0[575]+000 POSITION: -0.012072981335222721, 1.32828950881958, 0.10893627256155014
vb0[575]+012 NORMAL: 0.18073128163814545, 0.711499035358429, -0.6790474057197571
vb0[575]+024 TANGENT: 0.2121640145778656, 0.8617531657218933, -0.4608340561389923, -1.0
vb0[575]+040 BLENDWEIGHT: 1.0, 0.0, 0.0, 0.0
vb0[575]+056 BLENDINDICES: 2, 0, 0, 0
vb0[575]+072 COLOR: 1.0, 0.0, 0.5019607843137255, 0.0
vb0[575]+076 TEXCOORD: 0.7194555401802063, 0.021686000749468803

vb0[576]+000 POSITION: -0.012654543854296207, 1.328587293624878, 0.1093234196305275
vb0[576]+012 NORMAL: -0.23594063520431519, 0.5774612426757812, 0.7815821170806885
vb0[576]+024 TANGENT: 0.2234933078289032, 0.9401451945304871, 0.25725045800209045, -1.0
vb0[576]+040 BLENDWEIGHT: 1.0, 0.0, 0.0, 0.0
vb0[576]+056 BLENDINDICES: 2, 0, 0, 0
vb0[576]+072 COLOR: 1.0, 0.0, 0.5019607843137255, 0.0
vb0[576]+076 TEXCOORD: 0.717291533946991, 0.022569000720977783

vb0[577]+000 POSITION: -0.012793282978236675, 1.3285415172576904, 0.10930785536766052
vb0[577]+012 NORMAL: 0.895807147026062, 0.3636874258518219, -0.2554622292518616
vb0[577]+024 TANGENT: 0.9390041828155518, -0.16781926155090332, 0.3001796007156372, -1.0
vb0[577]+040 BLENDWEIGHT: 1.0, 0.0, 0.0, 0.0
vb0[577]+056 BLENDINDICES: 2, 0, 0, 0
vb0[577]+072 COLOR: 1.0, 0.0, 0.5019607843137255, 0.0
vb0[577]+076 TEXCOORD: 0.716902494430542, 0.022554999217391014

vb0[578]+000 POSITION: -0.013019287027418613, 1.328573226928711, 0.10890787839889526
vb0[578]+012 NORMAL: 0.601049542427063, 0.29157572984695435, -0.7441256642341614
vb0[578]+024 TANGENT: 0.7047755718231201, 0.2460630089044571, -0.6653903722763062, -1.0
vb0[578]+040 BLENDWEIGHT: 1.0, 0.0, 0.0, 0.0
vb0[578]+056 BLENDINDICES: 2, 0, 0, 0
vb0[578]+072 COLOR: 1.0, 0.0, 0.5019607843137255, 0.0
vb0[578]+076 TEXCOORD: 0.716959536075592, 0.023458000272512436

vb0[579]+000 POSITION: -0.00980378221720457, 1.326558232307434, 0.10771901160478592
vb0[579]+012 NORMAL: 0.15506191551685333, 0.9364299774169922, -0.3147294819355011
vb0[579]+024 TANGENT: 0.13944977521896362, 0.8477537631988525, -0.5117298364639282, -1.0
vb0[579]+040 BLENDWEIGHT: 1.0, 0.0, 0.0, 0.0
vb0[579]+056 BLENDINDICES: 2, 0, 0, 0
vb0[579]+072 COLOR: 1.0, 0.0, 0.5019607843137255, 0.0
vb0[579]+076 TEXCOORD: 0.7276524901390076, 0.0217289999127388

vb0[580]+000 POSITION: -0.012916452251374722, 1.3274742364883423, 0.10804323107004166
vb0[580]+012 NORMAL: 0.42580747604370117, 0.8687771558761597, -0.2528125047683716
vb0[580]+024 TANGENT: 0.4826297163963318, 0.7386890649795532, -0.4705389738082886, -1.0
vb0[580]+040 BLENDWEIGHT: 1.0, 0.0, 0.0, 0.0
vb0[580]+056 BLENDINDICES: 2, 0, 0, 0
vb0[580]+072 COLOR: 1.0, 0.0, 0.5019607843137255, 0.0
vb0[580]+076 TEXCOORD: 0.7189375162124634, 0.02591400034725666

vb0[581]+000 POSITION: -0.01355538796633482, 1.3285746574401855, 0.10818323493003845
vb0[581]+012 NORMAL: 0.9397549629211426, 0.10999494791030884, -0.3236692249774933
vb0[581]+024 TANGENT: 0.820875346660614, 0.18329431116580963, -0.540894627571106, -1.0
vb0[581]+040 BLENDWEIGHT: 1.0, 0.0, 0.0, 0.0
vb0[581]+056 BLENDINDICES: 2, 0, 0, 0
vb0[581]+072 COLOR: 1.0, 0.0, 0.5019607843137255, 0.0
vb0[581]+076 TEXCOORD: 0.7157835364341736, 0.02589399926364422

vb0[582]+000 POSITION: -0.014024890027940273, 1.3272935152053833, 0.10352608561515808
vb0[582]+012 NORMAL: 0.5576363205909729, 0.826556921005249, -0.07645444571971893
vb0[582]+024 TANGENT: 0.6786078214645386, 0.7319086790084839, -0.06165355443954468, -1.0
vb0[582]+040 BLENDWEIGHT: 1.0, 0.0, 0.0, 0.0
vb0[582]+056 BLENDINDICES: 2, 0, 0, 0
vb0[582]+072 COLOR: 1.0, 0.0, 0.5019607843137255, 0.0
vb0[582]+076 TEXCOORD: 0.7187145352363586, 0.03870600089430809

vb0[583]+000 POSITION: -0.010450559668242931, 1.3257256746292114, 0.10259322822093964
vb0[583]+012 NORMAL: 0.2662661373615265, 0.9624801278114319, -0.05229177325963974
vb0[583]+024 TANGENT: 0.2730439305305481, 0.9611695408821106, -0.04000240936875343, -1.0
vb0[583]+040 BLENDWEIGHT: 1.0, 0.0, 0.0, 0.0
vb0[583]+056 BLENDINDICES: 2, 0, 0, 0
vb0[583]+072 COLOR: 1.0, 0.0, 0.5019607843137255, 0.0
vb0[583]+076 TEXCOORD: 0.7288745045661926, 0.03508299961686134

vb0[584]+000 POSITION: -0.014683520421385765, 1.328698754310608, 0.10370706021785736
vb0[584]+012 NORMAL: 0.9927288293838501, 0.07052930444478989, -0.09754632413387299
vb0[584]+024 TANGENT: 0.9915816187858582, 0.09907996654510498, -0.08336126804351807, -1.0
vb0[584]+040 BLENDWEIGHT: 1.0, 0.0, 0.0, 0.0
vb0[584]+056 BLENDINDICES: 2, 0, 0, 0
vb0[584]+072 COLOR: 1.0, 0.0, 0.5019607843137255, 0.0
vb0[584]+076 TEXCOORD: 0.7148504853248596, 0.039489999413490295

vb0[585]+000 POSITION: -0.013951364904642105, 1.327584981918335, 0.09888622909784317
vb0[585]+012 NORMAL: 0.5357565879821777, 0.8279685378074646, 0.16562916338443756
vb0[585]+024 TANGENT: 0.7011150121688843, 0.65421462059021, 0.2836211919784546, -1.0
vb0[585]+040 BLENDWEIGHT: 1.0, 0.0, 0.0, 0.0
vb0[585]+056 BLENDINDICES: 2, 0, 0, 0
vb0[585]+072 COLOR: 1.0, 0.0, 0.5019607843137255, 0.0
vb0[585]+076 TEXCOORD: 0.7203115224838257, 0.052650999277830124

vb0[586]+000 POSITION: -0.010616076178848743, 1.326552152633667, 0.09657372534275055
vb0[586]+012 NORMAL: 0.364435613155365, 0.8766809701919556, 0.31403371691703796
vb0[586]+024 TANGENT: 0.4502679407596588, 0.7873197793960571, 0.4211725890636444, -1.0
vb0[586]+040 BLENDWEIGHT: 1.0, 0.0, 0.0, 0.0
vb0[586]+056 BLENDINDICES: 2, 0, 0, 0
vb0[586]+072 COLOR: 1.0, 0.0, 0.5019607843137255, 0.0
vb0[586]+076 TEXCOORD: 0.7312394976615906, 0.05075300112366676

vb0[587]+000 POSITION: -0.014171351678669453, 1.3283944129943848, 0.09851118922233582
vb0[587]+012 NORMAL: 0.844553530216217, 0.11035294830799103, 0.523976743221283
vb0[587]+024 TANGENT: 0.9054835438728333, 0.11855316907167435, 0.40748587250709534, -1.0
vb0[587]+040 BLENDWEIGHT: 1.0, 0.0, 0.0, 0.0
vb0[587]+056 BLENDINDICES: 2, 0, 0, 0
vb0[587]+072 COLOR: 1.0, 0.0, 0.5019607843137255, 0.0
vb0[587]+076 TEXCOORD: 0.7192004919052124, 0.05525600165128708

vb0[588]+000 POSITION: -0.01050389651209116, 1.3287245035171509, 0.09473979473114014
vb0[588]+012 NORMAL: 0.5733206868171692, 0.08760211616754532, 0.814634382724762
vb0[588]+024 TANGENT: 0.6177760362625122, 0.12344527244567871, 0.776604175567627, -1.0
vb0[588]+040 BLENDWEIGHT: 1.0, 0.0, 0.0, 0.0
vb0[588]+056 BLENDINDICES: 2, 0, 0, 0
vb0[588]+072 COLOR: 1.0, 0.0, 0.5019607843137255, 0.0
vb0[588]+076 TEXCOORD: 0.7335175275802612, 0.057500001043081284

vb0[589]+000 POSITION: -0.033416349440813065, 1.3170936107635498, 0.09251183271408081
vb0[589]+012 NORMAL: -0.5601809620857239, -0.7332091927528381, 0.38548874855041504
vb0[589]+024 TANGENT: -0.5512874722480774, -0.7193699479103088, 0.42259806394577026, -1.0
vb0[589]+040 BLENDWEIGHT: 1.0, 0.0, 0.0, 0.0
vb0[589]+056 BLENDINDICES: 2, 0, 0, 0
vb0[589]+072 COLOR: 1.0, 0.5019607843137255, 0.5019607843137255, 0.5019607843137255
vb0[589]+076 TEXCOORD: 0.6153795123100281, 0.3091540038585663

vb0[590]+000 POSITION: -0.038104016333818436, 1.3240410089492798, 0.09670620411634445
vb0[590]+012 NORMAL: -0.6017076373100281, -0.61007159948349, 0.5155197381973267
vb0[590]+024 TANGENT: -0.5905395150184631, -0.612114429473877, 0.5259078741073608, -1.0
vb0[590]+040 BLENDWEIGHT: 1.0, 0.0, 0.0, 0.0
vb0[590]+056 BLENDINDICES: 2, 0, 0, 0
vb0[590]+072 COLOR: 1.0, 0.5019607843137255, 0.5019607843137255, 0.5019607843137255
vb0[590]+076 TEXCOORD: 0.6300005316734314, 0.3430339992046356

vb0[591]+000 POSITION: -0.04495229944586754, 1.3256938457489014, 0.08936695009469986
vb0[591]+012 NORMAL: -0.7068036198616028, -0.620496392250061, 0.3397248685359955
vb0[591]+024 TANGENT: -0.7042522430419922, -0.6036352515220642, 0.37370219826698303, -1.0
vb0[591]+040 BLENDWEIGHT: 1.0, 0.0, 0.0, 0.0
vb0[591]+056 BLENDINDICES: 2, 0, 0, 0
vb0[591]+072 COLOR: 1.0, 0.5019607843137255, 0.5019607843137255, 0.5019607843137255
vb0[591]+076 TEXCOORD: 0.6591505408287048, 0.3482530117034912

vb0[592]+000 POSITION: -0.05246308818459511, 1.3312450647354126, 0.08089976012706757
vb0[592]+012 NORMAL: -0.795447051525116, -0.550977885723114, 0.25236356258392334
vb0[592]+024 TANGENT: -0.798030436038971, -0.5523931384086609, 0.24085089564323425, -1.0
vb0[592]+040 BLENDWEIGHT: 1.0, 0.0, 0.0, 0.0
vb0[592]+056 BLENDINDICES: 2, 0, 0, 0
vb0[592]+072 COLOR: 1.0, 0.5019607843137255, 0.5019607843137255, 0.5019607843137255
vb0[592]+076 TEXCOORD: 0.6941425204277039, 0.3615790009498596

vb0[593]+000 POSITION: -0.05905278027057648, 1.3383309841156006, 0.07179499417543411
vb0[593]+012 NORMAL: -0.8697543740272522, -0.46318772435188293, 0.17024821043014526
vb0[593]+024 TANGENT: -0.8680220246315002, -0.46070462465286255, 0.18517327308654785, -1.0
vb0[593]+040 BLENDWEIGHT: 1.0, 0.0, 0.0, 0.0
vb0[593]+056 BLENDINDICES: 2, 0, 0, 0
vb0[593]+072 COLOR: 1.0, 0.5019607843137255, 0.5019607843137255, 0.5019607843137255
vb0[593]+076 TEXCOORD: 0.7335045337677002, 0.38400599360466003

vb0[594]+000 POSITION: -0.05706338211894035, 1.3329054117202759, 0.062156181782484055
vb0[594]+012 NORMAL: -0.8099578022956848, -0.584275484085083, 0.0508987195789814
vb0[594]+024 TANGENT: -0.8089463114738464, -0.5829383134841919, 0.07608533650636673, -1.0
vb0[594]+040 BLENDWEIGHT: 1.0, 0.0, 0.0, 0.0
vb0[594]+056 BLENDINDICES: 2, 0, 0, 0
vb0[594]+072 COLOR: 1.0, 0.5019607843137255, 0.5019607843137255, 0.5019607843137255
vb0[594]+076 TEXCOORD: 0.7384495139122009, 0.34687700867652893

vb0[595]+000 POSITION: -0.06454424560070038, 1.3447250127792358, 0.0497039258480072
vb0[595]+012 NORMAL: -0.8826632499694824, -0.46965155005455017, 0.018248464912176132
vb0[595]+024 TANGENT: -0.8870205879211426, -0.46112513542175293, 0.023621678352355957, -1.0
vb0[595]+040 BLENDWEIGHT: 1.0, 0.0, 0.0, 0.0
vb0[595]+056 BLENDINDICES: 2, 0, 0, 0
vb0[595]+072 COLOR: 1.0, 0.5019607843137255, 0.5019607843137255, 0.5019607843137255
vb0[595]+076 TEXCOORD: 0.7822195291519165, 0.3799459934234619

vb0[596]+000 POSITION: -0.06221601739525795, 1.3408846855163574, 0.03995068371295929
vb0[596]+012 NORMAL: -0.8093900680541992, -0.5756954550743103, -0.11602750420570374
vb0[596]+024 TANGENT: -0.8195250034332275, -0.5642319321632385, -0.10010533779859543, -1.0
vb0[596]+040 BLENDWEIGHT: 1.0, 0.0, 0.0, 0.0
vb0[596]+056 BLENDINDICES: 2, 0, 0, 0
vb0[596]+072 COLOR: 1.0, 0.5019607843137255, 0.5019607843137255, 0.5019607843137255
vb0[596]+076 TEXCOORD: 0.7964885234832764, 0.3490560054779053

vb0[597]+000 POSITION: -0.0577375702559948, 1.3386186361312866, 0.0299566388130188
vb0[597]+012 NORMAL: -0.7649059295654297, -0.6194912195205688, -0.1764921247959137
vb0[597]+024 TANGENT: -0.7591079473495483, -0.6247889399528503, -0.18273991346359253, -1.0
vb0[597]+040 BLENDWEIGHT: 1.0, 0.0, 0.0, 0.0
vb0[597]+056 BLENDINDICES: 2, 0, 0, 0
vb0[597]+072 COLOR: 1.0, 0.5019607843137255, 0.5019607843137255, 0.5019607843137255
vb0[597]+076 TEXCOORD: 0.8094595074653625, 0.3171449899673462

vb0[598]+000 POSITION: -0.04897252097725868, 1.3243987560272217, 0.07211756706237793
vb0[598]+012 NORMAL: -0.708841860294342, -0.6992812752723694, 0.09246063977479935
vb0[598]+024 TANGENT: -0.7080771327018738, -0.6976814866065979, 0.10893739759922028, -1.0
vb0[598]+040 BLENDWEIGHT: 1.0, 0.0, 0.0, 0.0
vb0[598]+056 BLENDINDICES: 2, 0, 0, 0
vb0[598]+072 COLOR: 1.0, 0.5019607843137255, 0.5019607843137255, 0.5019607843137255
vb0[598]+076 TEXCOORD: 0.6939865350723267, 0.32267099618911743

vb0[599]+000 POSITION: -0.0481303445994854, 1.3263306617736816, 0.04249783605337143
vb0[599]+012 NORMAL: -0.6283769607543945, -0.7584286332130432, -0.17299844324588776
vb0[599]+024 TANGENT: -0.5914697051048279, -0.7902018427848816, -0.1604514718055725, -1.0
vb0[599]+040 BLENDWEIGHT: 1.0, 0.0, 0.0, 0.0
vb0[599]+056 BLENDINDICES: 2, 0, 0, 0
vb0[599]+072 COLOR: 1.0, 0.5019607843137255, 0.5019607843137255, 0.5019607843137255
vb0[599]+076 TEXCOORD: 0.7470924854278564, 0.2704859972000122

vb0[600]+000 POSITION: -0.05381201580166817, 1.3288438320159912, 0.052531156688928604
vb0[600]+012 NORMAL: -0.7099949717521667, -0.6996549963951111, -0.07993853837251663
vb0[600]+024 TANGENT: -0.708025336265564, -0.7018002867698669, -0.0785907506942749, -1.0
vb0[600]+040 BLENDWEIGHT: 1.0, 0.0, 0.0, 0.0
vb0[600]+056 BLENDINDICES: 2, 0, 0, 0
vb0[600]+072 COLOR: 1.0, 0.5019607843137255, 0.5019607843137255, 0.5019607843137255
vb0[600]+076 TEXCOORD: 0.7429615259170532, 0.3110249936580658

vb0[601]+000 POSITION: -0.043727487325668335, 1.319832444190979, 0.06293252110481262
vb0[601]+012 NORMAL: -0.5847211480140686, -0.8080325126647949, -0.07200474292039871
vb0[601]+024 TANGENT: -0.5761811137199402, -0.8138614296913147, -0.07513272762298584, -1.0
vb0[601]+040 BLENDWEIGHT: 1.0, 0.0, 0.0, 0.0
vb0[601]+056 BLENDINDICES: 2, 0, 0, 0
vb0[601]+072 COLOR: 1.0, 0.5019607843137255, 0.5019607843137255, 0.5019607843137255
vb0[601]+076 TEXCOORD: 0.690094530582428, 0.281453013420105

vb0[602]+000 POSITION: -0.03645588457584381, 1.3174083232879639, 0.053923387080430984
vb0[602]+012 NORMAL: -0.46497464179992676, -0.8705703020095825, -0.16095371544361115
vb0[602]+024 TANGENT: -0.4558176100254059, -0.8758251667022705, -0.15862028300762177, -1.0
vb0[602]+040 BLENDWEIGHT: 1.0, 0.0, 0.0, 0.0
vb0[602]+056 BLENDINDICES: 2, 0, 0, 0
vb0[602]+072 COLOR: 1.0, 0.5019607843137255, 0.5019607843137255, 0.5019607843137255
vb0[602]+076 TEXCOORD: 0.6851125359535217, 0.23610399663448334

vb0[603]+000 POSITION: -0.03662312030792236, 1.3147907257080078, 0.06955981999635696
vb0[603]+012 NORMAL: -0.5142850875854492, -0.8571052551269531, -0.029689563438296318
vb0[603]+024 TANGENT: -0.5125284194946289, -0.8575886487960815, -0.04308509826660156, -1.0
vb0[603]+040 BLENDWEIGHT: 1.0, 0.0, 0.0, 0.0
vb0[603]+056 BLENDINDICES: 2, 0, 0, 0
vb0[603]+072 COLOR: 1.0, 0.5019607843137255, 0.5019607843137255, 0.5019607843137255
vb0[603]+076 TEXCOORD: 0.6544755101203918, 0.26617100834846497

vb0[604]+000 POSITION: -0.03931661322712898, 1.3180561065673828, 0.08305282145738602
vb0[604]+012 NORMAL: -0.618622362613678, -0.7642931342124939, 0.18210534751415253
vb0[604]+024 TANGENT: -0.6139106750488281, -0.7641923427581787, 0.19779719412326813, -1.0
vb0[604]+040 BLENDWEIGHT: 1.0, 0.0, 0.0, 0.0
vb0[604]+056 BLENDINDICES: 2, 0, 0, 0
vb0[604]+072 COLOR: 1.0, 0.5019607843137255, 0.5019607843137255, 0.5019607843137255
vb0[604]+076 TEXCOORD: 0.6481355428695679, 0.306645005941391

vb0[605]+000 POSITION: -0.02829604595899582, 1.3106108903884888, 0.08397845923900604
vb0[605]+012 NORMAL: -0.5359233617782593, -0.8328479528427124, 0.13838507235050201
vb0[605]+024 TANGENT: -0.53156977891922, -0.8307175040245056, 0.16535425186157227, -1.0
vb0[605]+040 BLENDWEIGHT: 1.0, 0.0, 0.0, 0.0
vb0[605]+056 BLENDINDICES: 2, 0, 0, 0
vb0[605]+072 COLOR: 1.0, 0.5019607843137255, 0.5019607843137255, 0.5019607843137255
vb0[605]+076 TEXCOORD: 0.6040794849395752, 0.2656309902667999

vb0[606]+000 POSITION: -0.003812227863818407, 1.3351932764053345, 0.11203321069478989
vb0[606]+012 NORMAL: -0.1592589169740677, -0.13336892426013947, 0.9781867861747742
vb0[606]+024 TANGENT: -0.1906544268131256, -0.045028094202280045, 0.9806240200996399, -1.0
vb0[606]+040 BLENDWEIGHT: 1.0, 0.0, 0.0, 0.0
vb0[606]+056 BLENDINDICES: 1, 0, 0, 0
vb0[606]+072 COLOR: 1.0, 0.0, 0.5019607843137255, 0.0
vb0[606]+076 TEXCOORD: 0.41462552547454834, 0.046519000083208084

vb0[607]+000 POSITION: -0.00765442056581378, 1.3352258205413818, 0.11106065660715103
vb0[607]+012 NORMAL: -0.36813271045684814, -0.12809891998767853, 0.9209066033363342
vb0[607]+024 TANGENT: -0.41290149092674255, -0.022333143278956413, 0.9105018377304077, -1.0
vb0[607]+040 BLENDWEIGHT: 1.0, 0.0, 0.0, 0.0
vb0[607]+056 BLENDINDICES: 1, 0, 0, 0
vb0[607]+072 COLOR: 1.0, 0.0, 0.5019607843137255, 0.0
vb0[607]+076 TEXCOORD: 0.4277075231075287, 0.046519000083208084

vb0[608]+000 POSITION: -0.003752248827368021, 1.3286380767822266, 0.11112671345472336
vb0[608]+012 NORMAL: -0.16133835911750793, -0.27985578775405884, 0.9463881850242615
vb0[608]+024 TANGENT: -0.12769782543182373, -0.7450008988380432, 0.6547266840934753, -1.0
vb0[608]+040 BLENDWEIGHT: 1.0, 0.0, 0.0, 0.0
vb0[608]+056 BLENDINDICES: 1, 0, 0, 0
vb0[608]+072 COLOR: 1.0, 0.0, 0.5019607843137255, 0.0
vb0[608]+076 TEXCOORD: 0.41462552547454834, 0.05814199894666672

vb0[609]+000 POSITION: -0.007671961095184088, 1.32871675491333, 0.11015350371599197
vb0[609]+012 NORMAL: -0.3545529842376709, -0.2602429687976837, 0.898090124130249
vb0[609]+024 TANGENT: -0.28902530670166016, -0.7594307065010071, 0.5828630924224854, -1.0
vb0[609]+040 BLENDWEIGHT: 1.0, 0.0, 0.0, 0.0
vb0[609]+056 BLENDINDICES: 1, 0, 0, 0
vb0[609]+072 COLOR: 1.0, 0.0, 0.5019607843137255, 0.0
vb0[609]+076 TEXCOORD: 0.4277075231075287, 0.05814199894666672

vb0[610]+000 POSITION: -0.0036169509403407574, 1.3287551403045654, 0.11009923368692398
vb0[610]+012 NORMAL: 0.15302197635173798, -0.0348457433283329, -0.9876082539558411
vb0[610]+024 TANGENT: 0.13116902112960815, -0.6941760778427124, -0.7077529430389404, -1.0
vb0[610]+040 BLENDWEIGHT: 1.0, 0.0, 0.0, 0.0
vb0[610]+056 BLENDINDICES: 1, 0, 0, 0
vb0[610]+072 COLOR: 1.0, 0.0, 0.5019607843137255, 0.0
vb0[610]+076 TEXCOORD: 0.41462552547454834, 0.06778600066900253

vb0[611]+000 POSITION: -0.007303944788873196, 1.3288601636886597, 0.10918162763118744
vb0[611]+012 NORMAL: 0.35210952162742615, -0.0460047572851181, -0.9348275065422058
vb0[611]+024 TANGENT: 0.2631341814994812, -0.6819425225257874, -0.682433009147644, -1.0
vb0[611]+040 BLENDWEIGHT: 1.0, 0.0, 0.0, 0.0
vb0[611]+056 BLENDINDICES: 1, 0, 0, 0
vb0[611]+072 COLOR: 1.0, 0.0, 0.5019607843137255, 0.0
vb0[611]+076 TEXCOORD: 0.4277075231075287, 0.06778600066900253

vb0[612]+000 POSITION: -0.007167696952819824, 1.335408329963684, 0.11018908023834229
vb0[612]+012 NORMAL: 0.3521982431411743, 0.1297331601381302, -0.9268903732299805
vb0[612]+024 TANGENT: 0.3808198869228363, -0.048858169466257095, -0.9233575463294983, -1.0
vb0[612]+040 BLENDWEIGHT: 1.0, 0.0, 0.0, 0.0
vb0[612]+056 BLENDINDICES: 1, 0, 0, 0
vb0[612]+072 COLOR: 1.0, 0.0, 0.5019607843137255, 0.0
vb0[612]+076 TEXCOORD: 0.4277075231075287, 0.07737500220537186

vb0[613]+000 POSITION: -0.009080009534955025, 1.3355774879455566, 0.10895656049251556
vb0[613]+012 NORMAL: 0.6292815804481506, 0.09973578155040741, -0.7707511186599731
vb0[613]+024 TANGENT: 0.6270737648010254, -0.061192989349365234, -0.7765526175498962, -1.0
vb0[613]+040 BLENDWEIGHT: 1.0, 0.0, 0.0, 0.0
vb0[613]+056 BLENDINDICES: 1, 0, 0, 0
vb0[613]+072 COLOR: 1.0, 0.0, 0.5019607843137255, 0.0
vb0[613]+076 TEXCOORD: 0.4367075264453888, 0.07737500220537186

vb0[614]+000 POSITION: -0.009217160753905773, 1.3290187120437622, 0.10801557451486588
vb0[614]+012 NORMAL: 0.6037080883979797, -0.06686126440763474, -0.794396698474884
vb0[614]+024 TANGENT: 0.4358503222465515, -0.6580666303634644, -0.6139892339706421, -1.0
vb0[614]+040 BLENDWEIGHT: 1.0, 0.0, 0.0, 0.0
vb0[614]+056 BLENDINDICES: 1, 0, 0, 0
vb0[614]+072 COLOR: 1.0, 0.0, 0.5019607843137255, 0.0
vb0[614]+076 TEXCOORD: 0.4367075264453888, 0.06778600066900253

vb0[615]+000 POSITION: -0.01036358717828989, 1.329181432723999, 0.10683688521385193
vb0[615]+012 NORMAL: 0.8285548090934753, -0.1458318829536438, -0.5405829548835754
vb0[615]+024 TANGENT: 0.639479398727417, -0.6415178775787354, -0.4236989915370941, -1.0
vb0[615]+040 BLENDWEIGHT: 1.0, 0.0, 0.0, 0.0
vb0[615]+056 BLENDINDICES: 1, 0, 0, 0
vb0[615]+072 COLOR: 1.0, 0.0, 0.5019607843137255, 0.0
vb0[615]+076 TEXCOORD: 0.44491952657699585, 0.06778600066900253

vb0[616]+000 POSITION: -0.010353357531130314, 1.3357871770858765, 0.10760702192783356
vb0[616]+012 NORMAL: 0.8406006097793579, 0.06698328256607056, -0.537497878074646
vb0[616]+024 TANGENT: 0.8695518970489502, -0.04140204191207886, -0.4921030104160309, -1.0
vb0[616]+040 BLENDWEIGHT: 1.0, 0.0, 0.0, 0.0
vb0[616]+056 BLENDINDICES: 1, 0, 0, 0
vb0[616]+072 COLOR: 1.0, 0.0, 0.5019607843137255, 0.0
vb0[616]+076 TEXCOORD: 0.44491952657699585, 0.07737500220537186

vb0[617]+000 POSITION: -0.011414451524615288, 1.329500436782837, 0.10450118035078049
vb0[617]+012 NORMAL: 0.9509185552597046, -0.19126427173614502, -0.24325285851955414
vb0[617]+024 TANGENT: 0.7325724363327026, -0.6429165601730347, -0.2235976606607437, -1.0
vb0[617]+040 BLENDWEIGHT: 1.0, 0.0, 0.0, 0.0
vb0[617]+056 BLENDINDICES: 1, 0, 0, 0
vb0[617]+072 COLOR: 1.0, 0.0, 0.5019607843137255, 0.0
vb0[617]+076 TEXCOORD: 0.45437851548194885, 0.06778600066900253

vb0[618]+000 POSITION: -0.011467483825981617, 1.3360460996627808, 0.10532382875680923
vb0[618]+012 NORMAL: 0.9737339615821838, 0.03648185357451439, -0.22474727034568787
vb0[618]+024 TANGENT: 0.9787359833717346, -0.0061109657399356365, -0.2050328254699707, -1.0
vb0[618]+040 BLENDWEIGHT: 1.0, 0.0, 0.0, 0.0
vb0[618]+056 BLENDINDICES: 1, 0, 0, 0
vb0[618]+072 COLOR: 1.0, 0.0, 0.5019607843137255, 0.0
vb0[618]+076 TEXCOORD: 0.45437851548194885, 0.07737500220537186

vb0[619]+000 POSITION: -0.01255310233682394, 1.3293249607086182, 0.10517910867929459
vb0[619]+012 NORMAL: -0.9527777433395386, -0.18901902437210083, 0.23766857385635376
vb0[619]+024 TANGENT: -0.6266047358512878, -0.7734018564224243, 0.096001036465168, -1.0
vb0[619]+040 BLENDWEIGHT: 1.0, 0.0, 0.0, 0.0
vb0[619]+056 BLENDINDICES: 1, 0, 0, 0
vb0[619]+072 COLOR: 1.0, 0.0, 0.5019607843137255, 0.0
vb0[619]+076 TEXCOORD: 0.45437851548194885, 0.05814199894666672

vb0[620]+000 POSITION: -0.01125404704362154, 1.3289746046066284, 0.10762523114681244
vb0[620]+012 NORMAL: -0.7988697290420532, -0.22070889174938202, 0.5595487356185913
vb0[620]+024 TANGENT: -0.5184015035629272, -0.7942439317703247, 0.31691718101501465, -1.0
vb0[620]+040 BLENDWEIGHT: 1.0, 0.0, 0.0, 0.0
vb0[620]+056 BLENDINDICES: 1, 0, 0, 0
vb0[620]+072 COLOR: 1.0, 0.0, 0.5019607843137255, 0.0
vb0[620]+076 TEXCOORD: 0.44491952657699585, 0.05814199894666672

vb0[621]+000 POSITION: -0.011161413043737411, 1.335524320602417, 0.10845545679330826
vb0[621]+012 NORMAL: -0.8068539500236511, -0.06730453670024872, 0.5869044661521912
vb0[621]+024 TANGENT: -0.8093017935752869, -0.006521404720842838, 0.5873569846153259, -1.0
vb0[621]+040 BLENDWEIGHT: 1.0, 0.0, 0.0, 0.0
vb0[621]+056 BLENDINDICES: 1, 0, 0, 0
vb0[621]+072 COLOR: 1.0, 0.0, 0.5019607843137255, 0.0
vb0[621]+076 TEXCOORD: 0.44491952657699585, 0.046519000083208084

vb0[622]+000 POSITION: -0.0126022445037961, 1.3357946872711182, 0.1058301329612732
vb0[622]+012 NORMAL: -0.9633074998855591, -0.037751708179712296, 0.2657318115234375
vb0[622]+024 TANGENT: -0.9642214775085449, -0.018746614456176758, 0.26443424820899963, -1.0
vb0[622]+040 BLENDWEIGHT: 1.0, 0.0, 0.0, 0.0
vb0[622]+056 BLENDINDICES: 1, 0, 0, 0
vb0[622]+072 COLOR: 1.0, 0.0, 0.5019607843137255, 0.0
vb0[622]+076 TEXCOORD: 0.45437851548194885, 0.046519000083208084

vb0[623]+000 POSITION: -0.013405272737145424, 1.330020546913147, 0.0995844230055809
vb0[623]+012 NORMAL: -0.9680320024490356, -0.2163805514574051, 0.12686024606227875
vb0[623]+024 TANGENT: -0.6637503504753113, -0.7478744387626648, -0.010923922061920166, -1.0
vb0[623]+040 BLENDWEIGHT: 1.0, 0.0, 0.0, 0.0
vb0[623]+056 BLENDINDICES: 1, 0, 0, 0
vb0[623]+072 COLOR: 1.0, 0.0, 0.5019607843137255, 0.0
vb0[623]+076 TEXCOORD: 0.4703035056591034, 0.05814199894666672

vb0[624]+000 POSITION: -0.013529753312468529, 1.3365470170974731, 0.10018710792064667
vb0[624]+012 NORMAL: -0.9869129657745361, -0.033391546458005905, 0.15775921940803528
vb0[624]+024 TANGENT: -0.9907611012458801, -0.02700638584792614, 0.13290224969387054, -1.0
vb0[624]+040 BLENDWEIGHT: 1.0, 0.0, 0.0, 0.0
vb0[624]+056 BLENDINDICES: 1, 0, 0, 0
vb0[624]+072 COLOR: 1.0, 0.0, 0.5019607843137255, 0.0
vb0[624]+076 TEXCOORD: 0.4703035056591034, 0.046519000083208084

vb0[625]+000 POSITION: -0.012071180157363415, 1.3301197290420532, 0.09932103008031845
vb0[625]+012 NORMAL: 0.9775897860527039, -0.15456970036029816, -0.14292137324810028
vb0[625]+024 TANGENT: 0.7353987693786621, -0.6578377485275269, -0.16259796917438507, -1.0
vb0[625]+040 BLENDWEIGHT: 1.0, 0.0, 0.0, 0.0
vb0[625]+056 BLENDINDICES: 1, 0, 0, 0
vb0[625]+072 COLOR: 1.0, 0.0, 0.5019607843137255, 0.0
vb0[625]+076 TEXCOORD: 0.4703035056591034, 0.06778600066900253

vb0[626]+000 POSITION: -0.012176655232906342, 1.3367153406143188, 0.09977906942367554
vb0[626]+012 NORMAL: 0.9919895529747009, 0.024469248950481415, -0.12392681837081909
vb0[626]+024 TANGENT: 0.9956067204475403, 0.01097023393958807, -0.09298872947692871, -1.0
vb0[626]+040 BLENDWEIGHT: 1.0, 0.0, 0.0, 0.0
vb0[626]+056 BLENDINDICES: 1, 0, 0, 0
vb0[626]+072 COLOR: 1.0, 0.0, 0.5019607843137255, 0.0
vb0[626]+076 TEXCOORD: 0.4703035056591034, 0.07737500220537186

vb0[627]+000 POSITION: -0.009865093044936657, 1.3288465738296509, 0.10882046818733215
vb0[627]+012 NORMAL: -0.5740190744400024, -0.23536786437034607, 0.7842856645584106
vb0[627]+024 TANGENT: -0.4202742576599121, -0.7772427797317505, 0.4682554006576538, -1.0
vb0[627]+040 BLENDWEIGHT: 1.0, 0.0, 0.0, 0.0
vb0[627]+056 BLENDINDICES: 1, 0, 0, 0
vb0[627]+072 COLOR: 1.0, 0.0, 0.5019607843137255, 0.0
vb0[627]+076 TEXCOORD: 0.4365425109863281, 0.058129001408815384

vb0[628]+000 POSITION: -0.009830626659095287, 1.335411548614502, 0.10963375866413116
vb0[628]+012 NORMAL: -0.5946048498153687, -0.1021655723452568, 0.7975006699562073
vb0[628]+024 TANGENT: -0.6030466556549072, -0.008987188339233398, 0.7976552844047546, -1.0
vb0[628]+040 BLENDWEIGHT: 1.0, 0.0, 0.0, 0.0
vb0[628]+056 BLENDINDICES: 1, 0, 0, 0
vb0[628]+072 COLOR: 1.0, 0.0, 0.5019607843137255, 0.0
vb0[628]+076 TEXCOORD: 0.4367075264453888, 0.046519000083208084

vb0[629]+000 POSITION: -3.6137201675501274e-08, 1.3351813554763794, 0.1122775599360466
vb0[629]+012 NORMAL: -4.598357463692082e-06, -0.1275225728750229, 0.9918357133865356
vb0[629]+024 TANGENT: 0.0, -0.061326805502176285, 0.9981178045272827, -1.0
vb0[629]+040 BLENDWEIGHT: 1.0, 0.0, 0.0, 0.0
vb0[629]+056 BLENDINDICES: 1, 0, 0, 0
vb0[629]+072 COLOR: 1.0, 0.0, 0.5019607843137255, 0.0
vb0[629]+076 TEXCOORD: 0.39384451508522034, 0.046519000083208084

vb0[630]+000 POSITION: -0.003812227863818407, 1.3351932764053345, 0.11203321069478989
vb0[630]+012 NORMAL: -0.1592589169740677, -0.13336892426013947, 0.9781867861747742
vb0[630]+024 TANGENT: -0.1906544268131256, -0.045028094202280045, 0.9806240200996399, -1.0
vb0[630]+040 BLENDWEIGHT: 1.0, 0.0, 0.0, 0.0
vb0[630]+056 BLENDINDICES: 1, 0, 0, 0
vb0[630]+072 COLOR: 1.0, 0.0, 0.5019607843137255, 0.0
vb0[630]+076 TEXCOORD: 0.4026795029640198, 0.046519000083208084

vb0[631]+000 POSITION: -3.6137201675501274e-08, 1.3286794424057007, 0.11144157499074936
vb0[631]+012 NORMAL: -1.4551114873029292e-06, -0.2832210659980774, 0.959054708480835
vb0[631]+024 TANGENT: 0.0, -0.7452318072319031, 0.6668055057525635, -1.0
vb0[631]+040 BLENDWEIGHT: 1.0, 0.0, 0.0, 0.0
vb0[631]+056 BLENDINDICES: 1, 0, 0, 0
vb0[631]+072 COLOR: 1.0, 0.0, 0.5019607843137255, 0.0
vb0[631]+076 TEXCOORD: 0.39384451508522034, 0.05814199894666672

vb0[632]+000 POSITION: -0.003752248827368021, 1.3286380767822266, 0.11112671345472336
vb0[632]+012 NORMAL: -0.16133835911750793, -0.27985578775405884, 0.9463881850242615
vb0[632]+024 TANGENT: -0.12769782543182373, -0.7450008988380432, 0.6547266840934753, -1.0
vb0[632]+040 BLENDWEIGHT: 1.0, 0.0, 0.0, 0.0
vb0[632]+056 BLENDINDICES: 1, 0, 0, 0
vb0[632]+072 COLOR: 1.0, 0.0, 0.5019607843137255, 0.0
vb0[632]+076 TEXCOORD: 0.4026795029640198, 0.05814199894666672

vb0[633]+000 POSITION: -3.6137201675501274e-08, 1.3287643194198608, 0.11034303158521652
vb0[633]+012 NORMAL: 7.425472858813009e-07, -0.04186965152621269, -0.9991230368614197
vb0[633]+024 TANGENT: 0.0, -0.6950408816337585, -0.7189702987670898, -1.0
vb0[633]+040 BLENDWEIGHT: 1.0, 0.0, 0.0, 0.0
vb0[633]+056 BLENDINDICES: 1, 0, 0, 0
vb0[633]+072 COLOR: 1.0, 0.0, 0.5019607843137255, 0.0
vb0[633]+076 TEXCOORD: 0.39384451508522034, 0.06778600066900253

vb0[634]+000 POSITION: -0.0036169509403407574, 1.3287551403045654, 0.11009923368692398
vb0[634]+012 NORMAL: 0.15302197635173798, -0.0348457433283329, -0.9876082539558411
vb0[634]+024 TANGENT: 0.13116902112960815, -0.6941760778427124, -0.7077529430389404, -1.0
vb0[634]+040 BLENDWEIGHT: 1.0, 0.0, 0.0, 0.0
vb0[634]+056 BLENDINDICES: 1, 0, 0, 0
vb0[634]+072 COLOR: 1.0, 0.0, 0.5019607843137255, 0.0
vb0[634]+076 TEXCOORD: 0.4026795029640198, 0.06778600066900253

vb0[635]+000 POSITION: -0.003657055087387562, 1.335321068763733, 0.11097873747348785
vb0[635]+012 NORMAL: 0.14279805123806, 0.13187533617019653, -0.9809268712997437
vb0[635]+024 TANGENT: 0.18220263719558716, -0.02093684673309326, -0.983038067817688, -1.0
vb0[635]+040 BLENDWEIGHT: 1.0, 0.0, 0.0, 0.0
vb0[635]+056 BLENDINDICES: 1, 0, 0, 0
vb0[635]+072 COLOR: 1.0, 0.0, 0.5019607843137255, 0.0
vb0[635]+076 TEXCOORD: 0.4026795029640198, 0.07737500220537186

vb0[636]+000 POSITION: -3.6137201675501274e-08, 1.3353092670440674, 0.11121483892202377
vb0[636]+012 NORMAL: -4.927359213979798e-07, 0.1320314109325409, -0.9912455677986145
vb0[636]+024 TANGENT: 0.0, -0.006809175945818424, -0.9999768733978271, -1.0
vb0[636]+040 BLENDWEIGHT: 1.0, 0.0, 0.0, 0.0
vb0[636]+056 BLENDINDICES: 1, 0, 0, 0
vb0[636]+072 COLOR: 1.0, 0.0, 0.5019607843137255, 0.0
vb0[636]+076 TEXCOORD: 0.39384451508522034, 0.07737500220537186

vb0[637]+000 POSITION: 0.003812227863818407, 1.335193157196045, 0.11203321069478989
vb0[637]+012 NORMAL: 0.15925870835781097, -0.13337278366088867, 0.9781861901283264
vb0[637]+024 TANGENT: 0.19066764414310455, -0.045037396252155304, 0.9806210398674011, -1.0
vb0[637]+040 BLENDWEIGHT: 1.0, 0.0, 0.0, 0.0
vb0[637]+056 BLENDINDICES: 1, 0, 0, 0
vb0[637]+072 COLOR: 1.0, 0.0, 0.5019607843137255, 0.0
vb0[637]+076 TEXCOORD: 0.4026795029640198, 0.046519000083208084

vb0[638]+000 POSITION: 0.003752248827368021, 1.3286380767822266, 0.11112671345472336
vb0[638]+012 NORMAL: 0.1613330841064453, -0.27985548973083496, 0.9463891386985779
vb0[638]+024 TANGENT: 0.12770462036132812, -0.745002031326294, 0.6547240018844604, -1.0
vb0[638]+040 BLENDWEIGHT: 1.0, 0.0, 0.0, 0.0
vb0[638]+056 BLENDINDICES: 1, 0, 0, 0
vb0[638]+072 COLOR: 1.0, 0.0, 0.5019607843137255, 0.0
vb0[638]+076 TEXCOORD: 0.4026795029640198, 0.05814199894666672

vb0[639]+000 POSITION: 0.0036169509403407574, 1.3287551403045654, 0.11009923368692398
vb0[639]+012 NORMAL: -0.15302322804927826, -0.03484763950109482, -0.987608015537262
vb0[639]+024 TANGENT: -0.131170853972435, -0.6941786408424377, -0.7077500224113464, -1.0
vb0[639]+040 BLENDWEIGHT: 1.0, 0.0, 0.0, 0.0
vb0[639]+056 BLENDINDICES: 1, 0, 0, 0
vb0[639]+072 COLOR: 1.0, 0.0, 0.5019607843137255, 0.0
vb0[639]+076 TEXCOORD: 0.4026795029640198, 0.06778600066900253

vb0[640]+000 POSITION: 0.003657055087387562, 1.335321068763733, 0.11097873747348785
vb0[640]+012 NORMAL: -0.14279285073280334, 0.13187408447265625, -0.9809278845787048
vb0[640]+024 TANGENT: -0.18220257759094238, -0.02093684673309326, -0.983038067817688, -1.0
vb0[640]+040 BLENDWEIGHT: 1.0, 0.0, 0.0, 0.0
vb0[640]+056 BLENDINDICES: 1, 0, 0, 0
vb0[640]+072 COLOR: 1.0, 0.0, 0.5019607843137255, 0.0
vb0[640]+076 TEXCOORD: 0.4026795029640198, 0.07737500220537186

vb0[641]+000 POSITION: -0.003657055087387562, 1.335321068763733, 0.11097873747348785
vb0[641]+012 NORMAL: 0.14279805123806, 0.13187533617019653, -0.9809268712997437
vb0[641]+024 TANGENT: 0.18220263719558716, -0.02093684673309326, -0.983038067817688, -1.0
vb0[641]+040 BLENDWEIGHT: 1.0, 0.0, 0.0, 0.0
vb0[641]+056 BLENDINDICES: 1, 0, 0, 0
vb0[641]+072 COLOR: 1.0, 0.0, 0.5019607843137255, 0.0
vb0[641]+076 TEXCOORD: 0.41462552547454834, 0.07737500220537186

vb0[642]+000 POSITION: 0.003812227863818407, 1.335193157196045, 0.11203321069478989
vb0[642]+012 NORMAL: 0.15925870835781097, -0.13337278366088867, 0.9781861901283264
vb0[642]+024 TANGENT: 0.19066764414310455, -0.045037396252155304, 0.9806210398674011, -1.0
vb0[642]+040 BLENDWEIGHT: 1.0, 0.0, 0.0, 0.0
vb0[642]+056 BLENDINDICES: 1, 0, 0, 0
vb0[642]+072 COLOR: 1.0, 0.0, 0.5019607843137255, 0.0
vb0[642]+076 TEXCOORD: 0.41462552547454834, 0.046519000083208084

vb0[643]+000 POSITION: 0.003752248827368021, 1.3286380767822266, 0.11112671345472336
vb0[643]+012 NORMAL: 0.1613330841064453, -0.27985548973083496, 0.9463891386985779
vb0[643]+024 TANGENT: 0.12770462036132812, -0.745002031326294, 0.6547240018844604, -1.0
vb0[643]+040 BLENDWEIGHT: 1.0, 0.0, 0.0, 0.0
vb0[643]+056 BLENDINDICES: 1, 0, 0, 0
vb0[643]+072 COLOR: 1.0, 0.0, 0.5019607843137255, 0.0
vb0[643]+076 TEXCOORD: 0.41462552547454834, 0.05814199894666672

vb0[644]+000 POSITION: 0.00765442056581378, 1.3352258205413818, 0.11106065660715103
vb0[644]+012 NORMAL: 0.36812666058540344, -0.12809942662715912, 0.9209089279174805
vb0[644]+024 TANGENT: 0.41293373703956604, -0.02237081527709961, 0.9104862809181213, -1.0
vb0[644]+040 BLENDWEIGHT: 1.0, 0.0, 0.0, 0.0
vb0[644]+056 BLENDINDICES: 1, 0, 0, 0
vb0[644]+072 COLOR: 1.0, 0.0, 0.5019607843137255, 0.0
vb0[644]+076 TEXCOORD: 0.4277075231075287, 0.046519000083208084

vb0[645]+000 POSITION: 0.007671961095184088, 1.32871675491333, 0.11015351116657257
vb0[645]+012 NORMAL: 0.3545514941215515, -0.26024603843688965, 0.8980898261070251
vb0[645]+024 TANGENT: 0.28902795910835266, -0.7594448924064636, 0.5828433632850647, -1.0
vb0[645]+040 BLENDWEIGHT: 1.0, 0.0, 0.0, 0.0
vb0[645]+056 BLENDINDICES: 1, 0, 0, 0
vb0[645]+072 COLOR: 1.0, 0.0, 0.5019607843137255, 0.0
vb0[645]+076 TEXCOORD: 0.4277075231075287, 0.05814199894666672

vb0[646]+000 POSITION: 0.0036169509403407574, 1.3287551403045654, 0.11009923368692398
vb0[646]+012 NORMAL: -0.15302322804927826, -0.03484763950109482, -0.987608015537262
vb0[646]+024 TANGENT: -0.131170853972435, -0.6941786408424377, -0.7077500224113464, -1.0
vb0[646]+040 BLENDWEIGHT: 1.0, 0.0, 0.0, 0.0
vb0[646]+056 BLENDINDICES: 1, 0, 0, 0
vb0[646]+072 COLOR: 1.0, 0.0, 0.5019607843137255, 0.0
vb0[646]+076 TEXCOORD: 0.41462552547454834, 0.06778600066900253

vb0[647]+000 POSITION: 0.007303944788873196, 1.3288601636886597, 0.10918162763118744
vb0[647]+012 NORMAL: -0.3521115779876709, -0.046004150062799454, -0.9348267316818237
vb0[647]+024 TANGENT: -0.26314687728881836, -0.6819404363632202, -0.6824301481246948, -1.0
vb0[647]+040 BLENDWEIGHT: 1.0, 0.0, 0.0, 0.0
vb0[647]+056 BLENDINDICES: 1, 0, 0, 0
vb0[647]+072 COLOR: 1.0, 0.0, 0.5019607843137255, 0.0
vb0[647]+076 TEXCOORD: 0.4277075231075287, 0.06778600066900253

vb0[648]+000 POSITION: 0.007167696952819824, 1.335408329963684, 0.11018909513950348
vb0[648]+012 NORMAL: -0.3521966338157654, 0.1297338455915451, -0.9268908500671387
vb0[648]+024 TANGENT: -0.3808187246322632, -0.04885804280638695, -0.9233580231666565, -1.0
vb0[648]+040 BLENDWEIGHT: 1.0, 0.0, 0.0, 0.0
vb0[648]+056 BLENDINDICES: 1, 0, 0, 0
vb0[648]+072 COLOR: 1.0, 0.0, 0.5019607843137255, 0.0
vb0[648]+076 TEXCOORD: 0.4277075231075287, 0.07737500220537186

vb0[649]+000 POSITION: 0.009080009534955025, 1.3355774879455566, 0.10895656049251556
vb0[649]+012 NORMAL: -0.6292808651924133, 0.09973599016666412, -0.7707517743110657
vb0[649]+024 TANGENT: -0.627072811126709, -0.06119292974472046, -0.7765533924102783, -1.0
vb0[649]+040 BLENDWEIGHT: 1.0, 0.0, 0.0, 0.0
vb0[649]+056 BLENDINDICES: 1, 0, 0, 0
vb0[649]+072 COLOR: 1.0, 0.0, 0.5019607843137255, 0.0
vb0[649]+076 TEXCOORD: 0.4367075264453888, 0.07737500220537186

vb0[650]+000 POSITION: 0.009217160753905773, 1.3290188312530518, 0.10801556706428528
vb0[650]+012 NORMAL: -0.6037145853042603, -0.06685211509466171, -0.7943925261497498
vb0[650]+024 TANGENT: -0.43586593866348267, -0.6580550670623779, -0.6139904260635376, -1.0
vb0[650]+040 BLENDWEIGHT: 1.0, 0.0, 0.0, 0.0
vb0[650]+056 BLENDINDICES: 1, 0, 0, 0
vb0[650]+072 COLOR: 1.0, 0.0, 0.5019607843137255, 0.0
vb0[650]+076 TEXCOORD: 0.4367075264453888, 0.06778600066900253

vb0[651]+000 POSITION: 0.01036358717828989, 1.329181432723999, 0.10683690011501312
vb0[651]+012 NORMAL: -0.8285617828369141, -0.14584258198738098, -0.5405694246292114
vb0[651]+024 TANGENT: -0.6394833922386169, -0.6415073275566101, -0.423708975315094, -1.0
vb0[651]+040 BLENDWEIGHT: 1.0, 0.0, 0.0, 0.0
vb0[651]+056 BLENDINDICES: 1, 0, 0, 0
vb0[651]+072 COLOR: 1.0, 0.0, 0.5019607843137255, 0.0
vb0[651]+076 TEXCOORD: 0.44491952657699585, 0.06778600066900253

vb0[652]+000 POSITION: 0.010353357531130314, 1.3357871770858765, 0.10760700702667236
vb0[652]+012 NORMAL: -0.8406002521514893, 0.0669821947813034, -0.537498414516449
vb0[652]+024 TANGENT: -0.8695526123046875, -0.041402097791433334, -0.4921017289161682, -1.0
vb0[652]+040 BLENDWEIGHT: 1.0, 0.0, 0.0, 0.0
vb0[652]+056 BLENDINDICES: 1, 0, 0, 0
vb0[652]+072 COLOR: 1.0, 0.0, 0.5019607843137255, 0.0
vb0[652]+076 TEXCOORD: 0.44491952657699585, 0.07737500220537186

vb0[653]+000 POSITION: 0.011414451524615288, 1.329500436782837, 0.10450118035078049
vb0[653]+012 NORMAL: -0.9509181380271912, -0.191265270113945, -0.24325348436832428
vb0[653]+024 TANGENT: -0.7325724959373474, -0.642913818359375, -0.223605215549469, -1.0
vb0[653]+040 BLENDWEIGHT: 1.0, 0.0, 0.0, 0.0
vb0[653]+056 BLENDINDICES: 1, 0, 0, 0
vb0[653]+072 COLOR: 1.0, 0.0, 0.5019607843137255, 0.0
vb0[653]+076 TEXCOORD: 0.45437851548194885, 0.06778600066900253

vb0[654]+000 POSITION: 0.011467483825981617, 1.3360460996627808, 0.10532382875680923
vb0[654]+012 NORMAL: -0.9737333059310913, 0.03648260980844498, -0.22475026547908783
vb0[654]+024 TANGENT: -0.9787366390228271, -0.0061110262759029865, -0.20502960681915283, -1.0
vb0[654]+040 BLENDWEIGHT: 1.0, 0.0, 0.0, 0.0
vb0[654]+056 BLENDINDICES: 1, 0, 0, 0
vb0[654]+072 COLOR: 1.0, 0.0, 0.5019607843137255, 0.0
vb0[654]+076 TEXCOORD: 0.45437851548194885, 0.07737500220537186

vb0[655]+000 POSITION: 0.01255310233682394, 1.3293249607086182, 0.10517910867929459
vb0[655]+012 NORMAL: 0.9527767896652222, -0.1890222430229187, 0.23766976594924927
vb0[655]+024 TANGENT: 0.6266036033630371, -0.7734032869338989, 0.09599614143371582, -1.0
vb0[655]+040 BLENDWEIGHT: 1.0, 0.0, 0.0, 0.0
vb0[655]+056 BLENDINDICES: 1, 0, 0, 0
vb0[655]+072 COLOR: 1.0, 0.0, 0.5019607843137255, 0.0
vb0[655]+076 TEXCOORD: 0.45437851548194885, 0.05814199894666672

vb0[656]+000 POSITION: 0.01125404704362154, 1.3289746046066284, 0.10762522369623184
vb0[656]+012 NORMAL: 0.7988671660423279, -0.22070638835430145, 0.5595532059669495
vb0[656]+024 TANGENT: 0.5183740258216858, -0.7942593097686768, 0.3169233500957489, -1.0
vb0[656]+040 BLENDWEIGHT: 1.0, 0.0, 0.0, 0.0
vb0[656]+056 BLENDINDICES: 1, 0, 0, 0
vb0[656]+072 COLOR: 1.0, 0.0, 0.5019607843137255, 0.0
vb0[656]+076 TEXCOORD: 0.44491952657699585, 0.05814199894666672

vb0[657]+000 POSITION: 0.011161413043737411, 1.3355244398117065, 0.10845545679330826
vb0[657]+012 NORMAL: 0.8068608045578003, -0.06730484217405319, 0.5868950486183167
vb0[657]+024 TANGENT: 0.8092796802520752, -0.006535053718835115, 0.587387204170227, -1.0
vb0[657]+040 BLENDWEIGHT: 1.0, 0.0, 0.0, 0.0
vb0[657]+056 BLENDINDICES: 1, 0, 0, 0
vb0[657]+072 COLOR: 1.0, 0.0, 0.5019607843137255, 0.0
vb0[657]+076 TEXCOORD: 0.44491952657699585, 0.046519000083208084

vb0[658]+000 POSITION: 0.0126022445037961, 1.335794448852539, 0.1058301255106926
vb0[658]+012 NORMAL: 0.9633060693740845, -0.037752266973257065, 0.26573723554611206
vb0[658]+024 TANGENT: 0.9642190337181091, -0.018745839595794678, 0.26444315910339355, -1.0
vb0[658]+040 BLENDWEIGHT: 1.0, 0.0, 0.0, 0.0
vb0[658]+056 BLENDINDICES: 1, 0, 0, 0
vb0[658]+072 COLOR: 1.0, 0.0, 0.5019607843137255, 0.0
vb0[658]+076 TEXCOORD: 0.45437851548194885, 0.046519000083208084

vb0[659]+000 POSITION: 0.013405272737145424, 1.330020546913147, 0.0995844230055809
vb0[659]+012 NORMAL: 0.9680309891700745, -0.21638476848602295, 0.12686055898666382
vb0[659]+024 TANGENT: 0.663750171661377, -0.7478746175765991, -0.010923802852630615, -1.0
vb0[659]+040 BLENDWEIGHT: 1.0, 0.0, 0.0, 0.0
vb0[659]+056 BLENDINDICES: 1, 0, 0, 0
vb0[659]+072 COLOR: 1.0, 0.0, 0.5019607843137255, 0.0
vb0[659]+076 TEXCOORD: 0.4703035056591034, 0.05814199894666672

vb0[660]+000 POSITION: 0.013529753312468529, 1.3365470170974731, 0.10018710792064667
vb0[660]+012 NORMAL: 0.986912727355957, -0.03339168801903725, 0.15776017308235168
vb0[660]+024 TANGENT: 0.9907611012458801, -0.02700638957321644, 0.13290239870548248, -1.0
vb0[660]+040 BLENDWEIGHT: 1.0, 0.0, 0.0, 0.0
vb0[660]+056 BLENDINDICES: 1, 0, 0, 0
vb0[660]+072 COLOR: 1.0, 0.0, 0.5019607843137255, 0.0
vb0[660]+076 TEXCOORD: 0.4703035056591034, 0.046519000083208084

vb0[661]+000 POSITION: 0.012071180157363415, 1.3301197290420532, 0.09932102262973785
vb0[661]+012 NORMAL: -0.9775894284248352, -0.1545713096857071, -0.14292152225971222
vb0[661]+024 TANGENT: -0.7353992462158203, -0.6578378677368164, -0.1625956892967224, -1.0
vb0[661]+040 BLENDWEIGHT: 1.0, 0.0, 0.0, 0.0
vb0[661]+056 BLENDINDICES: 1, 0, 0, 0
vb0[661]+072 COLOR: 1.0, 0.0, 0.5019607843137255, 0.0
vb0[661]+076 TEXCOORD: 0.4703035056591034, 0.06778600066900253

vb0[662]+000 POSITION: 0.012176655232906342, 1.3367152214050293, 0.09977907687425613
vb0[662]+012 NORMAL: -0.9919899106025696, 0.024470577016472816, -0.12392401695251465
vb0[662]+024 TANGENT: -0.9956070780754089, 0.010970115661621094, -0.09298539161682129, -1.0
vb0[662]+040 BLENDWEIGHT: 1.0, 0.0, 0.0, 0.0
vb0[662]+056 BLENDINDICES: 1, 0, 0, 0
vb0[662]+072 COLOR: 1.0, 0.0, 0.5019607843137255, 0.0
vb0[662]+076 TEXCOORD: 0.4703035056591034, 0.07737500220537186

vb0[663]+000 POSITION: 0.009865093044936657, 1.3288465738296509, 0.10882046818733215
vb0[663]+012 NORMAL: 0.5740290284156799, -0.23537412285804749, 0.78427654504776
vb0[663]+024 TANGENT: 0.42024123668670654, -0.7772658467292786, 0.4682469069957733, -1.0
vb0[663]+040 BLENDWEIGHT: 1.0, 0.0, 0.0, 0.0
vb0[663]+056 BLENDINDICES: 1, 0, 0, 0
vb0[663]+072 COLOR: 1.0, 0.0, 0.5019607843137255, 0.0
vb0[663]+076 TEXCOORD: 0.4365425109863281, 0.058129001408815384

vb0[664]+000 POSITION: 0.009830626659095287, 1.3354113101959229, 0.10963376611471176
vb0[664]+012 NORMAL: 0.5946054458618164, -0.10216536372900009, 0.7975001931190491
vb0[664]+024 TANGENT: 0.6030406355857849, -0.009028851985931396, 0.7976593971252441, -1.0
vb0[664]+040 BLENDWEIGHT: 1.0, 0.0, 0.0, 0.0
vb0[664]+056 BLENDINDICES: 1, 0, 0, 0
vb0[664]+072 COLOR: 1.0, 0.0, 0.5019607843137255, 0.0
vb0[664]+076 TEXCOORD: 0.4367075264453888, 0.046519000083208084

vb0[665]+000 POSITION: 0.003657055087387562, 1.335321068763733, 0.11097873747348785
vb0[665]+012 NORMAL: -0.14279285073280334, 0.13187408447265625, -0.9809278845787048
vb0[665]+024 TANGENT: -0.18220257759094238, -0.02093684673309326, -0.983038067817688, -1.0
vb0[665]+040 BLENDWEIGHT: 1.0, 0.0, 0.0, 0.0
vb0[665]+056 BLENDINDICES: 1, 0, 0, 0
vb0[665]+072 COLOR: 1.0, 0.0, 0.5019607843137255, 0.0
vb0[665]+076 TEXCOORD: 0.41462552547454834, 0.07737500220537186

vb0[666]+000 POSITION: -0.00765271345153451, 1.328755259513855, 0.10986673086881638
vb0[666]+012 NORMAL: -0.3493579924106598, 0.015363860875368118, 0.936863362789154
vb0[666]+024 TANGENT: -0.29222774505615234, 0.621737003326416, 0.7266677618026733, -1.0
vb0[666]+040 BLENDWEIGHT: 1.0, 0.0, 0.0, 0.0
vb0[666]+056 BLENDINDICES: 0, 0, 0, 0
vb0[666]+072 COLOR: 1.0, 0.0, 0.5019607843137255, 0.0
vb0[666]+076 TEXCOORD: 0.4277075231075287, 0.01962899975478649

vb0[667]+000 POSITION: -0.009830080904066563, 1.328890323638916, 0.10851945728063583
vb0[667]+012 NORMAL: -0.5727342367172241, 0.03506537899374962, 0.8189907670021057
vb0[667]+024 TANGENT: -0.45409178733825684, 0.5915125608444214, 0.6662683486938477, -1.0
vb0[667]+040 BLENDWEIGHT: 1.0, 0.0, 0.0, 0.0
vb0[667]+056 BLENDINDICES: 0, 0, 0, 0
vb0[667]+072 COLOR: 1.0, 0.0, 0.5019607843137255, 0.0
vb0[667]+076 TEXCOORD: 0.4367075264453888, 0.01962899975478649

vb0[668]+000 POSITION: -0.007693682797253132, 1.322040319442749, 0.10899118334054947
vb0[668]+012 NORMAL: -0.3415553569793701, -0.11641781032085419, 0.9326236248016357
vb0[668]+024 TANGENT: -0.3891514241695404, -0.03664332255721092, 0.920444667339325, -1.0
vb0[668]+040 BLENDWEIGHT: 1.0, 0.0, 0.0, 0.0
vb0[668]+056 BLENDINDICES: 0, 0, 0, 0
vb0[668]+072 COLOR: 1.0, 0.0, 0.5019607843137255, 0.0
vb0[668]+076 TEXCOORD: 0.4277075231075287, 0.008004999719560146

vb0[669]+000 POSITION: -0.009852315299212933, 1.3222181797027588, 0.1077418178319931
vb0[669]+012 NORMAL: -0.5576221346855164, -0.089739590883255, 0.825229823589325
vb0[669]+024 TANGENT: -0.5954194068908691, -0.02026420831680298, 0.8031594753265381, -1.0
vb0[669]+040 BLENDWEIGHT: 1.0, 0.0, 0.0, 0.0
vb0[669]+056 BLENDINDICES: 0, 0, 0, 0
vb0[669]+072 COLOR: 1.0, 0.0, 0.5019607843137255, 0.0
vb0[669]+076 TEXCOORD: 0.4367075264453888, 0.008004999719560146

vb0[670]+000 POSITION: -0.00373562122695148, 1.3219937086105347, 0.10992977768182755
vb0[670]+012 NORMAL: -0.17076757550239563, -0.12909603118896484, 0.9768176078796387
vb0[670]+024 TANGENT: -0.1682569980621338, -0.04479163885116577, 0.9847249388694763, -1.0
vb0[670]+040 BLENDWEIGHT: 1.0, 0.0, 0.0, 0.0
vb0[670]+056 BLENDINDICES: 0, 0, 0, 0
vb0[670]+072 COLOR: 1.0, 0.0, 0.5019607843137255, 0.0
vb0[670]+076 TEXCOORD: 0.41462552547454834, 0.008004999719560146

vb0[671]+000 POSITION: -0.0037437391001731157, 1.3287115097045898, 0.11082777380943298
vb0[671]+012 NORMAL: -0.16241416335105896, 0.016493069007992744, 0.9865847826004028
vb0[671]+024 TANGENT: -0.13041603565216064, 0.6536904573440552, 0.7454397678375244, -1.0
vb0[671]+040 BLENDWEIGHT: 1.0, 0.0, 0.0, 0.0
vb0[671]+056 BLENDINDICES: 0, 0, 0, 0
vb0[671]+072 COLOR: 1.0, 0.0, 0.5019607843137255, 0.0
vb0[671]+076 TEXCOORD: 0.41462552547454834, 0.01962899975478649

vb0[672]+000 POSITION: -0.01125037856400013, 1.3290153741836548, 0.10731582343578339
vb0[672]+012 NORMAL: -0.7972939610481262, 0.07466702908277512, 0.5989550352096558
vb0[672]+024 TANGENT: -0.6231753826141357, 0.5991442203521729, 0.5026715993881226, -1.0
vb0[672]+040 BLENDWEIGHT: 1.0, 0.0, 0.0, 0.0
vb0[672]+056 BLENDINDICES: 0, 0, 0, 0
vb0[672]+072 COLOR: 1.0, 0.0, 0.5019607843137255, 0.0
vb0[672]+076 TEXCOORD: 0.44491952657699585, 0.01962899975478649

vb0[673]+000 POSITION: -0.011476276442408562, 1.322356104850769, 0.10648322850465775
vb0[673]+012 NORMAL: -0.8107171654701233, -0.045473337173461914, 0.5836693644523621
vb0[673]+024 TANGENT: -0.8063151836395264, -0.01134508941322565, 0.591377317905426, -1.0
vb0[673]+040 BLENDWEIGHT: 1.0, 0.0, 0.0, 0.0
vb0[673]+056 BLENDINDICES: 0, 0, 0, 0
vb0[673]+072 COLOR: 1.0, 0.0, 0.5019607843137255, 0.0
vb0[673]+076 TEXCOORD: 0.44491952657699585, 0.008004999719560146

vb0[674]+000 POSITION: -0.012473361566662788, 1.3226439952850342, 0.10416535288095474
vb0[674]+012 NORMAL: -0.9700195789337158, -0.02744445763528347, 0.24147218465805054
vb0[674]+024 TANGENT: -0.9636795520782471, -0.006395518779754639, 0.26698458194732666, -1.0
vb0[674]+040 BLENDWEIGHT: 1.0, 0.0, 0.0, 0.0
vb0[674]+056 BLENDINDICES: 0, 0, 0, 0
vb0[674]+072 COLOR: 1.0, 0.0, 0.5019607843137255, 0.0
vb0[674]+076 TEXCOORD: 0.45437851548194885, 0.008004999719560146

vb0[675]+000 POSITION: -0.012552989646792412, 1.3293840885162354, 0.10483503341674805
vb0[675]+012 NORMAL: -0.9551869034767151, 0.1113286241889, 0.2742696702480316
vb0[675]+024 TANGENT: -0.7311066389083862, 0.6261798143386841, 0.2708909213542938, -1.0
vb0[675]+040 BLENDWEIGHT: 1.0, 0.0, 0.0, 0.0
vb0[675]+056 BLENDINDICES: 0, 0, 0, 0
vb0[675]+072 COLOR: 1.0, 0.0, 0.5019607843137255, 0.0
vb0[675]+076 TEXCOORD: 0.45437851548194885, 0.01962899975478649

vb0[676]+000 POSITION: -0.013269980438053608, 1.3233630657196045, 0.09905301034450531
vb0[676]+012 NORMAL: -0.988252580165863, -0.026807161048054695, 0.15045979619026184
vb0[676]+024 TANGENT: -0.990237295627594, -0.007245480548590422, 0.13920331001281738, -1.0
vb0[676]+040 BLENDWEIGHT: 1.0, 0.0, 0.0, 0.0
vb0[676]+056 BLENDINDICES: 0, 0, 0, 0
vb0[676]+072 COLOR: 1.0, 0.0, 0.5019607843137255, 0.0
vb0[676]+076 TEXCOORD: 0.4703035056591034, 0.008004999719560146

vb0[677]+000 POSITION: -0.013372988440096378, 1.330060601234436, 0.09958076477050781
vb0[677]+012 NORMAL: -0.9707682132720947, 0.1666782796382904, 0.1727062165737152
vb0[677]+024 TANGENT: -0.7375720143318176, 0.6495743989944458, 0.18450069427490234, -1.0
vb0[677]+040 BLENDWEIGHT: 1.0, 0.0, 0.0, 0.0
vb0[677]+056 BLENDINDICES: 0, 0, 0, 0
vb0[677]+072 COLOR: 1.0, 0.0, 0.5019607843137255, 0.0
vb0[677]+076 TEXCOORD: 0.4703035056591034, 0.01962899975478649

vb0[678]+000 POSITION: -0.009223590604960918, 1.3290761709213257, 0.1077394112944603
vb0[678]+012 NORMAL: 0.589564323425293, 0.29338765144348145, -0.7525540590286255
vb0[678]+024 TANGENT: 0.38473832607269287, 0.8177748918533325, -0.4280427396297455, -1.0
vb0[678]+040 BLENDWEIGHT: 1.0, 0.0, 0.0, 0.0
vb0[678]+056 BLENDINDICES: 0, 0, 0, 0
vb0[678]+072 COLOR: 1.0, 0.0, 0.5019607843137255, 0.0
vb0[678]+076 TEXCOORD: 0.4367075264453888, 0.02927199937403202

vb0[679]+000 POSITION: -0.010376053862273693, 1.3292300701141357, 0.10654919594526291
vb0[679]+012 NORMAL: 0.8271182775497437, 0.2794053554534912, -0.4876556098461151
vb0[679]+024 TANGENT: 0.5294315218925476, 0.8157007694244385, -0.23309767246246338, -1.0
vb0[679]+040 BLENDWEIGHT: 1.0, 0.0, 0.0, 0.0
vb0[679]+056 BLENDINDICES: 0, 0, 0, 0
vb0[679]+072 COLOR: 1.0, 0.0, 0.5019607843137255, 0.0
vb0[679]+076 TEXCOORD: 0.44491952657699585, 0.02927199937403202

vb0[680]+000 POSITION: -0.009197677485644817, 1.3225425481796265, 0.10677498579025269
vb0[680]+012 NORMAL: 0.5798095464706421, 0.11581054329872131, -0.806479275226593
vb0[680]+024 TANGENT: 0.6077451705932617, 0.05229973793029785, -0.7924081087112427, -1.0
vb0[680]+040 BLENDWEIGHT: 1.0, 0.0, 0.0, 0.0
vb0[680]+056 BLENDINDICES: 0, 0, 0, 0
vb0[680]+072 COLOR: 1.0, 0.0, 0.5019607843137255, 0.0
vb0[680]+076 TEXCOORD: 0.4367075264453888, 0.038860999047756195

vb0[681]+000 POSITION: -0.010417637415230274, 1.3226722478866577, 0.10565221309661865
vb0[681]+012 NORMAL: 0.8531212210655212, 0.0775545984506607, -0.5159160494804382
vb0[681]+024 TANGENT: 0.8589145541191101, 0.032462235540151596, -0.5110889673233032, -1.0
vb0[681]+040 BLENDWEIGHT: 1.0, 0.0, 0.0, 0.0
vb0[681]+056 BLENDINDICES: 0, 0, 0, 0
vb0[681]+072 COLOR: 1.0, 0.0, 0.5019607843137255, 0.0
vb0[681]+076 TEXCOORD: 0.44491952657699585, 0.038860999047756195

vb0[682]+000 POSITION: -0.01143794134259224, 1.3295540809631348, 0.10423361510038376
vb0[682]+012 NORMAL: 0.9477779269218445, 0.26123279333114624, -0.18296049535274506
vb0[682]+024 TANGENT: 0.6253992915153503, 0.779668927192688, -0.03149610757827759, -1.0
vb0[682]+040 BLENDWEIGHT: 1.0, 0.0, 0.0, 0.0
vb0[682]+056 BLENDINDICES: 0, 0, 0, 0
vb0[682]+072 COLOR: 1.0, 0.0, 0.5019607843137255, 0.0
vb0[682]+076 TEXCOORD: 0.45437851548194885, 0.02927199937403202

vb0[683]+000 POSITION: -0.011291172355413437, 1.3229029178619385, 0.10333875566720963
vb0[683]+012 NORMAL: 0.9771843552589417, 0.04935607686638832, -0.20657819509506226
vb0[683]+024 TANGENT: 0.9804602265357971, 0.029111387208104134, -0.19455134868621826, -1.0
vb0[683]+040 BLENDWEIGHT: 1.0, 0.0, 0.0, 0.0
vb0[683]+056 BLENDINDICES: 0, 0, 0, 0
vb0[683]+072 COLOR: 1.0, 0.0, 0.5019607843137255, 0.0
vb0[683]+076 TEXCOORD: 0.45437851548194885, 0.038860999047756195

vb0[684]+000 POSITION: -0.007313536014407873, 1.3223751783370972, 0.1078200712800026
vb0[684]+012 NORMAL: 0.3456748127937317, 0.14493554830551147, -0.9270936250686646
vb0[684]+024 TANGENT: 0.3633859157562256, 0.07916903495788574, -0.9282687902450562, -1.0
vb0[684]+040 BLENDWEIGHT: 1.0, 0.0, 0.0, 0.0
vb0[684]+056 BLENDINDICES: 0, 0, 0, 0
vb0[684]+072 COLOR: 1.0, 0.0, 0.5019607843137255, 0.0
vb0[684]+076 TEXCOORD: 0.4277075231075287, 0.038860999047756195

vb0[685]+000 POSITION: -0.0073004476726055145, 1.3289432525634766, 0.10886643081903458
vb0[685]+012 NORMAL: 0.33939993381500244, 0.31990286707878113, -0.884573221206665
vb0[685]+024 TANGENT: 0.22878311574459076, 0.8017586469650269, -0.5521243810653687, -1.0
vb0[685]+040 BLENDWEIGHT: 1.0, 0.0, 0.0, 0.0
vb0[685]+056 BLENDINDICES: 0, 0, 0, 0
vb0[685]+072 COLOR: 1.0, 0.0, 0.5019607843137255, 0.0
vb0[685]+076 TEXCOORD: 0.4277075231075287, 0.02927199937403202

vb0[686]+000 POSITION: -0.01193009689450264, 1.323487639427185, 0.09872497618198395
vb0[686]+012 NORMAL: 0.9912993311882019, 0.03483866527676582, -0.12693308293819427
vb0[686]+024 TANGENT: 0.9961199760437012, 0.032993920147418976, -0.08158786594867706, -1.0
vb0[686]+040 BLENDWEIGHT: 1.0, 0.0, 0.0, 0.0
vb0[686]+056 BLENDINDICES: 0, 0, 0, 0
vb0[686]+072 COLOR: 1.0, 0.0, 0.5019607843137255, 0.0
vb0[686]+076 TEXCOORD: 0.4703035056591034, 0.038860999047756195

vb0[687]+000 POSITION: -0.012052200734615326, 1.3301931619644165, 0.0992974191904068
vb0[687]+012 NORMAL: 0.9714975357055664, 0.21819712221622467, -0.09264274686574936
vb0[687]+024 TANGENT: 0.6531504392623901, 0.7560625672340393, 0.04199850186705589, -1.0
vb0[687]+040 BLENDWEIGHT: 1.0, 0.0, 0.0, 0.0
vb0[687]+056 BLENDINDICES: 0, 0, 0, 0
vb0[687]+072 COLOR: 1.0, 0.0, 0.5019607843137255, 0.0
vb0[687]+076 TEXCOORD: 0.4703035056591034, 0.02927199937403202

vb0[688]+000 POSITION: -0.0036240797489881516, 1.3288415670394897, 0.10980670899152756
vb0[688]+012 NORMAL: 0.16249285638332367, 0.3039571940898895, -0.9387258291244507
vb0[688]+024 TANGENT: 0.10240482538938522, 0.7725141644477844, -0.6266856789588928, -1.0
vb0[688]+040 BLENDWEIGHT: 1.0, 0.0, 0.0, 0.0
vb0[688]+056 BLENDINDICES: 0, 0, 0, 0
vb0[688]+072 COLOR: 1.0, 0.0, 0.5019607843137255, 0.0
vb0[688]+076 TEXCOORD: 0.41462552547454834, 0.02927199937403202

vb0[689]+000 POSITION: -0.003598345210775733, 1.3223257064819336, 0.10881062597036362
vb0[689]+012 NORMAL: 0.19185224175453186, 0.15063464641571045, -0.969794750213623
vb0[689]+024 TANGENT: 0.16564317047595978, 0.09080446511507034, -0.9819964170455933, -1.0
vb0[689]+040 BLENDWEIGHT: 1.0, 0.0, 0.0, 0.0
vb0[689]+056 BLENDINDICES: 0, 0, 0, 0
vb0[689]+072 COLOR: 1.0, 0.0, 0.5019607843137255, 0.0
vb0[689]+076 TEXCOORD: 0.41462552547454834, 0.038860999047756195

vb0[690]+000 POSITION: -0.00373562122695148, 1.3219937086105347, 0.10992977768182755
vb0[690]+012 NORMAL: -0.17076757550239563, -0.12909603118896484, 0.9768176078796387
vb0[690]+024 TANGENT: -0.1682569980621338, -0.04479163885116577, 0.9847249388694763, -1.0
vb0[690]+040 BLENDWEIGHT: 1.0, 0.0, 0.0, 0.0
vb0[690]+056 BLENDINDICES: 0, 0, 0, 0
vb0[690]+072 COLOR: 1.0, 0.0, 0.5019607843137255, 0.0
vb0[690]+076 TEXCOORD: 0.4026795029640198, 0.008004999719560146

vb0[691]+000 POSITION: -3.6137201675501274e-08, 1.321974515914917, 0.11031290888786316
vb0[691]+012 NORMAL: -2.1642919989517395e-07, -0.1273108869791031, 0.9918628931045532
vb0[691]+024 TANGENT: 0.0, -0.041221559047698975, 0.9991500377655029, -1.0
vb0[691]+040 BLENDWEIGHT: 1.0, 0.0, 0.0, 0.0
vb0[691]+056 BLENDINDICES: 0, 0, 0, 0
vb0[691]+072 COLOR: 1.0, 0.0, 0.5019607843137255, 0.0
vb0[691]+076 TEXCOORD: 0.39384451508522034, 0.008004999719560146

vb0[692]+000 POSITION: -0.0037437391001731157, 1.3287115097045898, 0.11082777380943298
vb0[692]+012 NORMAL: -0.16241416335105896, 0.016493069007992744, 0.9865847826004028
vb0[692]+024 TANGENT: -0.13041603565216064, 0.6536904573440552, 0.7454397678375244, -1.0
vb0[692]+040 BLENDWEIGHT: 1.0, 0.0, 0.0, 0.0
vb0[692]+056 BLENDINDICES: 0, 0, 0, 0
vb0[692]+072 COLOR: 1.0, 0.0, 0.5019607843137255, 0.0
vb0[692]+076 TEXCOORD: 0.4026795029640198, 0.01962899975478649

vb0[693]+000 POSITION: -3.6137201675501274e-08, 1.3287290334701538, 0.11110296845436096
vb0[693]+012 NORMAL: -4.68159043975902e-07, 0.03606697916984558, 0.9993494153022766
vb0[693]+024 TANGENT: 0.0, 0.6736417412757874, 0.7390580773353577, -1.0
vb0[693]+040 BLENDWEIGHT: 1.0, 0.0, 0.0, 0.0
vb0[693]+056 BLENDINDICES: 0, 0, 0, 0
vb0[693]+072 COLOR: 1.0, 0.0, 0.5019607843137255, 0.0
vb0[693]+076 TEXCOORD: 0.39384451508522034, 0.01962899975478649

vb0[694]+000 POSITION: -3.6137201675501274e-08, 1.3288253545761108, 0.110024593770504
vb0[694]+012 NORMAL: -7.641148727088876e-07, 0.2851238250732422, -0.9584906697273254
vb0[694]+024 TANGENT: 0.0, 0.7582190632820129, -0.6520000100135803, -1.0
vb0[694]+040 BLENDWEIGHT: 1.0, 0.0, 0.0, 0.0
vb0[694]+056 BLENDINDICES: 0, 0, 0, 0
vb0[694]+072 COLOR: 1.0, 0.0, 0.5019607843137255, 0.0
vb0[694]+076 TEXCOORD: 0.39384451508522034, 0.02927199937403202

vb0[695]+000 POSITION: -0.0036240797489881516, 1.3288415670394897, 0.10980670899152756
vb0[695]+012 NORMAL: 0.16249285638332367, 0.3039571940898895, -0.9387258291244507
vb0[695]+024 TANGENT: 0.10240482538938522, 0.7725141644477844, -0.6266856789588928, -1.0
vb0[695]+040 BLENDWEIGHT: 1.0, 0.0, 0.0, 0.0
vb0[695]+056 BLENDINDICES: 0, 0, 0, 0
vb0[695]+072 COLOR: 1.0, 0.0, 0.5019607843137255, 0.0
vb0[695]+076 TEXCOORD: 0.4026795029640198, 0.02927199937403202

vb0[696]+000 POSITION: -3.6137201675501274e-08, 1.322303295135498, 0.10926060378551483
vb0[696]+012 NORMAL: -9.482604923505278e-07, 0.14030766487121582, -0.9901080131530762
vb0[696]+024 TANGENT: 0.0, 0.08934438973665237, -0.9960008263587952, -1.0
vb0[696]+040 BLENDWEIGHT: 1.0, 0.0, 0.0, 0.0
vb0[696]+056 BLENDINDICES: 0, 0, 0, 0
vb0[696]+072 COLOR: 1.0, 0.0, 0.5019607843137255, 0.0
vb0[696]+076 TEXCOORD: 0.39384451508522034, 0.038860999047756195

vb0[697]+000 POSITION: -0.003598345210775733, 1.3223257064819336, 0.10881062597036362
vb0[697]+012 NORMAL: 0.19185224175453186, 0.15063464641571045, -0.969794750213623
vb0[697]+024 TANGENT: 0.16564317047595978, 0.09080446511507034, -0.9819964170455933, -1.0
vb0[697]+040 BLENDWEIGHT: 1.0, 0.0, 0.0, 0.0
vb0[697]+056 BLENDINDICES: 0, 0, 0, 0
vb0[697]+072 COLOR: 1.0, 0.0, 0.5019607843137255, 0.0
vb0[697]+076 TEXCOORD: 0.4026795029640198, 0.038860999047756195

vb0[698]+000 POSITION: 0.0037437391001731157, 1.3287115097045898, 0.11082777380943298
vb0[698]+012 NORMAL: 0.16241233050823212, 0.016493668779730797, 0.9865850210189819
vb0[698]+024 TANGENT: 0.1304161548614502, 0.6536939740180969, 0.7454366683959961, -1.0
vb0[698]+040 BLENDWEIGHT: 1.0, 0.0, 0.0, 0.0
vb0[698]+056 BLENDINDICES: 0, 0, 0, 0
vb0[698]+072 COLOR: 1.0, 0.0, 0.5019607843137255, 0.0
vb0[698]+076 TEXCOORD: 0.4026795029640198, 0.01962899975478649

vb0[699]+000 POSITION: 0.00373562122695148, 1.3219937086105347, 0.10992978513240814
vb0[699]+012 NORMAL: 0.1707681268453598, -0.12909705936908722, 0.9768174290657043
vb0[699]+024 TANGENT: 0.16825634241104126, -0.04479145631194115, 0.9847250580787659, -1.0
vb0[699]+040 BLENDWEIGHT: 1.0, 0.0, 0.0, 0.0
vb0[699]+056 BLENDINDICES: 0, 0, 0, 0
vb0[699]+072 COLOR: 1.0, 0.0, 0.5019607843137255, 0.0
vb0[699]+076 TEXCOORD: 0.4026795029640198, 0.008004999719560146

vb0[700]+000 POSITION: 0.0036240797489881516, 1.3288415670394897, 0.10980670899152756
vb0[700]+012 NORMAL: -0.16249272227287292, 0.30395522713661194, -0.9387264847755432
vb0[700]+024 TANGENT: -0.10240494459867477, 0.7725107669830322, -0.6266900300979614, -1.0
vb0[700]+040 BLENDWEIGHT: 1.0, 0.0, 0.0, 0.0
vb0[700]+056 BLENDINDICES: 0, 0, 0, 0
vb0[700]+072 COLOR: 1.0, 0.0, 0.5019607843137255, 0.0
vb0[700]+076 TEXCOORD: 0.4026795029640198, 0.02927199937403202

vb0[701]+000 POSITION: 0.003598345210775733, 1.3223257064819336, 0.10881061106920242
vb0[701]+012 NORMAL: -0.19185425341129303, 0.15063801407814026, -0.9697939157485962
vb0[701]+024 TANGENT: -0.16564393043518066, 0.0908045843243599, -0.9819962978363037, -1.0
vb0[701]+040 BLENDWEIGHT: 1.0, 0.0, 0.0, 0.0
vb0[701]+056 BLENDINDICES: 0, 0, 0, 0
vb0[701]+072 COLOR: 1.0, 0.0, 0.5019607843137255, 0.0
vb0[701]+076 TEXCOORD: 0.4026795029640198, 0.038860999047756195

vb0[702]+000 POSITION: 0.009852315299212933, 1.3222181797027588, 0.1077418178319931
vb0[702]+012 NORMAL: 0.5576220750808716, -0.089739590883255, 0.8252298831939697
vb0[702]+024 TANGENT: 0.5954189896583557, -0.020264266058802605, 0.8031597137451172, -1.0
vb0[702]+040 BLENDWEIGHT: 1.0, 0.0, 0.0, 0.0
vb0[702]+056 BLENDINDICES: 0, 0, 0, 0
vb0[702]+072 COLOR: 1.0, 0.0, 0.5019607843137255, 0.0
vb0[702]+076 TEXCOORD: 0.4367075264453888, 0.008004999719560146

vb0[703]+000 POSITION: 0.009830080904066563, 1.328890323638916, 0.10851945728063583
vb0[703]+012 NORMAL: 0.5727341771125793, 0.0350647009909153, 0.8189908266067505
vb0[703]+024 TANGENT: 0.45410269498825073, 0.5915379524230957, 0.6662384271621704, -1.0
vb0[703]+040 BLENDWEIGHT: 1.0, 0.0, 0.0, 0.0
vb0[703]+056 BLENDINDICES: 0, 0, 0, 0
vb0[703]+072 COLOR: 1.0, 0.0, 0.5019607843137255, 0.0
vb0[703]+076 TEXCOORD: 0.4367075264453888, 0.01962899975478649

vb0[704]+000 POSITION: 0.007693682797253132, 1.322040319442749, 0.10899118334054947
vb0[704]+012 NORMAL: 0.3415559232234955, -0.1164184957742691, 0.9326232671737671
vb0[704]+024 TANGENT: 0.38915035128593445, -0.03664326295256615, 0.9204450845718384, -1.0
vb0[704]+040 BLENDWEIGHT: 1.0, 0.0, 0.0, 0.0
vb0[704]+056 BLENDINDICES: 0, 0, 0, 0
vb0[704]+072 COLOR: 1.0, 0.0, 0.5019607843137255, 0.0
vb0[704]+076 TEXCOORD: 0.4277075231075287, 0.008004999719560146

vb0[705]+000 POSITION: 0.00765271345153451, 1.328755259513855, 0.10986673086881638
vb0[705]+012 NORMAL: 0.34935781359672546, 0.015364485792815685, 0.936863362789154
vb0[705]+024 TANGENT: 0.2922324538230896, 0.6217559576034546, 0.7266496419906616, -1.0
vb0[705]+040 BLENDWEIGHT: 1.0, 0.0, 0.0, 0.0
vb0[705]+056 BLENDINDICES: 0, 0, 0, 0
vb0[705]+072 COLOR: 1.0, 0.0, 0.5019607843137255, 0.0
vb0[705]+076 TEXCOORD: 0.4277075231075287, 0.01962899975478649

vb0[706]+000 POSITION: 0.00373562122695148, 1.3219937086105347, 0.10992978513240814
vb0[706]+012 NORMAL: 0.1707681268453598, -0.12909705936908722, 0.9768174290657043
vb0[706]+024 TANGENT: 0.16825634241104126, -0.04479145631194115, 0.9847250580787659, -1.0
vb0[706]+040 BLENDWEIGHT: 1.0, 0.0, 0.0, 0.0
vb0[706]+056 BLENDINDICES: 0, 0, 0, 0
vb0[706]+072 COLOR: 1.0, 0.0, 0.5019607843137255, 0.0
vb0[706]+076 TEXCOORD: 0.41462552547454834, 0.008004999719560146

vb0[707]+000 POSITION: 0.0037437391001731157, 1.3287115097045898, 0.11082777380943298
vb0[707]+012 NORMAL: 0.16241233050823212, 0.016493668779730797, 0.9865850210189819
vb0[707]+024 TANGENT: 0.1304161548614502, 0.6536939740180969, 0.7454366683959961, -1.0
vb0[707]+040 BLENDWEIGHT: 1.0, 0.0, 0.0, 0.0
vb0[707]+056 BLENDINDICES: 0, 0, 0, 0
vb0[707]+072 COLOR: 1.0, 0.0, 0.5019607843137255, 0.0
vb0[707]+076 TEXCOORD: 0.41462552547454834, 0.01962899975478649

vb0[708]+000 POSITION: 0.01125037856400013, 1.3290153741836548, 0.10731582343578339
vb0[708]+012 NORMAL: 0.7972944974899292, 0.07466685026884079, 0.5989543795585632
vb0[708]+024 TANGENT: 0.6231786608695984, 0.5991502404212952, 0.50266033411026, -1.0
vb0[708]+040 BLENDWEIGHT: 1.0, 0.0, 0.0, 0.0
vb0[708]+056 BLENDINDICES: 0, 0, 0, 0
vb0[708]+072 COLOR: 1.0, 0.0, 0.5019607843137255, 0.0
vb0[708]+076 TEXCOORD: 0.44491952657699585, 0.01962899975478649

vb0[709]+000 POSITION: 0.011476276442408562, 1.322356104850769, 0.10648322850465775
vb0[709]+012 NORMAL: 0.8107181787490845, -0.04547325149178505, 0.5836679935455322
vb0[709]+024 TANGENT: 0.8063159584999084, -0.01134508941322565, 0.5913763642311096, -1.0
vb0[709]+040 BLENDWEIGHT: 1.0, 0.0, 0.0, 0.0
vb0[709]+056 BLENDINDICES: 0, 0, 0, 0
vb0[709]+072 COLOR: 1.0, 0.0, 0.5019607843137255, 0.0
vb0[709]+076 TEXCOORD: 0.44491952657699585, 0.008004999719560146

vb0[710]+000 POSITION: 0.012473361566662788, 1.3226439952850342, 0.10416535288095474
vb0[710]+012 NORMAL: 0.9700198173522949, -0.027444349601864815, 0.24147151410579681
vb0[710]+024 TANGENT: 0.9636797904968262, -0.006395518779754639, 0.26698389649391174, -1.0
vb0[710]+040 BLENDWEIGHT: 1.0, 0.0, 0.0, 0.0
vb0[710]+056 BLENDINDICES: 0, 0, 0, 0
vb0[710]+072 COLOR: 1.0, 0.0, 0.5019607843137255, 0.0
vb0[710]+076 TEXCOORD: 0.45437851548194885, 0.008004999719560146

vb0[711]+000 POSITION: 0.012552989646792412, 1.3293840885162354, 0.10483503341674805
vb0[711]+012 NORMAL: 0.9551862478256226, 0.11132879555225372, 0.27427205443382263
vb0[711]+024 TANGENT: 0.7311064004898071, 0.6261794567108154, 0.2708926200866699, -1.0
vb0[711]+040 BLENDWEIGHT: 1.0, 0.0, 0.0, 0.0
vb0[711]+056 BLENDINDICES: 0, 0, 0, 0
vb0[711]+072 COLOR: 1.0, 0.0, 0.5019607843137255, 0.0
vb0[711]+076 TEXCOORD: 0.45437851548194885, 0.01962899975478649

vb0[712]+000 POSITION: 0.013269980438053608, 1.3233630657196045, 0.09905301034450531
vb0[712]+012 NORMAL: 0.9882526993751526, -0.02680707350373268, 0.15045949816703796
vb0[712]+024 TANGENT: 0.990237295627594, -0.007245481479912996, 0.13920380175113678, -1.0
vb0[712]+040 BLENDWEIGHT: 1.0, 0.0, 0.0, 0.0
vb0[712]+056 BLENDINDICES: 0, 0, 0, 0
vb0[712]+072 COLOR: 1.0, 0.0, 0.5019607843137255, 0.0
vb0[712]+076 TEXCOORD: 0.4703035056591034, 0.008004999719560146

vb0[713]+000 POSITION: 0.013372988440096378, 1.330060601234436, 0.09958076477050781
vb0[713]+012 NORMAL: 0.9707684516906738, 0.16667723655700684, 0.17270618677139282
vb0[713]+024 TANGENT: 0.7375714778900146, 0.649573802947998, 0.18450534343719482, -1.0
vb0[713]+040 BLENDWEIGHT: 1.0, 0.0, 0.0, 0.0
vb0[713]+056 BLENDINDICES: 0, 0, 0, 0
vb0[713]+072 COLOR: 1.0, 0.0, 0.5019607843137255, 0.0
vb0[713]+076 TEXCOORD: 0.4703035056591034, 0.01962899975478649

vb0[714]+000 POSITION: 0.009223590604960918, 1.3290761709213257, 0.1077394112944603
vb0[714]+012 NORMAL: -0.5895640850067139, 0.2933901250362396, -0.7525532245635986
vb0[714]+024 TANGENT: -0.384723424911499, 0.8177595734596252, -0.42808544635772705, -1.0
vb0[714]+040 BLENDWEIGHT: 1.0, 0.0, 0.0, 0.0
vb0[714]+056 BLENDINDICES: 0, 0, 0, 0
vb0[714]+072 COLOR: 1.0, 0.0, 0.5019607843137255, 0.0
vb0[714]+076 TEXCOORD: 0.4367075264453888, 0.02927199937403202

vb0[715]+000 POSITION: 0.010376053862273693, 1.3292300701141357, 0.10654919594526291
vb0[715]+012 NORMAL: -0.8271211981773376, 0.27940940856933594, -0.4876481890678406
vb0[715]+024 TANGENT: -0.5294272899627686, 0.8156991004943848, -0.23311305046081543, -1.0
vb0[715]+040 BLENDWEIGHT: 1.0, 0.0, 0.0, 0.0
vb0[715]+056 BLENDINDICES: 0, 0, 0, 0
vb0[715]+072 COLOR: 1.0, 0.0, 0.5019607843137255, 0.0
vb0[715]+076 TEXCOORD: 0.44491952657699585, 0.02927199937403202

vb0[716]+000 POSITION: 0.009197677485644817, 1.322542667388916, 0.10677498579025269
vb0[716]+012 NORMAL: -0.5798084139823914, 0.11581043899059296, -0.8064801096916199
vb0[716]+024 TANGENT: -0.6077452301979065, 0.05229901894927025, -0.7924081087112427, -1.0
vb0[716]+040 BLENDWEIGHT: 1.0, 0.0, 0.0, 0.0
vb0[716]+056 BLENDINDICES: 0, 0, 0, 0
vb0[716]+072 COLOR: 1.0, 0.0, 0.5019607843137255, 0.0
vb0[716]+076 TEXCOORD: 0.4367075264453888, 0.038860999047756195

vb0[717]+000 POSITION: 0.010417637415230274, 1.3226722478866577, 0.10565220564603806
vb0[717]+012 NORMAL: -0.8531184792518616, 0.07755385339260101, -0.5159207582473755
vb0[717]+024 TANGENT: -0.858914315700531, 0.03246188536286354, -0.511089563369751, -1.0
vb0[717]+040 BLENDWEIGHT: 1.0, 0.0, 0.0, 0.0
vb0[717]+056 BLENDINDICES: 0, 0, 0, 0
vb0[717]+072 COLOR: 1.0, 0.0, 0.5019607843137255, 0.0
vb0[717]+076 TEXCOORD: 0.44491952657699585, 0.038860999047756195

vb0[718]+000 POSITION: 0.011437940411269665, 1.3295540809631348, 0.10423361510038376
vb0[718]+012 NORMAL: -0.9477787017822266, 0.26123324036598206, -0.18295542895793915
vb0[718]+024 TANGENT: -0.6253995895385742, 0.7796688079833984, -0.03149372339248657, -1.0
vb0[718]+040 BLENDWEIGHT: 1.0, 0.0, 0.0, 0.0
vb0[718]+056 BLENDINDICES: 0, 0, 0, 0
vb0[718]+072 COLOR: 1.0, 0.0, 0.5019607843137255, 0.0
vb0[718]+076 TEXCOORD: 0.45437851548194885, 0.02927199937403202

vb0[719]+000 POSITION: 0.011291172355413437, 1.3229029178619385, 0.10333875566720963
vb0[719]+012 NORMAL: -0.9771845936775208, 0.049356140196323395, -0.20657724142074585
vb0[719]+024 TANGENT: -0.9804602265357971, 0.029111387208104134, -0.19455160200595856, -1.0
vb0[719]+040 BLENDWEIGHT: 1.0, 0.0, 0.0, 0.0
vb0[719]+056 BLENDINDICES: 0, 0, 0, 0
vb0[719]+072 COLOR: 1.0, 0.0, 0.5019607843137255, 0.0
vb0[719]+076 TEXCOORD: 0.45437851548194885, 0.038860999047756195

vb0[720]+000 POSITION: 0.007313536014407873, 1.3223751783370972, 0.1078200712800026
vb0[720]+012 NORMAL: -0.3456733524799347, 0.14493760466575623, -0.9270939230918884
vb0[720]+024 TANGENT: -0.3633864223957062, 0.07916879653930664, -0.9282686710357666, -1.0
vb0[720]+040 BLENDWEIGHT: 1.0, 0.0, 0.0, 0.0
vb0[720]+056 BLENDINDICES: 0, 0, 0, 0
vb0[720]+072 COLOR: 1.0, 0.0, 0.5019607843137255, 0.0
vb0[720]+076 TEXCOORD: 0.4277075231075287, 0.038860999047756195

vb0[721]+000 POSITION: 0.0073004476726055145, 1.3289432525634766, 0.10886643081903458
vb0[721]+012 NORMAL: -0.3394005000591278, 0.3199031352996826, -0.8845729827880859
vb0[721]+024 TANGENT: -0.22877682745456696, 0.8017463088035583, -0.5521449446678162, -1.0
vb0[721]+040 BLENDWEIGHT: 1.0, 0.0, 0.0, 0.0
vb0[721]+056 BLENDINDICES: 0, 0, 0, 0
vb0[721]+072 COLOR: 1.0, 0.0, 0.5019607843137255, 0.0
vb0[721]+076 TEXCOORD: 0.4277075231075287, 0.02927199937403202

vb0[722]+000 POSITION: 0.01193009689450264, 1.323487639427185, 0.09872497618198395
vb0[722]+012 NORMAL: -0.9912992119789124, 0.0348387137055397, -0.1269340068101883
vb0[722]+024 TANGENT: -0.9961199760437012, 0.03299391269683838, -0.08158695697784424, -1.0
vb0[722]+040 BLENDWEIGHT: 1.0, 0.0, 0.0, 0.0
vb0[722]+056 BLENDINDICES: 0, 0, 0, 0
vb0[722]+072 COLOR: 1.0, 0.0, 0.5019607843137255, 0.0
vb0[722]+076 TEXCOORD: 0.4703035056591034, 0.038860999047756195

vb0[723]+000 POSITION: 0.012052200734615326, 1.3301931619644165, 0.0992974191904068
vb0[723]+012 NORMAL: -0.9714974164962769, 0.21819545328617096, -0.09264719486236572
vb0[723]+024 TANGENT: -0.6531509160995483, 0.7560619115829468, 0.04200398549437523, -1.0
vb0[723]+040 BLENDWEIGHT: 1.0, 0.0, 0.0, 0.0
vb0[723]+056 BLENDINDICES: 0, 0, 0, 0
vb0[723]+072 COLOR: 1.0, 0.0, 0.5019607843137255, 0.0
vb0[723]+076 TEXCOORD: 0.4703035056591034, 0.02927199937403202

vb0[724]+000 POSITION: 0.0036240797489881516, 1.3288415670394897, 0.10980670899152756
vb0[724]+012 NORMAL: -0.16249272227287292, 0.30395522713661194, -0.9387264847755432
vb0[724]+024 TANGENT: -0.10240494459867477, 0.7725107669830322, -0.6266900300979614, -1.0
vb0[724]+040 BLENDWEIGHT: 1.0, 0.0, 0.0, 0.0
vb0[724]+056 BLENDINDICES: 0, 0, 0, 0
vb0[724]+072 COLOR: 1.0, 0.0, 0.5019607843137255, 0.0
vb0[724]+076 TEXCOORD: 0.41462552547454834, 0.02927199937403202

vb0[725]+000 POSITION: 0.003598345210775733, 1.3223257064819336, 0.10881061106920242
vb0[725]+012 NORMAL: -0.19185425341129303, 0.15063801407814026, -0.9697939157485962
vb0[725]+024 TANGENT: -0.16564393043518066, 0.0908045843243599, -0.9819962978363037, -1.0
vb0[725]+040 BLENDWEIGHT: 1.0, 0.0, 0.0, 0.0
vb0[725]+056 BLENDINDICES: 0, 0, 0, 0
vb0[725]+072 COLOR: 1.0, 0.0, 0.5019607843137255, 0.0
vb0[725]+076 TEXCOORD: 0.41462552547454834, 0.038860999047756195

vb0[726]+000 POSITION: 0.005194247700273991, 1.3257081508636475, 0.08529245108366013
vb0[726]+012 NORMAL: 0.19178307056427002, -0.8664593696594238, -0.46094197034835815
vb0[726]+024 TANGENT: 0.23662132024765015, -0.8110413551330566, -0.5349975228309631, -1.0
vb0[726]+040 BLENDWEIGHT: 1.0, 0.0, 0.0, 0.0
vb0[726]+056 BLENDINDICES: 2, 0, 0, 0
vb0[726]+072 COLOR: 1.0, 0.0, 0.5019607843137255, 0.0
vb0[726]+076 TEXCOORD: 0.6408305168151855, 0.07945500314235687

vb0[727]+000 POSITION: 0.009309174492955208, 1.326241374015808, 0.08671960979700089
vb0[727]+012 NORMAL: 0.3858623206615448, -0.8363462686538696, -0.3894037902355194
vb0[727]+024 TANGENT: 0.4810757040977478, -0.7486233115196228, -0.45621177554130554, -1.0
vb0[727]+040 BLENDWEIGHT: 1.0, 0.0, 0.0, 0.0
vb0[727]+056 BLENDINDICES: 2, 0, 0, 0
vb0[727]+072 COLOR: 1.0, 0.0, 0.5019607843137255, 0.0
vb0[727]+076 TEXCOORD: 0.6290745139122009, 0.07663699984550476

vb0[728]+000 POSITION: 0.005132133141160011, 1.3251038789749146, 0.0890706330537796
vb0[728]+012 NORMAL: 0.1443779021501541, -0.9884904623031616, -0.045185476541519165
vb0[728]+024 TANGENT: 0.15210185945034027, -0.9866155385971069, -0.05877673253417015, -1.0
vb0[728]+040 BLENDWEIGHT: 1.0, 0.0, 0.0, 0.0
vb0[728]+056 BLENDINDICES: 2, 0, 0, 0
vb0[728]+072 COLOR: 1.0, 0.0, 0.5019607843137255, 0.0
vb0[728]+076 TEXCOORD: 0.6405155062675476, 0.0686120018362999

vb0[729]+000 POSITION: 0.010503833182156086, 1.3261977434158325, 0.09001019597053528
vb0[729]+012 NORMAL: 0.4199892282485962, -0.9049577116966248, -0.06826731562614441
vb0[729]+024 TANGENT: 0.5103737115859985, -0.8526151776313782, -0.11209803819656372, -1.0
vb0[729]+040 BLENDWEIGHT: 1.0, 0.0, 0.0, 0.0
vb0[729]+056 BLENDINDICES: 2, 0, 0, 0
vb0[729]+072 COLOR: 1.0, 0.0, 0.5019607843137255, 0.0
vb0[729]+076 TEXCOORD: 0.6237655282020569, 0.06844600290060043

vb0[730]+000 POSITION: -3.190594810575931e-08, 1.3246216773986816, 0.0885218158364296
vb0[730]+012 NORMAL: 0.0, -0.9980921149253845, -0.061742305755615234
vb0[730]+024 TANGENT: 0.0025767681654542685, -0.9979538917541504, -0.06388527154922485, -1.0
vb0[730]+040 BLENDWEIGHT: 1.0, 0.0, 0.0, 0.0
vb0[730]+056 BLENDINDICES: 2, 0, 0, 0
vb0[730]+072 COLOR: 1.0, 0.0, 0.5019607843137255, 0.0
vb0[730]+076 TEXCOORD: 0.6528894901275635, 0.06883200258016586

vb0[731]+000 POSITION: -3.190594810575931e-08, 1.3252509832382202, 0.08455395698547363
vb0[731]+012 NORMAL: 0.0, -0.8795261979103088, -0.4758504033088684
vb0[731]+024 TANGENT: 0.003751814365386963, -0.8258930444717407, -0.5638143420219421, -1.0
vb0[731]+040 BLENDWEIGHT: 1.0, 0.0, 0.0, 0.0
vb0[731]+056 BLENDINDICES: 2, 0, 0, 0
vb0[731]+072 COLOR: 1.0, 0.0, 0.5019607843137255, 0.0
vb0[731]+076 TEXCOORD: 0.6528894901275635, 0.0805009976029396

vb0[732]+000 POSITION: 0.01036605890840292, 1.3279995918273926, 0.0861775130033493
vb0[732]+012 NORMAL: 0.7101711630821228, -0.0254355575889349, -0.7035693526268005
vb0[732]+024 TANGENT: 0.6662033200263977, 0.03613150119781494, -0.7448944449424744, -1.0
vb0[732]+040 BLENDWEIGHT: 1.0, 0.0, 0.0, 0.0
vb0[732]+056 BLENDINDICES: 2, 0, 0, 0
vb0[732]+072 COLOR: 1.0, 0.0, 0.5019607843137255, 0.0
vb0[732]+076 TEXCOORD: 0.624935507774353, 0.07958400249481201

vb0[733]+000 POSITION: 0.012213824316859245, 1.3281692266464233, 0.08998339623212814
vb0[733]+012 NORMAL: 0.9816057085990906, 0.055613160133361816, -0.18264032900333405
vb0[733]+024 TANGENT: 0.9698525667190552, 0.07546651363372803, -0.2317126989364624, -1.0
vb0[733]+040 BLENDWEIGHT: 1.0, 0.0, 0.0, 0.0
vb0[733]+056 BLENDINDICES: 2, 0, 0, 0
vb0[733]+072 COLOR: 1.0, 0.0, 0.5019607843137255, 0.0
vb0[733]+076 TEXCOORD: 0.6163575053215027, 0.06950899958610535

vb0[734]+000 POSITION: 0.005427555181086063, 1.3276346921920776, 0.0841936469078064
vb0[734]+012 NORMAL: 0.23814260959625244, -0.03179912641644478, -0.9707094430923462
vb0[734]+024 TANGENT: 0.2636616826057434, 0.018171070143580437, -0.9644440412521362, -1.0
vb0[734]+040 BLENDWEIGHT: 1.0, 0.0, 0.0, 0.0
vb0[734]+056 BLENDINDICES: 2, 0, 0, 0
vb0[734]+072 COLOR: 1.0, 0.0, 0.5019607843137255, 0.0
vb0[734]+076 TEXCOORD: 0.639865517616272, 0.08438300341367722

vb0[735]+000 POSITION: -3.190594810575931e-08, 1.3272749185562134, 0.08340436965227127
vb0[735]+012 NORMAL: 0.0, -0.003807275788858533, -0.9999927282333374
vb0[735]+024 TANGENT: 0.003520190715789795, 0.028174879029393196, -0.999596893787384, -1.0
vb0[735]+040 BLENDWEIGHT: 1.0, 0.0, 0.0, 0.0
vb0[735]+056 BLENDINDICES: 2, 0, 0, 0
vb0[735]+072 COLOR: 1.0, 0.0, 0.5019607843137255, 0.0
vb0[735]+076 TEXCOORD: 0.6528894901275635, 0.08594799786806107

vb0[736]+000 POSITION: -0.005194247700273991, 1.3257081508636475, 0.08529245108366013
vb0[736]+012 NORMAL: -0.1917833834886551, -0.8664590120315552, -0.46094250679016113
vb0[736]+024 TANGENT: -0.2330218404531479, -0.8116376399993896, -0.5356725454330444, -1.0
vb0[736]+040 BLENDWEIGHT: 1.0, 0.0, 0.0, 0.0
vb0[736]+056 BLENDINDICES: 2, 0, 0, 0
vb0[736]+072 COLOR: 1.0, 0.0, 0.5019607843137255, 0.0
vb0[736]+076 TEXCOORD: 0.6408305168151855, 0.07945500314235687

vb0[737]+000 POSITION: -0.005132133141160011, 1.3251038789749146, 0.0890706330537796
vb0[737]+012 NORMAL: -0.1443788856267929, -0.9884907007217407, -0.04517681151628494
vb0[737]+024 TANGENT: -0.14962853491306305, -0.9869974851608276, -0.05871415138244629, -1.0
vb0[737]+040 BLENDWEIGHT: 1.0, 0.0, 0.0, 0.0
vb0[737]+056 BLENDINDICES: 2, 0, 0, 0
vb0[737]+072 COLOR: 1.0, 0.0, 0.5019607843137255, 0.0
vb0[737]+076 TEXCOORD: 0.6405155062675476, 0.0686120018362999

vb0[738]+000 POSITION: -0.009309174492955208, 1.326241374015808, 0.08671960979700089
vb0[738]+012 NORMAL: -0.3858620524406433, -0.8363467454910278, -0.3894030451774597
vb0[738]+024 TANGENT: -0.4811260402202606, -0.7485758662223816, -0.4562366008758545, -1.0
vb0[738]+040 BLENDWEIGHT: 1.0, 0.0, 0.0, 0.0
vb0[738]+056 BLENDINDICES: 2, 0, 0, 0
vb0[738]+072 COLOR: 1.0, 0.0, 0.5019607843137255, 0.0
vb0[738]+076 TEXCOORD: 0.6290745139122009, 0.07663699984550476

vb0[739]+000 POSITION: -0.010503833182156086, 1.3261977434158325, 0.09001019597053528
vb0[739]+012 NORMAL: -0.41998931765556335, -0.9049577116966248, -0.06826774030923843
vb0[739]+024 TANGENT: -0.5106217265129089, -0.8525335788726807, -0.11158890277147293, -1.0
vb0[739]+040 BLENDWEIGHT: 1.0, 0.0, 0.0, 0.0
vb0[739]+056 BLENDINDICES: 2, 0, 0, 0
vb0[739]+072 COLOR: 1.0, 0.0, 0.5019607843137255, 0.0
vb0[739]+076 TEXCOORD: 0.6237655282020569, 0.06844600290060043

vb0[740]+000 POSITION: -0.01036605890840292, 1.3279995918273926, 0.0861775130033493
vb0[740]+012 NORMAL: -0.7101619243621826, -0.02544221095740795, -0.7035784721374512
vb0[740]+024 TANGENT: -0.6662173271179199, 0.036241769790649414, -0.744876503944397, -1.0
vb0[740]+040 BLENDWEIGHT: 1.0, 0.0, 0.0, 0.0
vb0[740]+056 BLENDINDICES: 2, 0, 0, 0
vb0[740]+072 COLOR: 1.0, 0.0, 0.5019607843137255, 0.0
vb0[740]+076 TEXCOORD: 0.624935507774353, 0.07958400249481201

vb0[741]+000 POSITION: -0.01221382338553667, 1.3281692266464233, 0.08998339623212814
vb0[741]+012 NORMAL: -0.9816052317619324, 0.055613577365875244, -0.18264219164848328
vb0[741]+024 TANGENT: -0.970048725605011, 0.07637012749910355, -0.23059308528900146, -1.0
vb0[741]+040 BLENDWEIGHT: 1.0, 0.0, 0.0, 0.0
vb0[741]+056 BLENDINDICES: 2, 0, 0, 0
vb0[741]+072 COLOR: 1.0, 0.0, 0.5019607843137255, 0.0
vb0[741]+076 TEXCOORD: 0.6163575053215027, 0.06950899958610535

vb0[742]+000 POSITION: -0.005427555181086063, 1.3276346921920776, 0.0841936469078064
vb0[742]+012 NORMAL: -0.23814968764781952, -0.03179635480046272, -0.970707893371582
vb0[742]+024 TANGENT: -0.2603069543838501, 0.01814591884613037, -0.965355396270752, -1.0
vb0[742]+040 BLENDWEIGHT: 1.0, 0.0, 0.0, 0.0
vb0[742]+056 BLENDINDICES: 2, 0, 0, 0
vb0[742]+072 COLOR: 1.0, 0.0, 0.5019607843137255, 0.0
vb0[742]+076 TEXCOORD: 0.639865517616272, 0.08438300341367722

vb0[743]+000 POSITION: 0.010495775379240513, 1.326204776763916, 0.0946660041809082
vb0[743]+012 NORMAL: 0.3844069838523865, -0.9229649901390076, 0.019157543778419495
vb0[743]+024 TANGENT: 0.5047709941864014, -0.8626695275306702, 0.031742095947265625, -1.0
vb0[743]+040 BLENDWEIGHT: 1.0, 0.0, 0.0, 0.0
vb0[743]+056 BLENDINDICES: 2, 0, 0, 0
vb0[743]+072 COLOR: 1.0, 0.0, 0.5019607843137255, 0.0
vb0[743]+076 TEXCOORD: 0.6227895021438599, 0.05567599833011627

vb0[744]+000 POSITION: 0.012241114862263203, 1.3282427787780762, 0.09482202678918839
vb0[744]+012 NORMAL: 0.9970037341117859, 0.07402291148900986, 0.022450439631938934
vb0[744]+024 TANGENT: 0.9957064986228943, 0.0854797437787056, 0.035521626472473145, -1.0
vb0[744]+040 BLENDWEIGHT: 1.0, 0.0, 0.0, 0.0
vb0[744]+056 BLENDINDICES: 2, 0, 0, 0
vb0[744]+072 COLOR: 1.0, 0.0, 0.5019607843137255, 0.0
vb0[744]+076 TEXCOORD: 0.6148164868354797, 0.05600700154900551

vb0[745]+000 POSITION: 0.010293317958712578, 1.3262630701065063, 0.09943686425685883
vb0[745]+012 NORMAL: 0.3811374306678772, -0.9227131009101868, 0.05774875357747078
vb0[745]+024 TANGENT: 0.5065087080001831, -0.8576704859733582, 0.08860242366790771, -1.0
vb0[745]+040 BLENDWEIGHT: 1.0, 0.0, 0.0, 0.0
vb0[745]+056 BLENDINDICES: 2, 0, 0, 0
vb0[745]+072 COLOR: 1.0, 0.0, 0.5019607843137255, 0.0
vb0[745]+076 TEXCOORD: 0.6234264969825745, 0.04224900156259537

vb0[746]+000 POSITION: 0.011947686783969402, 1.3282700777053833, 0.09963642805814743
vb0[746]+012 NORMAL: 0.9889010190963745, 0.07509172707796097, 0.128202885389328
vb0[746]+024 TANGENT: 0.9834662079811096, 0.09016679972410202, 0.15704822540283203, -1.0
vb0[746]+040 BLENDWEIGHT: 1.0, 0.0, 0.0, 0.0
vb0[746]+056 BLENDINDICES: 2, 0, 0, 0
vb0[746]+072 COLOR: 1.0, 0.0, 0.5019607843137255, 0.0
vb0[746]+076 TEXCOORD: 0.6156275272369385, 0.04179399833083153

vb0[747]+000 POSITION: 0.010861977003514767, 1.3282290697097778, 0.10504228621721268
vb0[747]+012 NORMAL: 0.9570479989051819, 0.019501445814967155, 0.2892729938030243
vb0[747]+024 TANGENT: 0.9211795330047607, 0.10753262042999268, 0.37398529052734375, -1.0
vb0[747]+040 BLENDWEIGHT: 1.0, 0.0, 0.0, 0.0
vb0[747]+056 BLENDINDICES: 2, 0, 0, 0
vb0[747]+072 COLOR: 1.0, 0.0, 0.5019607843137255, 0.0
vb0[747]+076 TEXCOORD: 0.6200725436210632, 0.02585200034081936

vb0[748]+000 POSITION: 0.00952215027064085, 1.3264012336730957, 0.10498480498790741
vb0[748]+012 NORMAL: 0.401888906955719, -0.9073556065559387, 0.12325236946344376
vb0[748]+024 TANGENT: 0.5108678936958313, -0.8301949501037598, 0.2231374979019165, -1.0
vb0[748]+040 BLENDWEIGHT: 1.0, 0.0, 0.0, 0.0
vb0[748]+056 BLENDINDICES: 2, 0, 0, 0
vb0[748]+072 COLOR: 1.0, 0.0, 0.5019607843137255, 0.0
vb0[748]+076 TEXCOORD: 0.6265575289726257, 0.027212999761104584

vb0[749]+000 POSITION: 0.0050142682157456875, 1.3254055976867676, 0.09887467324733734
vb0[749]+012 NORMAL: 0.12197553366422653, -0.9919291734695435, 0.03461847081780434
vb0[749]+024 TANGENT: 0.1291135549545288, -0.9907241463661194, 0.04237246513366699, -1.0
vb0[749]+040 BLENDWEIGHT: 1.0, 0.0, 0.0, 0.0
vb0[749]+056 BLENDINDICES: 2, 0, 0, 0
vb0[749]+072 COLOR: 1.0, 0.0, 0.5019607843137255, 0.0
vb0[749]+076 TEXCOORD: 0.6405115127563477, 0.04210599884390831

vb0[750]+000 POSITION: 0.004809032194316387, 1.325508952140808, 0.10484986007213593
vb0[750]+012 NORMAL: 0.10317552089691162, -0.9915677905082703, 0.07841040194034576
vb0[750]+024 TANGENT: 0.12192737311124802, -0.9874891638755798, 0.09999381750822067, -1.0
vb0[750]+040 BLENDWEIGHT: 1.0, 0.0, 0.0, 0.0
vb0[750]+056 BLENDINDICES: 2, 0, 0, 0
vb0[750]+072 COLOR: 1.0, 0.0, 0.5019607843137255, 0.0
vb0[750]+076 TEXCOORD: 0.6411305069923401, 0.02668200060725212

vb0[751]+000 POSITION: -2.2374010768544395e-06, 1.32528817653656, 0.10471265763044357
vb0[751]+012 NORMAL: -1.5767314835102297e-05, -0.9961729645729065, 0.087404265999794
vb0[751]+024 TANGENT: 0.0017235873965546489, -0.9945839047431946, 0.10392248630523682, -1.0
vb0[751]+040 BLENDWEIGHT: 1.0, 0.0, 0.0, 0.0
vb0[751]+056 BLENDINDICES: 2, 0, 0, 0
vb0[751]+072 COLOR: 1.0, 0.0, 0.5019607843137255, 0.0
vb0[751]+076 TEXCOORD: 0.6528885364532471, 0.026321999728679657

vb0[752]+000 POSITION: -3.190594810575931e-08, 1.3249690532684326, 0.0985991433262825
vb0[752]+012 NORMAL: 1.024952234729426e-05, -0.9990004897117615, 0.04469875246286392
vb0[752]+024 TANGENT: 0.002138138050213456, -0.9990656971931458, 0.04316604882478714, -1.0
vb0[752]+040 BLENDWEIGHT: 1.0, 0.0, 0.0, 0.0
vb0[752]+056 BLENDINDICES: 2, 0, 0, 0
vb0[752]+072 COLOR: 1.0, 0.0, 0.5019607843137255, 0.0
vb0[752]+076 TEXCOORD: 0.6528885364532471, 0.042006999254226685

vb0[753]+000 POSITION: 0.008975254371762276, 1.3281899690628052, 0.10811946541070938
vb0[753]+012 NORMAL: 0.6401565670967102, 0.08951384574174881, 0.763011634349823
vb0[753]+024 TANGENT: 0.6865240335464478, 0.12873172760009766, 0.7156206369400024, -1.0
vb0[753]+040 BLENDWEIGHT: 1.0, 0.0, 0.0, 0.0
vb0[753]+056 BLENDINDICES: 2, 0, 0, 0
vb0[753]+072 COLOR: 1.0, 0.0, 0.5019607843137255, 0.0
vb0[753]+076 TEXCOORD: 0.6270084977149963, 0.01634399965405464

vb0[754]+000 POSITION: 0.008336042985320091, 1.3264778852462769, 0.10773768275976181
vb0[754]+012 NORMAL: 0.3617558479309082, -0.8182272911071777, 0.446807324886322
vb0[754]+024 TANGENT: 0.49327123165130615, -0.6995409727096558, 0.5170356631278992, -1.0
vb0[754]+040 BLENDWEIGHT: 1.0, 0.0, 0.0, 0.0
vb0[754]+056 BLENDINDICES: 2, 0, 0, 0
vb0[754]+072 COLOR: 1.0, 0.0, 0.5019607843137255, 0.0
vb0[754]+076 TEXCOORD: 0.6309155225753784, 0.01971999928355217

vb0[755]+000 POSITION: 0.004638539161533117, 1.3283109664916992, 0.10994981229305267
vb0[755]+012 NORMAL: 0.1889767199754715, 0.11500971764326096, 0.9752233624458313
vb0[755]+024 TANGENT: 0.3041765093803406, 0.12929487228393555, 0.9438005685806274, -1.0
vb0[755]+040 BLENDWEIGHT: 1.0, 0.0, 0.0, 0.0
vb0[755]+056 BLENDINDICES: 2, 0, 0, 0
vb0[755]+072 COLOR: 1.0, 0.0, 0.5019607843137255, 0.0
vb0[755]+076 TEXCOORD: 0.6406125426292419, 0.009351000189781189

vb0[756]+000 POSITION: 0.00464761583134532, 1.3262684345245361, 0.10883936285972595
vb0[756]+012 NORMAL: 0.12603667378425598, -0.8641021847724915, 0.4872805178165436
vb0[756]+024 TANGENT: 0.21652169525623322, -0.8110802173614502, 0.5433849096298218, -1.0
vb0[756]+040 BLENDWEIGHT: 1.0, 0.0, 0.0, 0.0
vb0[756]+056 BLENDINDICES: 2, 0, 0, 0
vb0[756]+072 COLOR: 1.0, 0.0, 0.5019607843137255, 0.0
vb0[756]+076 TEXCOORD: 0.6415885090827942, 0.01527899969369173

vb0[757]+000 POSITION: -3.190594810575931e-08, 1.3280985355377197, 0.11036878079175949
vb0[757]+012 NORMAL: -1.1281604201940354e-06, 0.07506193965673447, 0.9971789121627808
vb0[757]+024 TANGENT: 0.0, 0.12402809411287308, 0.9922786951065063, -1.0
vb0[757]+040 BLENDWEIGHT: 1.0, 0.0, 0.0, 0.0
vb0[757]+056 BLENDINDICES: 2, 0, 0, 0
vb0[757]+072 COLOR: 1.0, 0.0, 0.5019607843137255, 0.0
vb0[757]+076 TEXCOORD: 0.6528885364532471, 0.007261000107973814

vb0[758]+000 POSITION: -3.190594810575931e-08, 1.3259576559066772, 0.10900894552469254
vb0[758]+012 NORMAL: 1.5788817108841613e-05, -0.8962144255638123, 0.4436212182044983
vb0[758]+024 TANGENT: 0.0, -0.831253170967102, 0.5558940172195435, -1.0
vb0[758]+040 BLENDWEIGHT: 1.0, 0.0, 0.0, 0.0
vb0[758]+056 BLENDINDICES: 2, 0, 0, 0
vb0[758]+072 COLOR: 1.0, 0.0, 0.5019607843137255, 0.0
vb0[758]+076 TEXCOORD: 0.6528885364532471, 0.013836000114679337

vb0[759]+000 POSITION: -0.0050142682157456875, 1.3254055976867676, 0.09887467324733734
vb0[759]+012 NORMAL: -0.12199272960424423, -0.9919276237487793, 0.03460322320461273
vb0[759]+024 TANGENT: -0.12777996063232422, -0.9908808469772339, 0.04274749755859375, -1.0
vb0[759]+040 BLENDWEIGHT: 1.0, 0.0, 0.0, 0.0
vb0[759]+056 BLENDINDICES: 2, 0, 0, 0
vb0[759]+072 COLOR: 1.0, 0.0, 0.5019607843137255, 0.0
vb0[759]+076 TEXCOORD: 0.6405115127563477, 0.04210599884390831

vb0[760]+000 POSITION: -0.004809032194316387, 1.325508952140808, 0.10484986007213593
vb0[760]+012 NORMAL: -0.10322622209787369, -0.9915609955787659, 0.07842950522899628
vb0[760]+024 TANGENT: -0.12097407877445221, -0.9875822067260742, 0.10023368149995804, -1.0
vb0[760]+040 BLENDWEIGHT: 1.0, 0.0, 0.0, 0.0
vb0[760]+056 BLENDINDICES: 2, 0, 0, 0
vb0[760]+072 COLOR: 1.0, 0.0, 0.5019607843137255, 0.0
vb0[760]+076 TEXCOORD: 0.6411305069923401, 0.02668200060725212

vb0[761]+000 POSITION: -0.00952215027064085, 1.3264012336730957, 0.10498480498790741
vb0[761]+012 NORMAL: -0.4018964469432831, -0.9073535799980164, 0.12324274331331253
vb0[761]+024 TANGENT: -0.5083616971969604, -0.8324766159057617, 0.22034326195716858, -1.0
vb0[761]+040 BLENDWEIGHT: 1.0, 0.0, 0.0, 0.0
vb0[761]+056 BLENDINDICES: 2, 0, 0, 0
vb0[761]+072 COLOR: 1.0, 0.0, 0.5019607843137255, 0.0
vb0[761]+076 TEXCOORD: 0.6265575289726257, 0.027212999761104584

vb0[762]+000 POSITION: -0.010293161496520042, 1.3262630701065063, 0.09943686425685883
vb0[762]+012 NORMAL: -0.38113999366760254, -0.9227123856544495, 0.05774293839931488
vb0[762]+024 TANGENT: -0.5043965578079224, -0.8587422370910645, 0.0902547836303711, -1.0
vb0[762]+040 BLENDWEIGHT: 1.0, 0.0, 0.0, 0.0
vb0[762]+056 BLENDINDICES: 2, 0, 0, 0
vb0[762]+072 COLOR: 1.0, 0.0, 0.5019607843137255, 0.0
vb0[762]+076 TEXCOORD: 0.6234264969825745, 0.04224900156259537

vb0[763]+000 POSITION: -0.00464761583134532, 1.3262684345245361, 0.10883936285972595
vb0[763]+012 NORMAL: -0.12606826424598694, -0.8640668392181396, 0.4873349964618683
vb0[763]+024 TANGENT: -0.2160111516714096, -0.8115003108978271, 0.5429607033729553, -1.0
vb0[763]+040 BLENDWEIGHT: 1.0, 0.0, 0.0, 0.0
vb0[763]+056 BLENDINDICES: 2, 0, 0, 0
vb0[763]+072 COLOR: 1.0, 0.0, 0.5019607843137255, 0.0
vb0[763]+076 TEXCOORD: 0.6415885090827942, 0.01527899969369173

vb0[764]+000 POSITION: -0.004638539161533117, 1.3283109664916992, 0.10994981229305267
vb0[764]+012 NORMAL: -0.18897655606269836, 0.11499533802270889, 0.975225031375885
vb0[764]+024 TANGENT: -0.3054868280887604, 0.12840189039707184, 0.9434992074966431, -1.0
vb0[764]+040 BLENDWEIGHT: 1.0, 0.0, 0.0, 0.0
vb0[764]+056 BLENDINDICES: 2, 0, 0, 0
vb0[764]+072 COLOR: 1.0, 0.0, 0.5019607843137255, 0.0
vb0[764]+076 TEXCOORD: 0.6406125426292419, 0.009351000189781189

vb0[765]+000 POSITION: -0.008336041122674942, 1.3264778852462769, 0.10773768275976181
vb0[765]+012 NORMAL: -0.3617556095123291, -0.8182359337806702, 0.4467916488647461
vb0[765]+024 TANGENT: -0.4937562048435211, -0.7028921842575073, 0.5120033621788025, -1.0
vb0[765]+040 BLENDWEIGHT: 1.0, 0.0, 0.0, 0.0
vb0[765]+056 BLENDINDICES: 2, 0, 0, 0
vb0[765]+072 COLOR: 1.0, 0.0, 0.5019607843137255, 0.0
vb0[765]+076 TEXCOORD: 0.6309155225753784, 0.01971999928355217

vb0[766]+000 POSITION: -0.008975254371762276, 1.3281899690628052, 0.10811950266361237
vb0[766]+012 NORMAL: -0.6401677131652832, 0.08951793611049652, 0.7630018591880798
vb0[766]+024 TANGENT: -0.6889684200286865, 0.12555217742919922, 0.7138341665267944, -1.0
vb0[766]+040 BLENDWEIGHT: 1.0, 0.0, 0.0, 0.0
vb0[766]+056 BLENDINDICES: 2, 0, 0, 0
vb0[766]+072 COLOR: 1.0, 0.0, 0.5019607843137255, 0.0
vb0[766]+076 TEXCOORD: 0.6270084977149963, 0.01634399965405464

vb0[767]+000 POSITION: -0.010861977003514767, 1.3282290697097778, 0.10504228621721268
vb0[767]+012 NORMAL: -0.9570472240447998, 0.019498590379953384, 0.28927549719810486
vb0[767]+024 TANGENT: -0.9222246408462524, 0.10314607620239258, 0.3726426362991333, -1.0
vb0[767]+040 BLENDWEIGHT: 1.0, 0.0, 0.0, 0.0
vb0[767]+056 BLENDINDICES: 2, 0, 0, 0
vb0[767]+072 COLOR: 1.0, 0.0, 0.5019607843137255, 0.0
vb0[767]+076 TEXCOORD: 0.6200725436210632, 0.02585200034081936

vb0[768]+000 POSITION: -0.011947530321776867, 1.3282700777053833, 0.09963642805814743
vb0[768]+012 NORMAL: -0.9889029860496521, 0.07505974918603897, 0.1282065510749817
vb0[768]+024 TANGENT: -0.9832278490066528, 0.08940313756465912, 0.15896520018577576, -1.0
vb0[768]+040 BLENDWEIGHT: 1.0, 0.0, 0.0, 0.0
vb0[768]+056 BLENDINDICES: 2, 0, 0, 0
vb0[768]+072 COLOR: 1.0, 0.0, 0.5019607843137255, 0.0
vb0[768]+076 TEXCOORD: 0.6156275272369385, 0.04179399833083153

vb0[769]+000 POSITION: -0.012241114862263203, 1.3282427787780762, 0.09482202678918839
vb0[769]+012 NORMAL: -0.9970042109489441, 0.07401403039693832, 0.022462595254182816
vb0[769]+024 TANGENT: -0.9954560995101929, 0.08737123757600784, 0.03786075487732887, -1.0
vb0[769]+040 BLENDWEIGHT: 1.0, 0.0, 0.0, 0.0
vb0[769]+056 BLENDINDICES: 2, 0, 0, 0
vb0[769]+072 COLOR: 1.0, 0.0, 0.5019607843137255, 0.0
vb0[769]+076 TEXCOORD: 0.6148164868354797, 0.05600700154900551

vb0[770]+000 POSITION: -0.010495775379240513, 1.326204776763916, 0.0946660041809082
vb0[770]+012 NORMAL: -0.384411096572876, -0.9229631423950195, 0.019164586439728737
vb0[770]+024 TANGENT: -0.5048662424087524, -0.8625627160072327, 0.03310072794556618, -1.0
vb0[770]+040 BLENDWEIGHT: 1.0, 0.0, 0.0, 0.0
vb0[770]+056 BLENDINDICES: 2, 0, 0, 0
vb0[770]+072 COLOR: 1.0, 0.0, 0.5019607843137255, 0.0
vb0[770]+076 TEXCOORD: 0.6227895021438599, 0.05567599833011627

vb0[771]+000 POSITION: -0.005103555042296648, 1.3252314329147339, 0.0936865285038948
vb0[771]+012 NORMAL: -0.13513287901878357, -0.9903948903083801, 0.029273808002471924
vb0[771]+024 TANGENT: -0.13557614386081696, -0.9903731346130371, 0.027930976822972298, -1.0
vb0[771]+040 BLENDWEIGHT: 1.0, 0.0, 0.0, 0.0
vb0[771]+056 BLENDINDICES: 2, 0, 0, 0
vb0[771]+072 COLOR: 1.0, 0.0, 0.5019607843137255, 0.0
vb0[771]+076 TEXCOORD: 0.6403625011444092, 0.05574300140142441

vb0[772]+000 POSITION: -3.190594810575931e-08, 1.3247616291046143, 0.09321346133947372
vb0[772]+012 NORMAL: 0.0, -0.9994282126426697, 0.03380999714136124
vb0[772]+024 TANGENT: 0.0022813081741333008, -0.9994567036628723, 0.032878752797842026, -1.0
vb0[772]+040 BLENDWEIGHT: 1.0, 0.0, 0.0, 0.0
vb0[772]+056 BLENDINDICES: 2, 0, 0, 0
vb0[772]+072 COLOR: 1.0, 0.0, 0.5019607843137255, 0.0
vb0[772]+076 TEXCOORD: 0.6528894901275635, 0.05582699924707413

vb0[773]+000 POSITION: 0.005103555042296648, 1.3252314329147339, 0.0936865285038948
vb0[773]+012 NORMAL: 0.13513202965259552, -0.9903950095176697, 0.02927582338452339
vb0[773]+024 TANGENT: 0.13752597570419312, -0.9901120066642761, 0.02765512652695179, -1.0
vb0[773]+040 BLENDWEIGHT: 1.0, 0.0, 0.0, 0.0
vb0[773]+056 BLENDINDICES: 2, 0, 0, 0
vb0[773]+072 COLOR: 1.0, 0.0, 0.5019607843137255, 0.0
vb0[773]+076 TEXCOORD: 0.6403625011444092, 0.05574300140142441

vb0[774]+000 POSITION: 0.004570003133267164, 1.3298577070236206, 0.1084890142083168
vb0[774]+012 NORMAL: 0.06115427240729332, 0.9237762689590454, 0.37801796197891235
vb0[774]+024 TANGENT: 0.15205492079257965, 0.8819587826728821, 0.44612565636634827, -1.0
vb0[774]+040 BLENDWEIGHT: 1.0, 0.0, 0.0, 0.0
vb0[774]+056 BLENDINDICES: 2, 0, 0, 0
vb0[774]+072 COLOR: 1.0, 0.0, 0.5019607843137255, 0.0
vb0[774]+076 TEXCOORD: 0.6640565395355225, 0.015845999121665955

vb0[775]+000 POSITION: 0.008204597979784012, 1.3296171426773071, 0.10734620690345764
vb0[775]+012 NORMAL: 0.31458157300949097, 0.8735543489456177, 0.3714045286178589
vb0[775]+024 TANGENT: 0.4164622128009796, 0.8056640625, 0.4212656021118164, -1.0
vb0[775]+040 BLENDWEIGHT: 1.0, 0.0, 0.0, 0.0
vb0[775]+056 BLENDINDICES: 2, 0, 0, 0
vb0[775]+072 COLOR: 1.0, 0.0, 0.5019607843137255, 0.0
vb0[775]+076 TEXCOORD: 0.6744005084037781, 0.02005700021982193

vb0[776]+000 POSITION: 0.004745983984321356, 1.3304952383041382, 0.10448164492845535
vb0[776]+012 NORMAL: 0.04862038791179657, 0.9953356385231018, 0.08332470804452896
vb0[776]+024 TANGENT: 0.0710378885269165, 0.9921034574508667, 0.10336482524871826, -1.0
vb0[776]+040 BLENDWEIGHT: 1.0, 0.0, 0.0, 0.0
vb0[776]+056 BLENDINDICES: 2, 0, 0, 0
vb0[776]+072 COLOR: 1.0, 0.0, 0.5019607843137255, 0.0
vb0[776]+076 TEXCOORD: 0.6646125316619873, 0.026676999405026436

vb0[777]+000 POSITION: 0.009323501028120518, 1.3297698497772217, 0.10455327481031418
vb0[777]+012 NORMAL: 0.33722174167633057, 0.9349519610404968, 0.11020956188440323
vb0[777]+024 TANGENT: 0.42868223786354065, 0.8817415833473206, 0.19688406586647034, -1.0
vb0[777]+040 BLENDWEIGHT: 1.0, 0.0, 0.0, 0.0
vb0[777]+056 BLENDINDICES: 2, 0, 0, 0
vb0[777]+072 COLOR: 1.0, 0.0, 0.5019607843137255, 0.0
vb0[777]+076 TEXCOORD: 0.6785145401954651, 0.027341999113559723

vb0[778]+000 POSITION: -2.2374010768544395e-06, 1.3303261995315552, 0.10444526374340057
vb0[778]+012 NORMAL: 9.782062079466414e-06, 0.9961678385734558, 0.08746276795864105
vb0[778]+024 TANGENT: 0.0, 0.9949643611907959, 0.10022905468940735, -1.0
vb0[778]+040 BLENDWEIGHT: 1.0, 0.0, 0.0, 0.0
vb0[778]+056 BLENDINDICES: 2, 0, 0, 0
vb0[778]+072 COLOR: 1.0, 0.0, 0.5019607843137255, 0.0
vb0[778]+076 TEXCOORD: 0.6528534889221191, 0.02631700038909912

vb0[779]+000 POSITION: -3.190594810575931e-08, 1.3296525478363037, 0.1087181344628334
vb0[779]+012 NORMAL: -8.314412298204843e-06, 0.9304478764533997, 0.3664243519306183
vb0[779]+024 TANGENT: -0.0011453626211732626, 0.8916793465614319, 0.45266613364219666, -1.0
vb0[779]+040 BLENDWEIGHT: 1.0, 0.0, 0.0, 0.0
vb0[779]+056 BLENDINDICES: 2, 0, 0, 0
vb0[779]+072 COLOR: 1.0, 0.0, 0.5019607843137255, 0.0
vb0[779]+076 TEXCOORD: 0.6528534889221191, 0.014468000270426273

vb0[780]+000 POSITION: 0.004638539161533117, 1.3283109664916992, 0.10994981229305267
vb0[780]+012 NORMAL: 0.1889767199754715, 0.11500971764326096, 0.9752233624458313
vb0[780]+024 TANGENT: 0.3041765093803406, 0.12929487228393555, 0.9438005685806274, -1.0
vb0[780]+040 BLENDWEIGHT: 1.0, 0.0, 0.0, 0.0
vb0[780]+056 BLENDINDICES: 2, 0, 0, 0
vb0[780]+072 COLOR: 1.0, 0.0, 0.5019607843137255, 0.0
vb0[780]+076 TEXCOORD: 0.6650314927101135, 0.00979700032621622

vb0[781]+000 POSITION: 0.008975254371762276, 1.3281899690628052, 0.10811946541070938
vb0[781]+012 NORMAL: 0.6401565670967102, 0.08951384574174881, 0.763011634349823
vb0[781]+024 TANGENT: 0.6865240335464478, 0.12873172760009766, 0.7156206369400024, -1.0
vb0[781]+040 BLENDWEIGHT: 1.0, 0.0, 0.0, 0.0
vb0[781]+056 BLENDINDICES: 2, 0, 0, 0
vb0[781]+072 COLOR: 1.0, 0.0, 0.5019607843137255, 0.0
vb0[781]+076 TEXCOORD: 0.6783825159072876, 0.016635999083518982

vb0[782]+000 POSITION: 0.004973665811121464, 1.3307507038116455, 0.09849133342504501
vb0[782]+012 NORMAL: 0.05801280960440636, 0.9981826543807983, 0.016306346282362938
vb0[782]+024 TANGENT: 0.06781446933746338, 0.9975429773330688, 0.017581582069396973, -1.0
vb0[782]+040 BLENDWEIGHT: 1.0, 0.0, 0.0, 0.0
vb0[782]+056 BLENDINDICES: 2, 0, 0, 0
vb0[782]+072 COLOR: 1.0, 0.0, 0.5019607843137255, 0.0
vb0[782]+076 TEXCOORD: 0.6652325391769409, 0.04210200160741806

vb0[783]+000 POSITION: 0.010045405477285385, 1.329946756362915, 0.09897980839014053
vb0[783]+012 NORMAL: 0.3317042887210846, 0.9424607753753662, 0.041713032871484756
vb0[783]+024 TANGENT: 0.4251294434070587, 0.9025834798812866, 0.06788350641727448, -1.0
vb0[783]+040 BLENDWEIGHT: 1.0, 0.0, 0.0, 0.0
vb0[783]+056 BLENDINDICES: 2, 0, 0, 0
vb0[783]+072 COLOR: 1.0, 0.0, 0.5019607843137255, 0.0
vb0[783]+076 TEXCOORD: 0.6814995408058167, 0.04228400066494942

vb0[784]+000 POSITION: 0.011947686783969402, 1.3282700777053833, 0.09963642805814743
vb0[784]+012 NORMAL: 0.9889010190963745, 0.07509172707796097, 0.128202885389328
vb0[784]+024 TANGENT: 0.9834662079811096, 0.09016679972410202, 0.15704822540283203, -1.0
vb0[784]+040 BLENDWEIGHT: 1.0, 0.0, 0.0, 0.0
vb0[784]+056 BLENDINDICES: 2, 0, 0, 0
vb0[784]+072 COLOR: 1.0, 0.0, 0.5019607843137255, 0.0
vb0[784]+076 TEXCOORD: 0.6895344853401184, 0.041832998394966125

vb0[785]+000 POSITION: 0.010861977003514767, 1.3282290697097778, 0.10504228621721268
vb0[785]+012 NORMAL: 0.9570479989051819, 0.019501445814967155, 0.2892729938030243
vb0[785]+024 TANGENT: 0.9211795330047607, 0.10753262042999268, 0.37398529052734375, -1.0
vb0[785]+040 BLENDWEIGHT: 1.0, 0.0, 0.0, 0.0
vb0[785]+056 BLENDINDICES: 2, 0, 0, 0
vb0[785]+072 COLOR: 1.0, 0.0, 0.5019607843137255, 0.0
vb0[785]+076 TEXCOORD: 0.6851724982261658, 0.025983000174164772

vb0[786]+000 POSITION: -3.190594810575931e-08, 1.3305774927139282, 0.09836718440055847
vb0[786]+012 NORMAL: -4.283708221919369e-06, 0.9999332427978516, 0.011561250314116478
vb0[786]+024 TANGENT: 0.0, 0.9999501705169678, 0.009990098886191845, -1.0
vb0[786]+040 BLENDWEIGHT: 1.0, 0.0, 0.0, 0.0
vb0[786]+056 BLENDINDICES: 2, 0, 0, 0
vb0[786]+072 COLOR: 1.0, 0.0, 0.5019607843137255, 0.0
vb0[786]+076 TEXCOORD: 0.6528545022010803, 0.04200199991464615

vb0[787]+000 POSITION: -0.004570003133267164, 1.3298577070236206, 0.1084890142083168
vb0[787]+012 NORMAL: -0.061167873442173004, 0.9237573146820068, 0.3780618906021118
vb0[787]+024 TANGENT: -0.15373408794403076, 0.8816254734992981, 0.4462089240550995, -1.0
vb0[787]+040 BLENDWEIGHT: 1.0, 0.0, 0.0, 0.0
vb0[787]+056 BLENDINDICES: 2, 0, 0, 0
vb0[787]+072 COLOR: 1.0, 0.0, 0.5019607843137255, 0.0
vb0[787]+076 TEXCOORD: 0.6640565395355225, 0.015845999121665955

vb0[788]+000 POSITION: -0.0047459835186600685, 1.3304952383041382, 0.10448164492845535
vb0[788]+012 NORMAL: -0.048638492822647095, 0.99533611536026, 0.08330908417701721
vb0[788]+024 TANGENT: -0.07218921929597855, 0.9920126795768738, 0.10343898087739944, -1.0
vb0[788]+040 BLENDWEIGHT: 1.0, 0.0, 0.0, 0.0
vb0[788]+056 BLENDINDICES: 2, 0, 0, 0
vb0[788]+072 COLOR: 1.0, 0.0, 0.5019607843137255, 0.0
vb0[788]+076 TEXCOORD: 0.6646125316619873, 0.026676999405026436

vb0[789]+000 POSITION: -0.008204597979784012, 1.3296171426773071, 0.10734620690345764
vb0[789]+012 NORMAL: -0.31458356976509094, 0.8735631108283997, 0.3713821768760681
vb0[789]+024 TANGENT: -0.4168962240219116, 0.8052988648414612, 0.4215344786643982, -1.0
vb0[789]+040 BLENDWEIGHT: 1.0, 0.0, 0.0, 0.0
vb0[789]+056 BLENDINDICES: 2, 0, 0, 0
vb0[789]+072 COLOR: 1.0, 0.0, 0.5019607843137255, 0.0
vb0[789]+076 TEXCOORD: 0.6744005084037781, 0.02005700021982193

vb0[790]+000 POSITION: -0.00932349730283022, 1.3297698497772217, 0.10455327481031418
vb0[790]+012 NORMAL: -0.3372228145599365, 0.9349512457847595, 0.11021286249160767
vb0[790]+024 TANGENT: -0.4280303716659546, 0.8821377754211426, 0.19652710855007172, -1.0
vb0[790]+040 BLENDWEIGHT: 1.0, 0.0, 0.0, 0.0
vb0[790]+056 BLENDINDICES: 2, 0, 0, 0
vb0[790]+072 COLOR: 1.0, 0.0, 0.5019607843137255, 0.0
vb0[790]+076 TEXCOORD: 0.6785145401954651, 0.027341999113559723

vb0[791]+000 POSITION: -0.004638539161533117, 1.3283109664916992, 0.10994981229305267
vb0[791]+012 NORMAL: -0.18897655606269836, 0.11499533802270889, 0.975225031375885
vb0[791]+024 TANGENT: -0.3054868280887604, 0.12840189039707184, 0.9434992074966431, -1.0
vb0[791]+040 BLENDWEIGHT: 1.0, 0.0, 0.0, 0.0
vb0[791]+056 BLENDINDICES: 2, 0, 0, 0
vb0[791]+072 COLOR: 1.0, 0.0, 0.5019607843137255, 0.0
vb0[791]+076 TEXCOORD: 0.6650314927101135, 0.00979700032621622

vb0[792]+000 POSITION: -0.008975254371762276, 1.3281899690628052, 0.10811950266361237
vb0[792]+012 NORMAL: -0.6401677131652832, 0.08951793611049652, 0.7630018591880798
vb0[792]+024 TANGENT: -0.6889684200286865, 0.12555217742919922, 0.7138341665267944, -1.0
vb0[792]+040 BLENDWEIGHT: 1.0, 0.0, 0.0, 0.0
vb0[792]+056 BLENDINDICES: 2, 0, 0, 0
vb0[792]+072 COLOR: 1.0, 0.0, 0.5019607843137255, 0.0
vb0[792]+076 TEXCOORD: 0.6783825159072876, 0.016635999083518982

vb0[793]+000 POSITION: -0.004973666742444038, 1.3307507038116455, 0.09849133342504501
vb0[793]+012 NORMAL: -0.058013152331113815, 0.9981828331947327, 0.016289696097373962
vb0[793]+024 TANGENT: -0.06885349750518799, 0.997471809387207, 0.017581818625330925, -1.0
vb0[793]+040 BLENDWEIGHT: 1.0, 0.0, 0.0, 0.0
vb0[793]+056 BLENDINDICES: 2, 0, 0, 0
vb0[793]+072 COLOR: 1.0, 0.0, 0.5019607843137255, 0.0
vb0[793]+076 TEXCOORD: 0.6652325391769409, 0.04210200160741806

vb0[794]+000 POSITION: -0.01004540454596281, 1.329946756362915, 0.09897980839014053
vb0[794]+012 NORMAL: -0.3317094147205353, 0.9424589276313782, 0.04171383008360863
vb0[794]+024 TANGENT: -0.4235225021839142, 0.9033788442611694, 0.06734490394592285, -1.0
vb0[794]+040 BLENDWEIGHT: 1.0, 0.0, 0.0, 0.0
vb0[794]+056 BLENDINDICES: 2, 0, 0, 0
vb0[794]+072 COLOR: 1.0, 0.0, 0.5019607843137255, 0.0
vb0[794]+076 TEXCOORD: 0.6814995408058167, 0.04228400066494942

vb0[795]+000 POSITION: -0.011947530321776867, 1.3282700777053833, 0.09963642805814743
vb0[795]+012 NORMAL: -0.9889029860496521, 0.07505974918603897, 0.1282065510749817
vb0[795]+024 TANGENT: -0.9832278490066528, 0.08940313756465912, 0.15896520018577576, -1.0
vb0[795]+040 BLENDWEIGHT: 1.0, 0.0, 0.0, 0.0
vb0[795]+056 BLENDINDICES: 2, 0, 0, 0
vb0[795]+072 COLOR: 1.0, 0.0, 0.5019607843137255, 0.0
vb0[795]+076 TEXCOORD: 0.6895344853401184, 0.041832998394966125

vb0[796]+000 POSITION: -0.010861977003514767, 1.3282290697097778, 0.10504228621721268
vb0[796]+012 NORMAL: -0.9570472240447998, 0.019498590379953384, 0.28927549719810486
vb0[796]+024 TANGENT: -0.9222246408462524, 0.10314607620239258, 0.3726426362991333, -1.0
vb0[796]+040 BLENDWEIGHT: 1.0, 0.0, 0.0, 0.0
vb0[796]+056 BLENDINDICES: 2, 0, 0, 0
vb0[796]+072 COLOR: 1.0, 0.0, 0.5019607843137255, 0.0
vb0[796]+076 TEXCOORD: 0.6851724982261658, 0.025983000174164772

vb0[797]+000 POSITION: 0.01023076195269823, 1.3299059867858887, 0.09420372545719147
vb0[797]+012 NORMAL: 0.322338730096817, 0.9464789628982544, -0.01659335568547249
vb0[797]+024 TANGENT: 0.4148782789707184, 0.9098290205001831, -0.009335458278656006, -1.0
vb0[797]+040 BLENDWEIGHT: 1.0, 0.0, 0.0, 0.0
vb0[797]+056 BLENDINDICES: 2, 0, 0, 0
vb0[797]+072 COLOR: 1.0, 0.0, 0.5019607843137255, 0.0
vb0[797]+076 TEXCOORD: 0.682113528251648, 0.05563800036907196

vb0[798]+000 POSITION: 0.005069741979241371, 1.3306491374969482, 0.09332939237356186
vb0[798]+012 NORMAL: 0.0549534447491169, 0.9976381063461304, -0.04121265932917595
vb0[798]+024 TANGENT: 0.06168573722243309, 0.9973182082176208, -0.03938502073287964, -1.0
vb0[798]+040 BLENDWEIGHT: 1.0, 0.0, 0.0, 0.0
vb0[798]+056 BLENDINDICES: 2, 0, 0, 0
vb0[798]+072 COLOR: 1.0, 0.0, 0.5019607843137255, 0.0
vb0[798]+076 TEXCOORD: 0.6653825044631958, 0.055737998336553574

vb0[799]+000 POSITION: -0.012241114862263203, 1.3282427787780762, 0.09482202678918839
vb0[799]+012 NORMAL: -0.9970042109489441, 0.07401403039693832, 0.022462595254182816
vb0[799]+024 TANGENT: -0.9954560995101929, 0.08737123757600784, 0.03786075487732887, -1.0
vb0[799]+040 BLENDWEIGHT: 1.0, 0.0, 0.0, 0.0
vb0[799]+056 BLENDINDICES: 2, 0, 0, 0
vb0[799]+072 COLOR: 1.0, 0.0, 0.5019607843137255, 0.0
vb0[799]+076 TEXCOORD: 0.6903395056724548, 0.0559689998626709

vb0[800]+000 POSITION: -0.01023076381534338, 1.3299059867858887, 0.09420372545719147
vb0[800]+012 NORMAL: -0.32233884930610657, 0.9464787244796753, -0.016604024916887283
vb0[800]+024 TANGENT: -0.4133172929286957, 0.9105463624000549, -0.00860500242561102, -1.0
vb0[800]+040 BLENDWEIGHT: 1.0, 0.0, 0.0, 0.0
vb0[800]+056 BLENDINDICES: 2, 0, 0, 0
vb0[800]+072 COLOR: 1.0, 0.0, 0.5019607843137255, 0.0
vb0[800]+076 TEXCOORD: 0.682113528251648, 0.05563800036907196

vb0[801]+000 POSITION: -0.005069741979241371, 1.3306491374969482, 0.09332939237356186
vb0[801]+012 NORMAL: -0.05495366081595421, 0.997637152671814, -0.04123552888631821
vb0[801]+024 TANGENT: -0.06254518777132034, 0.997268557548523, -0.03928816318511963, -1.0
vb0[801]+040 BLENDWEIGHT: 1.0, 0.0, 0.0, 0.0
vb0[801]+056 BLENDINDICES: 2, 0, 0, 0
vb0[801]+072 COLOR: 1.0, 0.0, 0.5019607843137255, 0.0
vb0[801]+076 TEXCOORD: 0.6653825044631958, 0.055737998336553574

vb0[802]+000 POSITION: -3.190594810575931e-08, 1.3304662704467773, 0.09302866458892822
vb0[802]+012 NORMAL: 0.0, 0.9989221096038818, -0.046417031437158585
vb0[802]+024 TANGENT: 0.0, 0.9988929629325867, -0.047041185200214386, -1.0
vb0[802]+040 BLENDWEIGHT: 1.0, 0.0, 0.0, 0.0
vb0[802]+056 BLENDINDICES: 2, 0, 0, 0
vb0[802]+072 COLOR: 1.0, 0.0, 0.5019607843137255, 0.0
vb0[802]+076 TEXCOORD: 0.6528555154800415, 0.055821001529693604

vb0[803]+000 POSITION: 0.010238692164421082, 1.3297216892242432, 0.08955725282430649
vb0[803]+012 NORMAL: 0.3299868106842041, 0.9354115724563599, -0.12694025039672852
vb0[803]+024 TANGENT: 0.40676429867744446, 0.8977687954902649, -0.16897936165332794, -1.0
vb0[803]+040 BLENDWEIGHT: 1.0, 0.0, 0.0, 0.0
vb0[803]+056 BLENDINDICES: 2, 0, 0, 0
vb0[803]+072 COLOR: 1.0, 0.0, 0.5019607843137255, 0.0
vb0[803]+076 TEXCOORD: 0.681194543838501, 0.06834500283002853

vb0[804]+000 POSITION: 0.005091384053230286, 1.3303110599517822, 0.088749960064888
vb0[804]+012 NORMAL: 0.04089537262916565, 0.9873738884925842, -0.15303684771060944
vb0[804]+024 TANGENT: 0.0550122931599617, 0.9855600595474243, -0.16014035046100616, -1.0
vb0[804]+040 BLENDWEIGHT: 1.0, 0.0, 0.0, 0.0
vb0[804]+056 BLENDINDICES: 2, 0, 0, 0
vb0[804]+072 COLOR: 1.0, 0.0, 0.5019607843137255, 0.0
vb0[804]+076 TEXCOORD: 0.6652294993400574, 0.06860599666833878

vb0[805]+000 POSITION: 0.009130066260695457, 1.3293360471725464, 0.08645205944776535
vb0[805]+012 NORMAL: 0.27596956491470337, 0.8485655784606934, -0.45141690969467163
vb0[805]+024 TANGENT: 0.3777761161327362, 0.777354896068573, -0.5029956102371216, -1.0
vb0[805]+040 BLENDWEIGHT: 1.0, 0.0, 0.0, 0.0
vb0[805]+056 BLENDINDICES: 2, 0, 0, 0
vb0[805]+072 COLOR: 1.0, 0.0, 0.5019607843137255, 0.0
vb0[805]+076 TEXCOORD: 0.6762115359306335, 0.0763470008969307

vb0[806]+000 POSITION: 0.005140198394656181, 1.3292756080627441, 0.0851975679397583
vb0[806]+012 NORMAL: 0.0711093321442604, 0.8589047193527222, -0.5071746110916138
vb0[806]+024 TANGENT: 0.1277627944946289, 0.8008950352668762, -0.585016131401062, -1.0
vb0[806]+040 BLENDWEIGHT: 1.0, 0.0, 0.0, 0.0
vb0[806]+056 BLENDINDICES: 2, 0, 0, 0
vb0[806]+072 COLOR: 1.0, 0.0, 0.5019607843137255, 0.0
vb0[806]+076 TEXCOORD: 0.6648125052452087, 0.0789709985256195

vb0[807]+000 POSITION: -3.190594810575931e-08, 1.3301247358322144, 0.08839293569326401
vb0[807]+012 NORMAL: 0.0, 0.985346794128418, -0.17056289315223694
vb0[807]+024 TANGENT: 0.0, 0.9838851690292358, -0.17880131304264069, -1.0
vb0[807]+040 BLENDWEIGHT: 1.0, 0.0, 0.0, 0.0
vb0[807]+056 BLENDINDICES: 2, 0, 0, 0
vb0[807]+072 COLOR: 1.0, 0.0, 0.5019607843137255, 0.0
vb0[807]+076 TEXCOORD: 0.6528555154800415, 0.06882700324058533

vb0[808]+000 POSITION: -3.190594810575931e-08, 1.3290537595748901, 0.08459120243787766
vb0[808]+012 NORMAL: 0.0, 0.8524803519248962, -0.522759199142456
vb0[808]+024 TANGENT: 0.0, 0.8021813631057739, -0.5970804691314697, -1.0
vb0[808]+040 BLENDWEIGHT: 1.0, 0.0, 0.0, 0.0
vb0[808]+056 BLENDINDICES: 2, 0, 0, 0
vb0[808]+072 COLOR: 1.0, 0.0, 0.5019607843137255, 0.0
vb0[808]+076 TEXCOORD: 0.6528545022010803, 0.07996100187301636

vb0[809]+000 POSITION: 0.01036605890840292, 1.3279995918273926, 0.0861775130033493
vb0[809]+012 NORMAL: 0.7101711630821228, -0.0254355575889349, -0.7035693526268005
vb0[809]+024 TANGENT: 0.6662033200263977, 0.03613150119781494, -0.7448944449424744, -1.0
vb0[809]+040 BLENDWEIGHT: 1.0, 0.0, 0.0, 0.0
vb0[809]+056 BLENDINDICES: 2, 0, 0, 0
vb0[809]+072 COLOR: 1.0, 0.0, 0.5019607843137255, 0.0
vb0[809]+076 TEXCOORD: 0.680447518825531, 0.07930900156497955

vb0[810]+000 POSITION: 0.012213824316859245, 1.3281692266464233, 0.08998339623212814
vb0[810]+012 NORMAL: 0.9816057085990906, 0.055613160133361816, -0.18264032900333405
vb0[810]+024 TANGENT: 0.9698525667190552, 0.07546651363372803, -0.2317126989364624, -1.0
vb0[810]+040 BLENDWEIGHT: 1.0, 0.0, 0.0, 0.0
vb0[810]+056 BLENDINDICES: 2, 0, 0, 0
vb0[810]+072 COLOR: 1.0, 0.0, 0.5019607843137255, 0.0
vb0[810]+076 TEXCOORD: 0.6888415217399597, 0.06939800083637238

vb0[811]+000 POSITION: 0.005427555181086063, 1.3276346921920776, 0.0841936469078064
vb0[811]+012 NORMAL: 0.23814260959625244, -0.03179912641644478, -0.9707094430923462
vb0[811]+024 TANGENT: 0.2636616826057434, 0.018171070143580437, -0.9644440412521362, -1.0
vb0[811]+040 BLENDWEIGHT: 1.0, 0.0, 0.0, 0.0
vb0[811]+056 BLENDINDICES: 2, 0, 0, 0
vb0[811]+072 COLOR: 1.0, 0.0, 0.5019607843137255, 0.0
vb0[811]+076 TEXCOORD: 0.6657854914665222, 0.0839729979634285

vb0[812]+000 POSITION: -0.005140198394656181, 1.3292756080627441, 0.0851975679397583
vb0[812]+012 NORMAL: -0.0711122453212738, 0.8589169383049011, -0.5071535110473633
vb0[812]+024 TANGENT: -0.1267681121826172, 0.8009612560272217, -0.5851417779922485, -1.0
vb0[812]+040 BLENDWEIGHT: 1.0, 0.0, 0.0, 0.0
vb0[812]+056 BLENDINDICES: 2, 0, 0, 0
vb0[812]+072 COLOR: 1.0, 0.0, 0.5019607843137255, 0.0
vb0[812]+076 TEXCOORD: 0.6648125052452087, 0.0789709985256195

vb0[813]+000 POSITION: -0.005091384053230286, 1.3303110599517822, 0.088749960064888
vb0[813]+012 NORMAL: -0.04089568182826042, 0.9873756170272827, -0.1530260443687439
vb0[813]+024 TANGENT: -0.05544555187225342, 0.98554927110672, -0.16005796194076538, -1.0
vb0[813]+040 BLENDWEIGHT: 1.0, 0.0, 0.0, 0.0
vb0[813]+056 BLENDINDICES: 2, 0, 0, 0
vb0[813]+072 COLOR: 1.0, 0.0, 0.5019607843137255, 0.0
vb0[813]+076 TEXCOORD: 0.6652294993400574, 0.06860599666833878

vb0[814]+000 POSITION: -0.009130064398050308, 1.3293360471725464, 0.08645205944776535
vb0[814]+012 NORMAL: -0.27596598863601685, 0.8485608100891113, -0.45142829418182373
vb0[814]+024 TANGENT: -0.3777564764022827, 0.7773923873901367, -0.5029523968696594, -1.0
vb0[814]+040 BLENDWEIGHT: 1.0, 0.0, 0.0, 0.0
vb0[814]+056 BLENDINDICES: 2, 0, 0, 0
vb0[814]+072 COLOR: 1.0, 0.0, 0.5019607843137255, 0.0
vb0[814]+076 TEXCOORD: 0.6762115359306335, 0.0763470008969307

vb0[815]+000 POSITION: -0.010238692164421082, 1.3297216892242432, 0.08955725282430649
vb0[815]+012 NORMAL: -0.3299866020679474, 0.9354107975959778, -0.12694664299488068
vb0[815]+024 TANGENT: -0.40623676776885986, 0.8981388807296753, -0.16828058660030365, -1.0
vb0[815]+040 BLENDWEIGHT: 1.0, 0.0, 0.0, 0.0
vb0[815]+056 BLENDINDICES: 2, 0, 0, 0
vb0[815]+072 COLOR: 1.0, 0.0, 0.5019607843137255, 0.0
vb0[815]+076 TEXCOORD: 0.681194543838501, 0.06834500283002853

vb0[816]+000 POSITION: -0.01036605890840292, 1.3279995918273926, 0.0861775130033493
vb0[816]+012 NORMAL: -0.7101619243621826, -0.02544221095740795, -0.7035784721374512
vb0[816]+024 TANGENT: -0.6662173271179199, 0.036241769790649414, -0.744876503944397, -1.0
vb0[816]+040 BLENDWEIGHT: 1.0, 0.0, 0.0, 0.0
vb0[816]+056 BLENDINDICES: 2, 0, 0, 0
vb0[816]+072 COLOR: 1.0, 0.0, 0.5019607843137255, 0.0
vb0[816]+076 TEXCOORD: 0.680447518825531, 0.07930900156497955

vb0[817]+000 POSITION: -0.01221382338553667, 1.3281692266464233, 0.08998339623212814
vb0[817]+012 NORMAL: -0.9816052317619324, 0.055613577365875244, -0.18264219164848328
vb0[817]+024 TANGENT: -0.970048725605011, 0.07637012749910355, -0.23059308528900146, -1.0
vb0[817]+040 BLENDWEIGHT: 1.0, 0.0, 0.0, 0.0
vb0[817]+056 BLENDINDICES: 2, 0, 0, 0
vb0[817]+072 COLOR: 1.0, 0.0, 0.5019607843137255, 0.0
vb0[817]+076 TEXCOORD: 0.6888415217399597, 0.06939800083637238

vb0[818]+000 POSITION: -0.005427555181086063, 1.3276346921920776, 0.0841936469078064
vb0[818]+012 NORMAL: -0.23814968764781952, -0.03179635480046272, -0.970707893371582
vb0[818]+024 TANGENT: -0.2603069543838501, 0.01814591884613037, -0.965355396270752, -1.0
vb0[818]+040 BLENDWEIGHT: 1.0, 0.0, 0.0, 0.0
vb0[818]+056 BLENDINDICES: 2, 0, 0, 0
vb0[818]+072 COLOR: 1.0, 0.0, 0.5019607843137255, 0.0
vb0[818]+076 TEXCOORD: 0.6657854914665222, 0.0839729979634285

vb0[819]+000 POSITION: 0.012241114862263203, 1.3282427787780762, 0.09482202678918839
vb0[819]+012 NORMAL: 0.9970037341117859, 0.07402291148900986, 0.022450439631938934
vb0[819]+024 TANGENT: 0.9957064986228943, 0.0854797437787056, 0.035521626472473145, -1.0
vb0[819]+040 BLENDWEIGHT: 1.0, 0.0, 0.0, 0.0
vb0[819]+056 BLENDINDICES: 2, 0, 0, 0
vb0[819]+072 COLOR: 1.0, 0.0, 0.5019607843137255, 0.0
vb0[819]+076 TEXCOORD: 0.6903395056724548, 0.0559689998626709
