byte offset: 0
first index: 0
index count: 46374
topology: trianglelist
format: DXGI_FORMAT_R16_UINT

0 1 2
0 3 1
1 3 4
3 5 4
6 5 3
6 7 5
8 5 7
5 8 9
9 4 5
10 9 8
9 10 11
11 10 12
13 11 12
4 9 14
14 1 4
1 14 15
16 15 14
15 16 17
14 18 16
9 18 14
18 9 11
18 19 16
16 19 20
19 18 21
21 11 13
21 18 11
22 13 12
23 13 22
13 23 24
23 25 24
24 25 20
25 26 20
25 23 27
27 26 25
22 12 28
26 27 29
29 30 26
30 31 17
31 30 32
17 31 33
30 34 32
34 30 35
30 29 35
33 31 36
32 36 31
37 32 34
38 32 37
36 32 38
39 36 38
40 39 38
39 40 41
36 39 42
36 42 33
43 38 37
39 41 44
41 45 44
45 41 46
40 46 41
47 34 35
34 47 48
48 37 34
49 48 47
48 49 50
50 51 48
37 48 51
51 43 37
51 50 52
52 53 51
43 51 53
53 52 54
52 55 54
55 52 56
56 52 50
56 57 55
57 56 58
58 59 57
59 58 60
59 61 57
61 55 57
61 59 62
59 63 62
64 62 63
62 64 65
63 59 66
66 67 63
67 64 63
67 66 68
69 65 64
69 64 70
64 67 70
70 67 71
72 70 71
71 73 72
73 71 74
67 74 71
74 67 68
73 75 72
75 73 76
70 72 77
75 77 72
77 78 70
78 69 70
78 77 79
80 79 77
77 75 80
79 80 81
82 80 75
76 82 75
80 82 83
81 80 83
82 84 83
84 82 85
82 76 86
87 88 89
88 87 90
90 87 91
87 92 91
92 87 93
89 93 87
94 91 92
91 94 95
96 95 94
95 96 97
97 98 95
98 91 95
90 91 98
98 97 99
96 100 97
99 97 100
100 96 101
102 101 96
94 102 96
101 102 103
104 103 102
105 104 102
102 94 105
92 105 94
104 105 106
107 106 105
105 92 107
106 107 108
108 109 106
109 108 110
110 111 109
111 110 112
113 109 111
109 113 114
114 106 109
106 114 104
111 115 113
111 112 115
114 116 104
103 104 116
116 114 117
115 112 118
119 110 108
110 119 120
112 120 118
120 112 110
115 121 113
114 121 117
121 114 113
122 108 107
122 107 123
124 122 123
122 124 125
125 126 122
126 125 127
127 128 126
128 127 129
129 130 128
131 126 128
108 122 126
131 108 126
123 132 124
132 123 93
128 130 133
133 131 128
130 134 133
134 131 133
131 134 135
136 131 135
131 136 108
93 89 132
137 132 89
89 138 137
138 89 88
88 139 138
140 138 139
139 141 140
142 140 141
140 142 143
144 143 142
143 144 145
141 139 146
147 145 144
145 147 148
149 148 147
148 149 150
143 151 140
138 140 151
151 152 138
152 151 153
154 153 151
151 143 154
145 154 143
153 154 155
156 155 154
154 145 156
148 156 145
155 156 157
158 157 156
150 158 148
156 148 158
157 158 159
160 159 158
158 150 160
159 160 161
147 162 149
162 147 163
162 163 164
165 164 163
164 165 166
167 166 165
166 167 168
166 168 169
164 166 169
169 168 170
170 168 167
170 167 171
170 171 172
170 172 12
28 12 172
10 170 12
10 169 170
10 173 169
173 10 8
7 173 8
173 7 174
6 174 7
174 6 175
175 176 174
176 173 174
176 175 177
173 176 178
177 179 176
179 177 180
181 176 179
176 181 178
178 181 182
183 182 181
179 183 181
182 183 184
183 185 184
185 183 186
187 186 183
180 187 179
183 179 187
186 187 188
189 188 187
187 180 189
188 189 190
188 190 191
188 192 186
192 188 191
191 193 192
193 191 194
194 195 193
195 194 196
194 197 196
194 191 198
190 198 191
199 193 195
195 200 199
200 195 201
201 195 196
202 201 196
201 202 203
204 203 202
203 204 205
206 199 200
199 206 207
208 207 206
207 208 209
210 209 208
209 210 211
212 211 210
211 212 213
214 213 212
213 214 215
216 215 214
215 216 217
218 217 216
217 218 219
220 219 218
219 220 221
210 222 212
222 210 223
208 223 210
223 224 222
224 223 225
225 226 224
226 225 227
228 226 227
229 222 224
222 229 230
231 229 224
231 224 226
232 230 229
229 233 232
233 229 234
231 234 229
234 235 233
235 234 236
236 234 231
230 232 237
238 233 235
233 238 239
232 239 237
233 239 232
239 238 240
225 241 227
242 227 241
241 243 242
243 241 244
245 244 241
244 245 246
245 247 246
247 245 248
241 225 245
244 249 243
250 243 249
243 250 251
251 242 243
249 244 252
253 251 250
251 253 254
223 245 225
245 223 248
255 246 247
246 255 256
256 244 246
244 256 252
255 257 256
257 255 203
258 254 253
259 254 258
259 260 254
260 259 261
262 261 259
261 262 263
259 264 262
264 259 265
259 258 265
266 264 265
267 266 265
266 267 268
264 266 269
261 270 260
271 260 270
260 271 272
260 272 273
242 273 272
272 274 242
227 242 274
274 272 275
276 275 272
275 276 277
278 277 276
277 278 279
280 279 278
279 280 281
282 281 280
281 282 283
284 283 282
283 284 285
284 286 285
228 227 274
275 228 274
242 251 273
254 273 251
273 254 260
287 288 289
290 288 287
288 290 291
292 291 290
291 292 293
294 293 292
293 294 295
296 295 294
295 296 297
298 297 296
297 298 299
298 300 299
300 298 301
302 301 298
296 302 298
301 302 303
290 304 292
304 290 305
290 306 305
307 292 304
292 307 294
308 294 307
294 308 296
302 296 308
301 309 300
309 301 310
303 310 301
309 310 311
310 312 311
310 303 312
306 290 287
287 313 306
287 289 313
313 289 314
306 313 315
1 316 2
316 1 15
15 33 316
15 17 33
17 16 317
20 317 16
317 30 17
30 317 26
20 26 317
318 2 319
319 320 318
320 319 321
2 318 0
322 321 319
2 322 319
321 322 323
324 321 323
321 324 325
326 325 324
325 326 327
327 328 325
328 327 329
330 329 327
329 330 331
330 332 331
332 330 333
326 334 327
334 333 330
327 334 330
333 334 335
336 333 335
333 336 337
338 333 337
333 338 332
337 339 338
339 337 340
340 341 339
341 340 342
342 343 341
343 342 344
345 344 342
344 345 346
347 342 340
342 347 345
337 347 340
347 337 336
348 344 346
344 348 349
350 344 349
344 350 343
349 351 350
351 349 352
352 353 351
353 352 354
352 355 354
355 352 356
356 349 348
349 356 352
357 353 354
353 357 358
357 359 358
359 357 360
361 360 357
354 361 357
361 354 355
360 361 362
360 363 359
363 360 364
362 364 360
365 363 364
363 365 366
367 366 365
368 367 365
367 368 369
369 370 367
370 369 371
371 372 370
372 371 373
373 374 372
375 372 374
376 372 375
372 376 370
377 370 376
370 377 367
366 367 377
365 378 368
378 365 364
364 362 378
379 380 381
380 379 382
383 382 379
382 383 384
384 383 130
385 381 380
381 385 386
387 386 385
386 387 388
137 388 387
137 389 388
132 137 387
124 387 385
387 124 132
125 385 380
385 125 124
382 125 380
125 382 127
384 127 382
127 384 129
129 384 130
137 138 389
138 152 389
152 221 389
221 152 219
153 219 152
219 153 217
153 215 217
155 215 153
213 215 155
157 213 155
213 157 211
159 211 157
211 159 209
161 209 159
209 161 207
390 207 161
207 390 199
193 199 390
161 391 390
391 161 160
160 185 391
185 160 150
186 391 185
391 186 192
390 192 193
192 390 391
92 93 123
107 92 123
392 393 394
393 392 395
394 396 392
396 394 397
398 397 394
397 398 399
400 394 393
394 400 398
392 401 395
401 392 402
396 402 392
397 403 396
403 397 404
399 404 397
405 403 404
403 405 406
406 407 403
407 396 403
407 406 408
409 408 406
408 409 410
402 396 411
396 407 411
406 412 409
412 406 405
412 413 409
413 410 409
413 412 414
415 413 414
413 415 416
410 413 417
418 402 411
402 418 419
420 419 418
419 420 421
422 402 419
421 422 419
402 422 401
422 421 423
421 424 423
424 421 425
420 425 421
418 426 420
426 427 420
425 420 427
427 426 428
429 428 426
430 429 426
426 418 430
429 430 431
431 432 429
432 431 433
433 434 432
435 434 433
433 436 435
436 433 431
430 436 431
436 430 437
438 429 432
434 438 432
429 438 439
428 429 439
430 411 437
411 430 418
440 441 442
441 440 443
444 441 443
441 444 445
446 444 443
444 446 447
448 440 442
440 448 449
450 440 449
440 450 451
451 443 440
443 451 446
448 404 449
452 446 451
446 452 453
451 454 452
454 451 450
450 455 454
455 450 456
456 449 404
449 456 450
399 455 456
404 399 456
457 455 399
455 457 458
459 455 458
460 459 458
457 460 458
459 460 461
461 462 459
459 462 463
463 454 455
459 463 455
462 461 464
464 465 462
465 464 466
462 465 467
467 454 463
462 467 463
466 468 465
469 465 468
465 469 467
468 466 470
469 471 467
471 469 472
460 457 101
454 467 471
473 469 468
473 472 469
474 473 468
473 474 475
473 475 472
457 100 101
100 457 476
99 100 476
398 99 476
99 398 400
400 477 99
478 99 477
477 479 478
480 478 479
478 480 481
479 477 482
483 482 477
477 400 483
482 483 484
485 481 480
481 485 486
487 484 483
99 478 98
481 98 478
480 28 485
28 480 22
479 22 480
22 479 23
482 23 479
23 482 27
98 481 90
486 90 481
90 486 88
483 393 487
393 483 400
395 487 393
487 395 49
49 395 401
422 49 401
422 50 49
50 422 423
423 424 50
424 56 50
488 56 424
56 488 58
489 58 488
58 489 60
490 60 489
60 490 491
490 492 491
493 60 491
492 493 491
60 493 59
487 49 47
487 47 484
35 484 47
484 35 29
29 482 484
482 29 27
494 495 496
495 494 497
496 498 494
498 496 65
499 65 496
65 499 62
62 499 61
499 55 61
55 499 500
500 54 55
501 497 494
497 501 502
502 503 497
504 497 503
504 495 497
503 502 505
506 502 501
501 507 506
507 501 508
508 494 498
494 508 501
498 509 508
509 498 69
69 510 509
510 69 511
511 512 510
512 513 510
513 512 514
512 511 515
515 516 512
516 515 517
514 518 513
519 513 518
513 519 520
510 520 509
520 510 513
520 508 509
518 514 521
522 521 514
521 522 523
517 524 516
524 517 525
525 526 524
526 525 527
522 528 523
528 522 529
526 530 524
530 526 531
524 530 532
522 533 529
533 522 534
533 534 532
514 534 522
514 512 534
534 512 516
532 516 524
516 532 534
535 530 531
530 535 536
536 529 533
532 536 533
536 532 530
535 537 536
529 536 537
537 535 538
538 539 537
538 540 539
540 538 541
541 542 540
543 540 542
540 543 544
544 539 540
543 545 544
545 543 546
542 541 547
542 548 543
548 546 543
548 542 549
547 549 542
549 550 548
551 548 550
550 552 551
552 550 553
548 551 554
546 548 554
552 553 555
553 556 555
556 557 555
556 558 557
558 556 559
553 559 556
559 553 550
550 549 559
560 558 559
560 559 549
549 547 560
558 560 561
562 557 558
558 561 562
557 562 563
557 563 555
564 565 566
565 564 567
568 564 566
564 568 569
565 570 566
570 565 571
572 566 570
566 572 568
570 573 572
573 570 574
571 574 570
574 571 575
574 576 573
576 574 577
575 577 574
577 578 576
578 577 579
577 575 580
580 579 577
579 580 581
582 579 581
579 582 583
583 578 579
584 583 582
583 584 585
586 585 584
585 586 587
588 587 586
587 588 589
585 590 583
578 583 590
590 585 591
587 591 585
591 587 592
593 587 589
587 593 592
594 589 588
594 593 589
595 596 597
567 595 597
595 567 564
569 595 564
46 598 504
46 40 598
504 503 46
505 46 503
46 505 45
599 45 505
599 505 502
502 506 599
600 599 506
599 600 326
334 326 600
601 334 600
506 601 600
334 601 335
519 335 601
335 519 336
518 336 519
336 518 347
602 347 518
347 602 345
602 518 603
604 345 602
345 604 346
605 602 603
602 605 604
606 346 604
346 606 348
604 605 607
604 607 606
607 605 608
507 519 601
519 507 520
508 520 507
601 506 507
609 348 606
348 609 356
610 356 609
356 610 355
609 611 610
611 609 612
606 612 609
612 606 607
608 612 607
611 612 613
612 608 613
614 610 611
610 614 615
614 616 615
616 614 617
618 617 614
617 618 619
619 620 617
620 619 621
622 617 620
617 622 616
623 614 611
614 623 618
611 613 623
610 615 624
624 355 610
624 615 625
626 625 615
616 626 615
625 626 627
627 628 625
628 627 629
630 625 628
628 631 630
631 628 632
629 632 628
633 631 632
631 633 634
633 635 634
633 636 635
633 637 636
637 633 632
632 629 637
625 630 638
638 624 625
624 638 361
355 624 361
626 616 639
622 639 616
639 622 640
622 641 640
620 641 622
621 641 620
237 642 643
642 237 644
644 645 642
645 644 646
647 642 645
642 647 648
648 643 642
643 648 649
650 645 646
647 645 650
643 216 237
216 643 218
649 218 643
214 237 216
237 214 230
212 230 214
230 212 222
218 649 220
646 651 650
644 651 646
651 644 652
652 644 653
654 655 656
655 654 657
658 657 654
657 658 659
655 660 656
661 660 655
660 661 662
656 663 654
663 656 664
665 654 663
654 665 658
657 666 655
666 657 667
659 667 657
667 668 666
668 667 669
670 669 667
667 659 670
669 670 671
670 672 671
672 670 673
674 672 673
672 674 541
671 526 669
526 668 669
526 671 531
668 526 527
670 675 673
675 670 659
659 676 675
676 659 677
677 678 676
679 675 676
676 678 679
675 679 680
680 673 675
673 680 674
535 671 672
671 535 531
538 672 541
672 538 535
679 681 680
681 679 682
679 678 682
527 683 668
683 666 668
666 683 684
684 655 666
655 684 661
539 685 686
685 539 687
539 544 687
544 688 687
688 544 545
539 686 537
686 529 537
686 528 529
324 323 689
689 326 324
326 689 599
690 691 692
691 690 693
694 692 691
692 694 695
696 695 694
695 696 697
698 693 690
693 698 699
700 699 698
699 700 701
702 701 700
701 702 703
704 703 702
696 705 697
705 696 706
707 706 696
706 707 708
708 709 706
709 708 710
706 711 705
711 706 709
696 712 707
709 713 711
709 714 713
710 714 709
710 715 714
715 716 714
716 715 717
716 718 714
714 718 713
718 716 719
720 705 711
705 720 721
722 711 713
711 722 720
723 713 718
713 723 722
719 723 718
724 710 708
708 725 724
725 708 707
726 727 712
727 726 728
728 729 727
729 728 730
730 731 729
731 730 732
733 731 732
731 733 734
712 696 726
735 734 733
734 735 736
737 736 735
736 737 738
739 738 737
738 739 740
741 740 739
740 741 742
742 741 743
744 745 746
745 744 747
748 746 745
746 748 749
750 749 748
749 750 751
747 744 752
751 750 753
751 753 704
704 753 703
754 197 755
197 754 756
757 756 754
756 757 758
757 759 758
759 757 760
197 756 761
758 761 756
761 758 762
758 759 763
763 762 758
760 764 759
764 763 759
764 760 765
765 766 764
766 765 767
766 768 764
763 764 768
768 769 763
762 763 769
769 768 770
768 771 770
771 768 772
768 766 772
767 773 766
773 772 766
773 767 774
774 775 773
775 774 776
775 777 773
772 773 777
777 775 778
779 777 778
777 779 780
780 772 777
772 780 771
781 775 776
775 781 782
782 778 775
781 783 782
783 781 784
785 783 784
783 785 786
786 787 783
787 786 788
789 786 785
788 786 789
783 790 782
790 783 787
778 782 790
787 791 790
791 787 792
788 792 787
793 788 789
792 788 793
790 794 778
794 790 795
791 795 790
795 791 796
796 797 795
795 797 798
797 799 798
799 797 800
800 801 799
801 800 802
803 801 802
801 803 804
803 805 804
805 803 806
807 800 797
797 796 807
800 807 808
808 802 800
802 808 809
803 809 806
809 803 802
799 810 798
798 810 811
810 799 812
801 812 799
812 813 810
813 812 814
815 814 812
812 801 815
804 815 801
814 815 816
817 816 815
815 804 817
805 817 804
816 817 818
818 817 805
819 810 813
810 819 820
810 820 811
821 820 819
820 821 822
823 822 821
822 823 824
825 824 823
824 825 826
827 826 825
826 827 828
829 828 827
828 829 830
831 830 829
830 831 832
205 832 831
832 205 204
204 769 832
769 204 762
202 762 204
762 202 761
832 770 830
770 832 769
771 830 770
830 771 828
780 828 771
828 780 826
779 826 780
826 779 824
196 761 202
761 196 197
824 779 822
779 794 822
820 822 794
811 820 794
811 794 795
795 798 811
794 779 778
833 755 197
194 833 197
194 198 833
834 252 835
834 836 252
836 249 252
836 837 249
252 256 835
256 257 835
249 837 838
838 837 839
839 840 838
840 250 838
250 249 838
841 250 840
842 841 840
840 839 842
841 842 843
844 841 843
841 844 845
846 845 844
845 846 847
848 847 846
847 848 849
850 849 848
849 850 851
851 850 852
250 841 253
253 841 845
847 258 845
258 253 845
258 847 265
849 265 847
265 849 267
851 267 849
267 851 853
852 853 851
854 853 852
853 268 267
268 853 854
855 856 857
856 855 858
859 858 855
859 855 860
857 860 855
860 857 861
858 862 856
862 858 863
859 863 858
263 857 856
862 263 856
857 263 262
262 861 857
861 262 264
861 264 269
263 862 864
864 261 263
261 864 865
270 261 865
167 141 171
141 167 142
146 171 141
171 146 172
165 142 167
142 165 144
163 144 165
144 163 147
485 172 146
172 485 28
146 486 485
486 146 139
139 88 486
476 399 398
399 476 457
866 867 868
867 866 869
870 869 866
869 870 871
872 870 866
866 868 872
869 664 867
664 869 663
871 663 869
663 871 665
873 874 875
874 873 876
874 877 875
877 874 878
875 662 873
662 875 660
875 656 660
656 875 877
874 876 879
878 874 879
201 255 200
255 201 203
247 200 255
200 247 206
248 206 247
206 248 208
223 208 248
325 328 880
321 325 880
321 880 320
69 498 65
842 881 843
882 883 884
883 882 885
883 886 884
886 883 887
888 886 887
886 888 889
888 890 889
890 888 891
891 892 890
892 891 893
894 892 893
892 894 895
894 896 895
896 894 897
885 882 898
899 900 901
900 899 902
903 902 899
902 903 904
905 904 903
904 905 906
907 908 909
908 907 910
911 910 907
910 911 912
911 913 912
913 911 914
915 913 914
913 915 916
917 916 915
916 917 918
919 917 915
919 920 917
920 921 917
921 920 922
922 923 921
924 921 923
921 924 925
926 925 924
925 926 927
926 928 927
928 926 929
930 928 929
928 930 931
930 932 931
932 930 933
933 934 932
934 933 935
935 936 934
936 935 937
937 938 936
938 937 939
939 940 938
940 939 941
941 942 940
942 941 943
941 944 943
943 944 945
946 943 945
946 947 943
947 942 943
942 947 948
949 948 947
948 949 950
951 950 949
950 951 952
953 952 951
952 953 954
955 954 953
954 955 956
955 957 956
957 955 958
959 957 958
957 959 960
961 960 959
960 961 962
961 963 962
963 961 964
964 965 963
965 964 966
965 966 967
965 967 968
968 967 969
968 969 970
971 968 970
970 972 971
972 970 973
974 972 973
972 974 975
974 976 975
976 974 977
977 978 976
978 977 979
968 971 980
981 982 983
982 981 984
985 983 982
983 985 986
987 986 985
986 987 988
989 988 987
988 989 990
991 990 989
990 991 992
993 992 991
992 993 994
995 994 993
994 995 996
997 996 995
996 997 998
997 999 998
999 997 1000
1001 1002 1003
1002 1001 1004
1004 1005 1002
1005 1004 1006
1007 1005 1006
1005 1007 1008
1009 1008 1007
1008 1009 1010
1011 1012 1013
1012 1011 1014
1013 1015 1011
1015 1013 1016
1016 1017 1015
1017 1016 1018
1018 1019 1017
1019 1018 1020
1021 1019 1020
1019 1021 1022
1021 1023 1022
1023 1021 1024
1024 1025 1023
1025 1024 1026
1027 1025 1026
1025 1027 1028
1029 1012 1014
1012 1029 1030
1031 1032 1033
1032 1031 1034
1035 1033 1032
1032 1036 1035
1036 1032 1037
1034 1037 1032
1033 1035 1038
1037 1034 1039
1040 1041 1042
1041 1040 1043
1044 1045 1046
1045 1044 1047
1048 1044 1046
1044 1048 1049
1050 1049 1048
1049 1050 1051
1052 1051 1050
1051 1052 1053
1052 1054 1053
1055 1056 1057
1056 1055 1058
1059 1057 1056
1057 1059 1060
1061 1060 1059
1060 1061 1062
1063 1062 1061
1062 1063 1064
1065 1064 1063
1064 1065 1066
1065 1067 1066
1067 1065 1068
1069 1067 1068
1067 1069 1070
1071 1070 1069
1070 1071 1072
1073 1072 1071
1072 1073 1074
1073 1075 1074
1075 1073 1076
1077 1062 1064
1066 1077 1064
1062 1077 1078
1077 1066 1079
1066 1080 1079
1080 1066 1067
1070 1080 1067
1080 1070 1081
1072 1081 1070
1081 1072 1082
1074 1082 1072
1082 1074 1083
1074 1084 1083
1084 1074 1075
1060 1078 1085
1085 1057 1060
1057 1085 1086
1078 1060 1062
1087 1057 1086
1057 1087 1055
1088 1089 1056
1089 1088 1090
1088 1091 1090
1091 1088 1092
1088 1093 1092
1093 1088 1094
1056 1094 1088
1094 1095 1093
1095 1094 1096
1091 1097 1090
1097 1091 1098
1099 1090 1097
1090 1099 1089
1100 1097 1098
1097 1100 1101
1101 1099 1097
1099 1101 1102
1103 1102 1101
1102 1103 1104
1103 1105 1104
1105 1103 1106
1106 1107 1105
1107 1106 1108
1106 1109 1108
1109 1106 1110
1111 1108 1109
1108 1111 1112
1112 1107 1108
1107 1112 1113
1111 1114 1112
1114 1113 1112
1114 1111 1115
1113 1114 1116
1117 1114 1115
1114 1117 1118
1118 1116 1114
1119 1118 1117
1118 1119 1120
1119 1121 1120
1121 1119 1122
1121 1123 1120
1123 1121 1124
1125 1124 1121
1121 1126 1125
1126 1121 1122
1126 1127 1125
1126 1128 1127
1129 1123 1124
1123 1129 1130
1131 1130 1129
1130 1131 1132
1132 1133 1130
1133 1132 1134
1130 1135 1123
1135 1130 1133
1123 1135 1120
1136 1118 1120
1118 1136 1137
1116 1118 1137
1096 1138 1095
1138 1096 1139
1096 1140 1139
1140 1096 1141
1139 1142 1138
1142 1139 1143
1143 1144 1142
1145 1141 1096
1094 1145 1096
1145 1094 1146
1094 1056 1146
1147 1148 1149
1148 1147 1150
1149 1151 1147
1151 1149 1152
1153 1152 1149
1152 1153 1154
1155 1152 1154
1152 1155 1156
1156 1151 1152
1151 1156 1157
1150 1158 1148
1158 1159 1148
1159 1149 1148
1149 1159 1153
1159 1158 1160
1160 1153 1159
1158 1150 1161
1162 1157 1156
1157 1162 1163
1164 1163 1162
1163 1164 1165
1166 1164 1162
1166 1156 1155
1156 1166 1162
1155 1167 1166
1164 1166 1167
1167 1155 1168
1153 1169 1154
1169 1155 1154
1155 1169 1168
1165 1170 1163
1170 1165 1171
1172 1163 1170
1163 1172 1157
1173 1157 1172
1157 1173 1151
1173 1147 1151
1147 1173 1174
1174 1150 1147
1150 1174 1175
1175 1161 1150
1161 1175 1176
1169 1153 1177
1153 1160 1177
981 1178 984
1179 1180 1181
1182 1179 1181
1179 1182 1183
1183 1184 1179
1184 1183 1185
1185 1186 1184
1186 1185 1187
1188 1186 1187
1186 1188 1189
1190 1189 1188
1189 1190 1191
1192 1191 1190
1191 1192 1193
1193 1194 1191
1195 1196 1197
1196 1195 1198
1197 1199 1195
1199 1197 1200
1201 1199 1200
1199 1201 1202
1198 1195 1203
1204 1202 1201
1202 1204 1205
1206 1205 1204
1205 1206 1207
1208 1207 1206
1207 1208 1209
1210 1198 1203
1198 1210 1211
1212 1211 1210
1211 1212 1213
1207 1209 1214
1209 1215 1214
1215 1209 1216
1217 1218 1215
1218 1217 1219
1220 1218 1221
1218 1220 1222
1223 1222 1220
1224 1223 1220
1223 1224 1225
1226 1223 1225
1223 1226 1227
1228 1227 1226
1227 1228 1229
1228 1230 1229
1230 1228 1231
1231 1232 1230
1232 1231 1233
1234 1232 1233
1232 1234 1235
1236 1232 1235
1235 1237 1236
1237 1235 1238
1239 1103 1240
1103 1239 1106
1239 1110 1106
1110 1239 1241
1103 1242 1240
1242 1103 1101
1100 1242 1101
1242 1100 1243
1244 1245 1246
1245 1244 1247
1248 1245 1247
1247 1249 1248
1250 1245 1248
1248 1249 1251
1249 1252 1251
1252 1249 1253
1254 1252 1253
1254 1253 1255
1256 1254 1255
1254 1256 1257
1258 1256 1255
1256 1258 1259
1260 1258 1255
1260 1261 1258
1262 1261 1260
1261 1262 1263
1263 1262 1264
1264 1262 1265
1265 1266 1264
1266 1265 1267
1268 1267 1265
1267 1268 1269
1270 1271 1272
1270 1273 1271
1271 1273 1274
1275 1271 1274
1275 1276 1271
1277 1271 1276
1277 1278 1271
1279 1271 1278
1279 1272 1271
1273 1270 1280
1272 1279 1281
1282 1283 1284
1283 1282 1285
1284 1286 1282
1286 1284 1287
1287 1288 1286
1288 1287 1289
1289 1290 1288
1290 1289 1291
1291 1292 1290
1292 1291 1293
1293 1294 1292
1294 1293 1295
1296 1294 1295
1294 1296 1297
1298 1297 1296
1297 1298 1299
1300 1301 1302
1302 1301 1303
1303 1301 1304
1304 1301 1305
1305 1301 1306
1307 1301 1300
1306 1301 1308
1309 1308 1301
1309 1301 1307
1310 1311 1312
1311 1310 1313
1314 1312 1311
1312 1314 1315
1316 1315 1314
1315 1316 1317
1318 1317 1316
1317 1318 1319
1320 1319 1318
1319 1320 1321
1322 1321 1320
1321 1322 1323
1322 1324 1323
1324 1322 1325
1325 1326 1324
1326 1325 1327
1328 1329 1330
1331 1328 1330
1330 1332 1331
1333 1332 1330
1333 1330 1334
1335 1334 1330
1335 1330 1336
1337 1336 1330
1329 1337 1330
1328 1331 1338
1337 1329 1339
1340 1341 1342
1342 1341 1343
1343 1341 1344
1344 1341 1345
1345 1341 1346
1347 1341 1340
1346 1341 1348
1349 1348 1341
1349 1341 1347
1350 1351 1352
1351 1350 1353
1354 1353 1350
1353 1354 1355
1356 1352 1351
1352 1356 1357
1358 1357 1356
1357 1358 1359
1360 1351 1353
1353 1361 1360
1361 1353 1355
1362 1356 1351
1360 1362 1351
1356 1362 1363
1358 1356 1363
1364 1359 1358
1359 1364 1365
1366 1365 1364
1365 1366 1367
1368 1367 1366
1367 1368 1369
1368 1370 1369
1370 1368 1371
1371 1372 1370
1372 1371 1373
1373 1374 1372
1374 1373 1375
1364 1376 1366
1376 1364 1377
1366 1378 1368
1378 1366 1376
1378 1371 1368
1375 1373 1379
1371 1378 1380
1380 1373 1371
1373 1380 1379
1375 1381 1374
1381 1375 1382
1382 1383 1381
1383 1382 1384
1384 1385 1383
1385 1384 1386
1387 1385 1386
1385 1387 1388
1386 1389 1387
1389 1386 1390
1384 1390 1386
1390 1384 1391
1382 1391 1384
1391 1382 1392
1382 1375 1392
1375 1379 1392
1377 1358 1363
1377 1364 1358
1393 1394 1395
1394 1393 1396
1397 1394 1396
1394 1397 1398
1397 1399 1398
1399 1397 1400
1401 1399 1400
1399 1401 1402
1403 1402 1401
1402 1403 1404
1403 1405 1404
1405 1403 1406
1407 1405 1406
1405 1407 1408
1395 1409 1393
1410 1411 1412
1411 1410 1413
1412 1414 1410
1414 1412 1415
1415 1416 1414
1416 1415 1417
1418 1419 1420
1419 1418 1421
1420 1422 1418
1422 1420 1423
1424 1422 1423
1422 1424 1425
1424 1426 1425
1426 1424 1427
1427 1428 1426
1428 1427 1429
1430 1426 1428
1430 1428 1431
1431 1428 1432
1432 1433 1431
1433 1432 1434
1432 1435 1434
1435 1432 1436
1436 1437 1435
1437 1436 1438
1439 1437 1438
1437 1439 1440
1439 1441 1440
1441 1439 1442
1443 1441 1442
1441 1443 1444
1445 1444 1443
1444 1445 1446
1447 1446 1445
1446 1447 1448
1449 1448 1447
1448 1449 1450
1451 1450 1449
1450 1451 1452
1453 1452 1451
1452 1453 1454
1452 1454 1455
1454 1456 1455
1457 1456 1454
1457 1454 1458
1453 1458 1454
1458 1453 1459
1459 1460 1458
1460 1459 1461
1461 1462 1460
1462 1461 1463
1463 1464 1462
1464 1463 1465
1465 1466 1464
1466 1465 1467
1468 1466 1467
1466 1468 1469
1468 1470 1469
1470 1468 1471
1471 1472 1470
1472 1471 1473
1474 1472 1473
1472 1474 1475
1476 1475 1474
1475 1476 1477
1476 1478 1477
1476 1479 1478
1479 1480 1478
1479 1481 1480
1479 1482 1481
1483 1481 1482
1481 1483 1484
1483 1485 1484
1485 1483 1486
1487 1485 1486
1485 1487 1488
1489 1488 1487
1488 1489 1490
1482 1479 1491
1492 1493 1494
1493 1492 1495
1495 1496 1493
1496 1495 1497
1497 1498 1496
1498 1497 1499
1499 1500 1498
1500 1499 1501
1501 1502 1500
1502 1501 1503
1503 1504 1502
1504 1503 1505
1505 1506 1504
1506 1505 1507
1507 1508 1506
1508 1507 1509
1510 1508 1509
1508 1510 1511
1512 1513 1514
1513 1512 1515
1516 1514 1513
1514 1516 1517
1516 1518 1517
1518 1516 1519
1519 1520 1518
1520 1519 1521
1522 1523 1524
1523 1522 1525
1526 1525 1522
1525 1526 1527
1528 1527 1526
1527 1528 1529
1530 1529 1528
1529 1530 1531
1530 1532 1531
1532 1530 1533
1534 1532 1533
1532 1534 1535
1536 1535 1534
1535 1536 1537
1536 1538 1537
1538 1536 1539
1523 1540 1524
1540 1523 1541
1542 1543 1544
1543 1542 1545
1544 1546 1542
1547 1542 1546
1542 1547 1548
1548 1545 1542
1546 1544 1549
1545 1548 1550
1551 1552 1553
1552 1551 1554
1555 1556 1557
1556 1555 1558
1556 1559 1557
1559 1556 1560
1560 1561 1559
1561 1560 1562
1562 1563 1561
1563 1562 1564
1563 1564 1565
1566 1567 1568
1567 1566 1569
1569 1570 1567
1570 1569 1571
1571 1572 1570
1572 1571 1573
1573 1574 1572
1574 1573 1575
1575 1576 1574
1576 1575 1577
1578 1576 1577
1576 1578 1579
1578 1580 1579
1580 1578 1581
1581 1582 1580
1582 1581 1583
1583 1584 1582
1584 1583 1585
1586 1584 1585
1584 1586 1587
1573 1588 1575
1588 1577 1575
1588 1573 1589
1577 1588 1590
1591 1577 1590
1577 1591 1578
1591 1581 1578
1581 1591 1592
1592 1583 1581
1583 1592 1593
1593 1585 1583
1585 1593 1594
1595 1585 1594
1585 1595 1586
1571 1589 1573
1589 1571 1596
1569 1596 1571
1596 1569 1597
1569 1598 1597
1598 1569 1566
1599 1600 1567
1600 1599 1601
1602 1600 1601
1600 1602 1603
1604 1600 1603
1600 1604 1605
1605 1567 1600
1606 1605 1604
1605 1606 1607
1608 1602 1601
1602 1608 1609
1601 1610 1608
1610 1601 1599
1608 1611 1609
1611 1608 1612
1610 1612 1608
1612 1610 1613
1613 1614 1612
1614 1613 1615
1616 1614 1615
1614 1616 1617
1618 1617 1616
1617 1618 1619
1620 1617 1619
1617 1620 1621
1619 1622 1620
1622 1619 1623
1618 1623 1619
1623 1618 1624
1625 1622 1623
1624 1625 1623
1622 1625 1626
1625 1624 1627
1625 1628 1626
1628 1625 1629
1627 1629 1625
1629 1630 1628
1630 1629 1631
1632 1630 1631
1630 1632 1633
1634 1632 1631
1632 1634 1635
1636 1632 1635
1637 1632 1636
1632 1637 1633
1637 1636 1638
1637 1638 1639
1634 1640 1635
1640 1634 1641
1641 1642 1640
1642 1641 1643
1644 1643 1641
1643 1644 1645
1641 1646 1644
1646 1641 1634
1634 1631 1647
1629 1647 1631
1647 1629 1648
1629 1627 1648
1607 1649 1650
1649 1607 1606
1651 1607 1650
1607 1651 1652
1653 1650 1649
1650 1653 1654
1654 1653 1655
1656 1607 1652
1657 1605 1607
1605 1657 1658
1567 1605 1658
1659 1660 1661
1660 1659 1662
1663 1662 1659
1662 1663 1664
1664 1665 1662
1665 1664 1666
1664 1667 1666
1667 1664 1668
1663 1668 1664
1668 1663 1669
1670 1661 1660
1671 1670 1660
1671 1662 1665
1662 1671 1660
1670 1671 1672
1665 1672 1671
1661 1670 1673
1669 1674 1668
1674 1669 1675
1675 1676 1674
1676 1675 1677
1676 1678 1674
1678 1668 1674
1668 1678 1667
1679 1667 1678
1678 1676 1679
1667 1679 1680
1681 1665 1666
1665 1681 1682
1672 1665 1682
1667 1681 1666
1681 1667 1680
1683 1677 1675
1677 1683 1684
1675 1685 1683
1685 1675 1669
1669 1686 1685
1686 1669 1663
1659 1686 1663
1686 1659 1687
1661 1687 1659
1687 1661 1688
1673 1688 1661
1688 1673 1689
1492 1494 1690
1691 1692 1693
1691 1694 1692
1694 1691 1695
1696 1695 1691
1695 1696 1697
1698 1697 1696
1697 1698 1699
1698 1700 1699
1700 1698 1701
1701 1702 1700
1702 1701 1703
1703 1704 1702
1704 1703 1705
1705 1703 1706
1707 1708 1709
1708 1707 1710
1711 1709 1708
1709 1711 1712
1711 1713 1712
1713 1711 1714
1710 1715 1708
1714 1716 1713
1716 1714 1717
1717 1718 1716
1718 1717 1719
1719 1720 1718
1720 1719 1721
1710 1722 1715
1722 1710 1723
1723 1724 1722
1724 1723 1725
1719 1726 1721
1727 1721 1726
1721 1727 1728
1729 1730 1727
1730 1729 1731
1732 1729 1733
1729 1732 1734
1735 1732 1733
1735 1736 1732
1736 1735 1737
1735 1738 1737
1738 1735 1739
1739 1740 1738
1740 1739 1741
1742 1740 1741
1740 1742 1743
1744 1743 1742
1743 1744 1745
1744 1746 1745
1746 1744 1747
1748 1747 1744
1749 1747 1748
1747 1749 1750
1751 1614 1617
1614 1751 1752
1621 1751 1617
1751 1621 1753
1754 1614 1752
1614 1754 1612
1754 1611 1612
1611 1754 1755
1756 1757 1758
1757 1756 1759
1760 1758 1757
1758 1760 1761
1762 1760 1757
1760 1763 1761
1764 1761 1763
1761 1764 1765
1766 1765 1764
1766 1767 1765
1766 1768 1767
1768 1766 1769
1768 1770 1767
1770 1768 1771
1772 1767 1770
1772 1770 1773
1773 1774 1772
1774 1773 1775
1775 1776 1774
1776 1777 1774
1778 1777 1776
1777 1778 1779
1779 1780 1777
1780 1779 1781
1782 1783 1784
1785 1782 1784
1784 1786 1785
1787 1786 1784
1787 1784 1788
1789 1788 1784
1789 1784 1790
1791 1790 1784
1783 1791 1784
1782 1785 1792
1791 1783 1793
1794 1795 1796
1795 1794 1797
1798 1796 1795
1796 1798 1799
1800 1799 1798
1799 1800 1801
1802 1801 1800
1801 1802 1803
1804 1803 1802
1803 1804 1805
1806 1805 1804
1805 1806 1807
1806 1808 1807
1808 1806 1809
1809 1810 1808
1810 1809 1811
1812 1813 1814
1813 1815 1814
1815 1816 1814
1816 1817 1814
1817 1818 1814
1819 1812 1814
1818 1820 1814
1821 1814 1820
1821 1819 1814
1822 1823 1824
1823 1822 1825
1824 1826 1822
1826 1824 1827
1827 1828 1826
1828 1827 1829
1829 1830 1828
1830 1829 1831
1831 1832 1830
1832 1831 1833
1833 1834 1832
1834 1833 1835
1836 1834 1835
1834 1836 1837
1838 1837 1836
1837 1838 1839
1840 1841 1842
1840 1843 1841
1841 1843 1844
1845 1841 1844
1845 1846 1841
1847 1841 1846
1847 1848 1841
1849 1841 1848
1849 1842 1841
1843 1840 1850
1842 1849 1851
1852 1853 1854
1853 1855 1854
1855 1856 1854
1856 1857 1854
1857 1858 1854
1859 1852 1854
1858 1860 1854
1861 1854 1860
1861 1859 1854
1862 1863 1864
1863 1862 1865
1865 1866 1863
1866 1865 1867
1864 1868 1862
1868 1864 1869
1869 1870 1868
1870 1869 1871
1865 1872 1867
1872 1865 1873
1873 1865 1862
1873 1862 1874
1874 1862 1868
1870 1875 1868
1875 1874 1868
1871 1876 1870
1876 1871 1877
1877 1878 1876
1878 1877 1879
1879 1880 1878
1880 1879 1881
1882 1880 1881
1880 1882 1883
1884 1883 1882
1883 1884 1885
1886 1885 1884
1885 1886 1887
1888 1876 1878
1876 1888 1889
1878 1890 1888
1890 1878 1880
1883 1890 1880
1887 1891 1885
1890 1883 1892
1892 1885 1891
1885 1892 1883
1893 1887 1886
1887 1893 1894
1895 1894 1893
1894 1895 1896
1897 1896 1895
1896 1897 1898
1897 1899 1898
1899 1897 1900
1901 1898 1899
1898 1901 1902
1902 1896 1898
1896 1902 1903
1903 1894 1896
1894 1903 1904
1904 1891 1887
1894 1904 1887
1889 1870 1876
1889 1875 1870
1905 1906 1907
1906 1905 1908
1905 1907 1909
1907 1910 1909
1910 1911 1909
1911 1910 1912
1913 1905 1909
1913 1909 1914
1915 1913 1914
1914 1916 1915
1917 1915 1916
1916 1918 1917
1918 1916 1919
1920 1917 1918
1917 1920 1921
1922 1921 1920
1921 1922 1923
1923 1924 1921
1924 1923 1925
1926 1923 1922
1923 1926 1927
1927 1925 1923
1928 1927 1926
1927 1928 1929
1930 1927 1929
1927 1930 1931
1925 1927 1931
1925 1932 1924
1932 1925 1933
1931 1933 1925
1933 1934 1932
1934 1933 1935
1926 1936 1928
1936 1926 1937
1922 1937 1926
1937 1922 1938
1928 1939 1929
1939 1928 1940
1928 1941 1940
1941 1928 1936
1942 1940 1941
1940 1942 1943
1943 1939 1940
1929 1944 1930
1944 1929 1939
1939 1943 1945
1946 1930 1944
1944 1947 1946
1947 1944 1948
1948 1939 1945
1939 1948 1944
1930 1946 1949
1950 1946 1947
1946 1950 1951
1946 1952 1949
1952 1946 1951
1953 1949 1952
1949 1953 1954
1935 1954 1953
1954 1935 1933
1933 1931 1954
1949 1931 1930
1931 1949 1954
1943 1955 1945
1955 1948 1945
1956 1947 1948
1948 1955 1956
1957 1956 1955
1955 1958 1957
1958 1959 1957
1959 1960 1957
1956 1957 1960
1960 1959 1961
1959 1958 1962
1962 1963 1959
1963 1962 1964
1964 1965 1963
1965 1964 1966
1967 1963 1965
1963 1967 1968
1959 1968 1961
1968 1959 1963
1969 1968 1967
1968 1969 1970
1970 1961 1968
1971 1970 1969
1970 1971 1972
1973 1962 1958
1962 1973 1974
1974 1964 1962
1964 1974 1975
1975 1966 1964
1976 1966 1975
1961 1970 1977
1972 1977 1970
1977 1972 1978
1978 1979 1977
1979 1978 1980
1980 1981 1979
1981 1960 1979
1960 1981 1956
1947 1956 1981
1981 1950 1947
1950 1981 1982
1981 1980 1982
1983 1974 1973
1974 1983 1984
1983 1985 1984
1985 1983 1986
1976 1975 1987
1976 1987 1988
1988 1984 1985
1984 1988 1987
1989 1986 1983
1973 1989 1983
1989 1973 1990
1958 1990 1973
1990 1958 1991
1958 1955 1991
1991 1942 1990
1942 1991 1943
1955 1943 1991
1992 1990 1942
1990 1992 1989
1941 1992 1942
1992 1941 1993
1993 1994 1992
1994 1989 1992
1994 1993 1995
1995 1996 1994
1996 1995 1997
1997 1998 1996
1998 1997 1999
1936 1993 1941
1993 1936 2000
1937 2000 1936
2000 1937 2001
2002 2000 2001
2000 2002 2003
1993 2003 1995
2003 1993 2000
1995 2004 1997
2004 1995 2003
1997 2005 1999
2005 1997 2004
2001 2006 2002
2006 2001 2007
1937 2007 2001
2008 2006 2007
2008 2009 2006
2008 2007 1938
2007 1937 1938
2008 1938 1920
2008 1920 1918
2008 1918 2009
1919 2009 1918
2009 1919 2010
2011 2003 2002
2003 2011 2004
2010 2012 2009
2009 2012 2006
2012 2002 2006
2002 2012 2011
2012 2010 2013
2013 2011 2012
2014 2004 2011
2004 2014 2005
2011 2013 2014
2015 2013 2010
2015 2010 1919
2013 2015 2016
2016 2014 2013
2017 2016 2015
2016 2017 2018
2017 2019 2018
2019 2017 2020
2020 2017 2021
2018 2019 2022
2018 2023 2016
2014 2016 2023
2023 2018 2024
2022 2024 2018
2024 2025 2023
2025 2024 2026
2026 2027 2025
2027 2026 2028
2029 2028 2026
2028 2029 2030
2031 2028 2030
2028 2031 2032
2028 2033 2027
2033 2028 2032
1999 2025 2027
2033 1999 2027
2025 1999 2005
2005 2023 2025
1999 2033 1998
2023 2005 2014
2031 2034 2032
2034 2033 2032
2034 2031 2035
2036 2034 2035
2034 2036 2037
2038 2037 2036
2037 2038 2039
2033 2034 2040
2037 2040 2034
2040 2037 2041
2039 2041 2037
2041 2039 2042
2041 2043 2040
2043 2033 2040
2033 2043 1998
2044 1998 2043
1998 2044 1996
2045 1996 2044
1996 2045 1994
1989 1994 2045
1986 1989 2045
2046 2045 2044
2045 2046 1986
2044 2047 2046
2047 2044 2043
2043 2041 2047
2042 2047 2041
2048 1986 2046
1986 2048 1985
2049 2046 2047
2046 2049 2048
2047 2042 2049
2050 2042 2039
2039 2051 2050
2051 2039 2052
2053 2048 2049
2048 2053 2054
2054 1985 2048
2055 2054 2053
2054 2055 2056
2057 2056 2055
2056 2057 2058
2059 2058 2057
2058 2059 2060
2060 1966 2058
1966 2060 1965
1976 2058 1966
1976 2056 2058
1976 1988 2056
2056 1988 2054
2061 2060 2059
2060 2061 2062
2062 1965 2060
1965 2062 1967
2059 2063 2061
2061 2063 2064
2063 2059 2065
2057 2065 2059
2064 2063 2066
2063 2065 2066
2061 2067 2062
2061 2064 2067
1967 2062 2068
2068 1969 1967
2064 2066 2069
2069 2066 2070
2069 2070 2071
2070 2066 2072
2073 2072 2066
2066 2065 2073
2072 2073 2074
2075 2073 2065
2075 2074 2073
2065 2076 2075
2065 2057 2076
2077 2076 2057
2078 2076 2077
2079 2078 2077
2078 2079 2050
2080 2078 2050
2078 2080 2081
2081 2082 2078
2076 2082 2075
2078 2082 2076
2042 2050 2079
2077 2053 2079
2053 2077 2055
2077 2057 2055
2049 2079 2053
2079 2049 2042
2075 2082 2083
2074 2075 2083
2083 2084 2074
2085 2084 2083
2083 2082 2085
2086 2074 2084
2074 2086 2072
2070 2072 2086
2070 2086 2087
2071 2070 2087
2071 2087 2088
2089 2071 2088
2090 2089 2088
2089 2090 2091
2089 2092 2071
2092 2089 2091
2092 2069 2071
2064 2069 2093
2064 2093 2094
2064 2094 2095
2093 2096 2094
2064 2095 2097
2064 2097 2067
2098 2099 2100
2099 1912 2100
1912 2101 2100
2101 1912 1910
1907 2101 1910
1907 2102 2101
1906 2102 1907
2103 1912 2099
2103 2099 2021
2099 2098 2021
2104 2103 2021
2105 2103 2104
2103 2105 1911
1912 2103 1911
1919 2105 2104
2105 1919 1916
1916 1914 2105
1914 1909 2105
1909 1911 2105
2015 1919 2104
2017 2015 2104
2017 2104 2021
2106 2102 1906
2107 2106 1906
2108 2106 2107
2107 2109 2108
2107 1908 2109
1908 2107 1906
2110 2111 2112
2111 2110 2113
2112 2114 2110
2114 2112 2115
2113 2116 2111
2116 2113 2117
2118 2116 2117
2116 2118 2119
2120 2119 2118
2114 2115 2121
2122 2123 2124
2123 2122 2125
2123 2126 2124
2126 2123 2127
2127 2128 2126
2128 2127 2129
2130 2125 2122
2125 2130 2131
2131 2130 2132
2129 2133 2128
2133 2129 2134
2134 2135 2133
1915 1917 2136
1921 2136 1917
2136 1921 1924
1915 2136 2137
1924 2138 2136
2138 1924 1932
1915 2137 1913
2139 2138 1932
1932 1934 2139
2136 2138 2140
1913 2137 2141
1913 2141 2142
1913 2142 2143
1913 2143 2144
1913 2144 1905
2144 2143 2145
2146 2138 2139
2146 2140 2138
2147 2146 2139
2148 2149 2150
2149 2148 2151
2152 2151 2148
2151 2152 2153
2154 2150 2149
2155 2154 2149
2156 2154 2155
2154 2156 2157
2156 2158 2157
2158 2156 2159
2159 2160 2158
2160 2159 2161
2161 2162 2160
2163 2164 2153
2164 2165 2153
2165 2164 2166
2166 2167 2165
2167 2166 2168
2168 2169 2167
2169 2168 2170
2170 2171 2169
2171 2170 2172
2173 2171 2172
2171 2173 2174
2175 2174 2173
2174 2175 2176
2176 2175 2177
2178 2179 2180
2180 2179 2181
2182 2180 2181
2180 2182 2183
2183 2182 2184
2185 2184 2182
2184 2185 2186
2187 2184 2186
2188 2187 2186
2187 2188 2189
2189 2190 2187
2184 2187 2191
2192 2184 2191
2192 2183 2184
2192 2191 2193
2193 2194 2192
2191 2195 2193
2195 2196 2190
2196 2195 2191
2196 2187 2190
2187 2196 2191
2190 2197 2195
2197 2190 2198
2190 2199 2198
2199 2190 2189
2199 2200 2198
2201 2197 2198
2198 2200 2202
2201 2198 2202
2203 2192 2194
2203 2183 2192
2183 2203 2204
2205 2183 2204
2183 2205 2180
2204 2206 2205
2180 2205 2207
2178 2180 2207
2204 2208 2206
2203 2208 2204
2203 2209 2208
2208 2209 2210
2206 2208 2210
2194 2209 2203
2202 2200 2211
2212 2202 2211
2212 2211 2213
2213 2214 2212
2213 2211 2215
2211 2200 2215
2215 2200 2216
2200 2199 2216
2216 2199 2217
2199 2189 2217
2217 2189 2188
2217 2188 2218
2219 2217 2218
2219 2216 2217
2220 2218 2188
2188 2221 2220
2221 2222 2220
2220 2222 2223
2223 2224 2220
2224 2218 2220
2222 2225 2223
2225 2222 2226
2227 2226 2222
2226 2227 2228
2229 2226 2228
2230 2229 2228
2231 2230 2228
2228 2232 2231
2227 2181 2228
2181 2179 2228
2228 2179 2232
2233 2225 2226
2229 2233 2226
2185 2227 2222
2185 2222 2221
2227 2182 2181
2182 2227 2185
2234 2225 2233
2234 2233 2235
2236 2234 2235
2236 2237 2234
2237 2236 2238
2238 2239 2237
2240 2237 2239
2237 2240 2241
2241 2234 2237
2239 2242 2240
2242 2239 2243
2244 2243 2239
2239 2238 2244
2243 2244 2245
2243 2245 2246
2247 2236 2235
2247 2248 2236
2249 2248 2247
2248 2249 2250
2249 2251 2250
2251 2252 2250
2253 2250 2252
2253 2254 2250
2255 2254 2253
2256 2255 2253
2252 2256 2253
2255 2256 2257
2254 2255 2258
2252 2251 2259
2259 2251 2260
2261 2260 2251
2261 2251 2249
2262 2259 2260
2262 2260 2263
2264 2262 2263
2265 2262 2264
2256 2265 2266
2266 2257 2256
2265 2256 2267
2265 2267 2262
2267 2259 2262
2256 2252 2267
2259 2267 2252
2268 2266 2265
2269 2268 2265
2265 2264 2269
2264 2270 2269
2269 2270 2268
2270 2264 2271
2271 2264 2263
2257 2266 2272
2272 2273 2257
2274 2272 2266
2274 2266 2268
2275 2274 2268
2268 2276 2275
2277 2275 2276
2278 2275 2277
2278 2274 2275
2279 2274 2278
2272 2274 2279
2277 2280 2278
2281 2278 2280
2281 2279 2278
2282 2279 2281
2280 2277 2283
2283 2284 2280
2280 2284 2285
2284 2283 2286
2277 2287 2283
2287 2286 2283
2287 2277 2288
2277 2276 2288
2286 2287 2289
2286 2290 2284
2286 2289 2290
2290 2289 2291
2292 2279 2282
2293 2292 2282
2294 2292 2293
2294 2293 2295
2294 2295 2296
2296 2297 2294
2294 2297 2298
2294 2298 2273
2294 2273 2292
2298 2299 2273
2273 2299 2255
2299 2300 2255
2300 2299 2301
2301 2299 2298
2302 2297 2296
2303 2296 2295
2303 2302 2296
2297 2302 2304
2305 2297 2304
2297 2305 2298
2305 2301 2298
2293 2306 2295
2300 2258 2255
2273 2255 2257
2306 2307 2308
2309 2308 2307
2308 2309 2310
2281 2309 2307
2306 2293 2307
2293 2282 2307
2282 2281 2307
2309 2281 2280
2309 2280 2285
2310 2309 2311
2310 2311 2284
2312 2310 2284
2310 2312 2313
2314 2310 2313
2310 2314 2315
2315 2316 2310
2317 2316 2315
2316 2317 2318
2319 2318 2317
2319 2320 2318
2320 2319 2321
2321 2322 2320
2322 2321 2323
2324 2323 2321
2321 2319 2324
2323 2324 2325
2325 2326 2323
2323 2326 2322
2326 2327 2322
2327 2326 2328
2328 2326 2329
2326 2330 2329
2325 2330 2326
2329 2330 2331
2325 2332 2330
2332 2331 2330
2332 2325 2333
2334 2333 2325
2334 2325 2324
2334 2335 2333
2332 2333 2335
2335 2334 2336
2331 2332 2337
2332 2335 2337
2337 2335 2338
2335 2339 2338
2335 2336 2339
2336 2340 2339
2341 2339 2340
2341 2340 2342
2340 2336 2342
2336 2334 2342
2342 2334 2324
2343 2342 2324
2343 2344 2342
2344 2341 2342
2344 2343 2345
2345 2346 2344
2345 2347 2346
2347 2345 2348
2348 2345 2343
2319 2348 2343
2319 2343 2324
2348 2349 2347
2350 2347 2349
2351 2350 2349
2348 2317 2349
2319 2317 2348
2317 2352 2349
2317 2315 2352
2352 2353 2349
2353 2351 2349
2352 2354 2353
2354 2352 2314
2314 2352 2315
2355 2354 2314
2355 2314 2313
2355 2356 2354
2353 2354 2357
2357 2354 2356
2351 2353 2357
2024 2358 2359
2359 2026 2024
2026 2359 2029
2024 2022 2358
1938 1922 1920
2360 2361 2362
2363 2362 2361
2363 2361 2364
2365 2363 2364
2363 2365 2366
2362 2363 2367
2363 2366 2367
2368 2367 2366
2366 2369 2368
2369 2366 2365
2370 2368 2369
2371 2361 2360
2372 2371 2360
2372 2360 2373
2373 2374 2372
2374 2373 2375
2376 2374 2375
2373 2377 2375
2373 2378 2377
2378 2379 2377
2380 2379 2378
2379 2380 2381
2377 2379 2382
2375 2383 2376
2383 2375 2384
2384 2377 2382
2377 2384 2375
2385 2383 2384
2384 2386 2385
2382 2386 2384
2386 2382 2387
2387 2382 2388
2379 2388 2382
2388 2379 2389
2379 2381 2389
2390 2388 2389
2388 2390 2391
2387 2388 2391
2392 2391 2390
2391 2392 2393
2386 2394 2385
2393 2395 2391
2391 2395 2387
2395 2386 2387
2396 2393 2392
2393 2396 2397
2395 2393 2398
2395 2398 2399
2399 2394 2386
2398 2394 2399
2395 2399 2386
2396 2400 2397
2392 2401 2396
2401 2392 2402
2390 2402 2392
2403 2396 2401
2403 2400 2396
2402 2390 2404
2405 2404 2390
2389 2405 2390
2381 2405 2389
2406 2403 2401
2407 2408 2409
2407 2409 2327
2410 2409 2408
2322 2409 2410
2409 2322 2327
2408 2310 2410
2310 2316 2410
2318 2410 2316
2410 2318 2320
2320 2322 2410
2411 2412 2413
2413 2414 2411
2411 2414 2415
2414 2413 2246
2243 2246 2413
2413 2242 2243
2413 2412 2242
2416 2411 2415
2411 2416 2412
2417 2414 2246
2417 2246 2418
2246 2245 2418
2244 2418 2245
2418 2244 2419
2238 2419 2244
2419 2238 2420
2420 2421 2419
2421 2418 2419
2421 2420 2422
2421 2423 2418
2236 2420 2238
2420 2236 2248
2248 2250 2420
2250 2422 2420
2423 2424 2418
2424 2417 2418
2425 2417 2424
2417 2425 2426
2426 2425 2415
2414 2426 2415
2414 2417 2426
2427 2428 2429
2427 2429 2430
2427 2430 2431
2431 2432 2427
2433 2430 2429
2433 2429 2434
2433 2434 2435
2430 2436 2431
2436 2430 2437
2430 2433 2437
2431 2438 2432
2438 2431 2436
2436 2439 2438
2439 2436 2440
2441 2432 2438
2441 2438 2439
2442 2432 2441
2441 2443 2442
2441 2444 2443
2445 2443 2444
2446 2445 2444
2446 2447 2445
2444 2441 2448
2441 2439 2448
2448 2439 2449
2449 2446 2444
2448 2449 2444
2440 2450 2439
2439 2450 2449
2440 2451 2450
2451 2452 2450
2449 2450 2452
2453 2449 2452
2453 2454 2449
2454 2446 2449
2446 2455 2447
2454 2455 2446
2451 2440 2456
2457 2451 2456
2457 2456 2458
2458 2459 2457
2433 2459 2458
2459 2433 2435
2435 2460 2459
2456 2437 2458
2433 2458 2437
2437 2456 2436
2456 2440 2436
2461 2462 2435
2461 2435 2463
2435 2434 2463
2462 2464 2435
2465 2466 2467
2466 2468 2467
2466 2469 2468
2466 2465 2470
2469 2466 2471
2466 2470 2471
2471 2472 2469
2472 2471 2473
2473 2474 2472
2473 2475 2474
2476 2474 2475
2477 2476 2475
2475 2478 2477
2465 2479 2470
2465 2480 2479
2477 2478 2481
2361 2481 2478
2478 2482 2361
2483 2482 2478
2475 2483 2478
2361 2484 2481
2484 2361 2485
2361 2371 2485
2486 2482 2483
2475 2486 2483
2486 2475 2473
2486 2487 2482
2470 2487 2486
2487 2470 2479
2486 2471 2470
2471 2486 2473
2371 2372 2488
2374 2488 2372
2488 2374 2489
2374 2490 2489
2490 2374 2491
2492 2490 2491
2493 2492 2491
2494 2493 2491
2374 2494 2491
2492 2493 2495
2496 2495 2493
2495 2496 2497
2498 2497 2496
2497 2498 2499
2490 2492 2500
2501 2493 2494
2493 2501 2496
2498 2496 2501
2494 2502 2501
2502 2503 2501
2503 2498 2501
2502 2494 2504
2505 2498 2503
2499 2498 2505
2499 2505 2506
2506 2505 2507
2374 2504 2494
2508 2509 2510
2511 2509 2508
2509 2511 2512
2513 2512 2511
2512 2513 2210
2510 2509 2514
2509 2515 2514
2515 2516 2514
2516 2517 2514
2517 2510 2514
2518 2510 2517
2518 2519 2510
2508 2510 2519
2520 2518 2517
2517 2521 2520
2521 2517 2516
2521 2516 2522
2521 2522 2523
2515 2524 2516
2516 2524 2522
2524 2525 2522
2526 2522 2525
2522 2526 2523
2523 2527 2521
2527 2520 2521
2520 2527 2528
2527 2529 2528
2529 2527 2530
2530 2523 2526
2527 2523 2530
2531 2530 2526
2532 2529 2530
2533 2532 2530
2526 2525 2534
2531 2526 2534
2535 2531 2534
2536 2531 2535
2531 2536 2537
2537 2533 2538
2533 2530 2538
2537 2538 2531
2530 2531 2538
2539 2540 2528
2539 2541 2540
2540 2520 2528
2520 2540 2518
2541 2518 2540
2518 2541 2519
2542 2519 2541
2519 2542 2543
2544 2543 2542
2543 2544 2545
2542 2546 2544
2546 2542 2541
2546 2547 2544
2548 2544 2547
2544 2548 2549
2544 2549 2550
2545 2544 2550
2551 2550 2549
2552 2551 2549
2549 2553 2552
2548 2553 2549
2551 2552 2554
2543 2508 2519
2545 2508 2543
2508 2545 2511
2550 2511 2545
2511 2550 2513
2551 2513 2550
2555 2546 2541
2539 2555 2541
2556 2557 2558
2556 2558 2559
2560 2558 2557
2557 2561 2560
2560 2561 2562
2558 2560 2563
2562 2563 2560
2563 2559 2558
2563 2562 2564
2556 2565 2557
2557 2565 2561
2563 2564 2566
2559 2563 2567
2567 2563 2566
2566 2568 2567
2567 2568 2559
2568 2566 2569
2570 2569 2566
2566 2571 2570
2571 2564 2562
2566 2564 2571
2569 2570 2572
2569 2572 2573
2574 2572 2570
2570 2571 2574
2571 2575 2574
2572 2574 2576
2573 2572 2577
2572 2576 2577
2576 2578 2577
2578 2576 2579
2576 2574 2579
2580 2578 2579
2578 2580 2581
2581 2580 2582
2580 2583 2582
2583 2580 2584
2574 2575 2584
2580 2579 2584
2574 2584 2579
2578 2585 2577
2577 2586 2573
2577 2585 2586
2587 2585 2578
2578 2581 2587
2581 2588 2587
2589 2588 2581
2582 2589 2581
2575 2590 2584
2584 2590 2583
2575 2591 2590
2590 2592 2583
2593 2592 2590
2591 2593 2590
2582 2594 2589
2595 2596 2591
2562 2596 2595
2596 2562 2597
2595 2571 2562
2595 2591 2575
2571 2595 2575
2561 2597 2562
2598 2599 2600
2598 2600 2601
2601 2602 2598
2602 2601 2603
2603 2604 2602
2604 2603 2605
2605 2606 2604
2606 2605 2607
2608 2606 2607
2606 2608 2609
2610 2609 2608
2609 2610 2611
2612 2611 2610
2611 2612 2613
2614 2613 2612
2613 2614 2615
2616 2615 2614
2617 2615 2616
2618 2615 2617
2615 2618 2619
2620 2604 2606
2604 2620 2621
2622 2615 2619
2615 2622 2613
2618 2623 2619
2623 2618 2624
2625 2619 2623
2619 2625 2626
2619 2626 2622
2627 2622 2626
2625 2627 2626
2622 2627 2628
2627 2625 2629
2623 2630 2625
2630 2629 2625
2630 2623 2631
2624 2631 2623
2631 2624 2632
2632 2633 2631
2633 2632 2634
2631 2635 2630
2631 2633 2635
2629 2630 2636
2637 2629 2636
2629 2637 2638
2639 2629 2638
2629 2639 2627
2639 2628 2627
2637 2640 2638
2640 2639 2638
2640 2637 2641
2636 2642 2637
2642 2636 2643
2636 2630 2643
2637 2644 2641
2644 2637 2645
2642 2645 2637
2646 2633 2634
2633 2646 2647
2635 2633 2647
2648 2635 2647
2635 2648 2649
2641 2650 2640
2644 2650 2641
2650 2651 2640
2639 2640 2651
2650 2652 2651
2653 2651 2652
2651 2653 2639
2654 2653 2652
2650 2654 2652
2653 2654 2655
2655 2628 2653
2655 2656 2628
2657 2656 2655
2656 2657 2620
2628 2639 2653
2606 2656 2620
2656 2606 2609
2609 2628 2656
2628 2609 2611
2613 2628 2611
2628 2613 2622
2658 2620 2657
2620 2658 2621
2659 2621 2658
2621 2659 2660
2602 2621 2660
2621 2602 2604
2661 2660 2659
2660 2661 2599
2598 2660 2599
2660 2598 2602
2599 2661 2600
2662 2663 2664
2665 2664 2663
2664 2665 2666
2667 2666 2665
2666 2667 2645
2668 2667 2665
2667 2668 2669
2670 2669 2668
2669 2670 2671
2670 2672 2671
2672 2670 2673
2672 2673 2674
2670 2675 2673
2674 2673 2675
2675 2676 2674
2675 2677 2676
2677 2675 2678
2675 2670 2678
2668 2678 2670
2679 2677 2678
2678 2668 2679
2665 2679 2668
2677 2679 2680
2679 2681 2680
2681 2679 2663
2662 2681 2663
2681 2662 2682
2682 2662 2683
2662 2684 2683
2684 2662 2685
2662 2686 2685
2686 2662 2648
2662 2649 2648
2649 2662 2664
2648 2687 2686
2687 2648 2647
2647 2646 2687
2646 2688 2687
2689 2683 2684
2683 2689 2690
2683 2690 2691
2682 2683 2691
2689 2692 2690
2690 2692 2691
2666 2649 2664
2649 2666 2643
2666 2642 2643
2630 2649 2643
2649 2630 2635
2666 2645 2642
2646 2634 2693
2634 2694 2695
2696 2608 2697
2608 2696 2698
2698 2610 2608
2610 2698 2699
2699 2612 2610
2612 2699 2700
2614 2612 2700
2608 2701 2697
2697 2702 2696
2702 2697 2703
2608 2607 2701
2701 2704 2697
2703 2697 2704
2705 2703 2704
2703 2705 2702
2706 2614 2700
2616 2614 2707
2679 2665 2663
2360 2380 2378
2360 2378 2373
2432 2442 2708
2432 2708 2427
2708 2709 2427
2427 2709 2428
2569 2710 2568
2710 2569 2573
2711 2712 2713
2712 2711 2714
2711 2713 2715
2715 2716 2711
2711 2716 2717
2714 2711 2717
2716 2715 2718
2714 2719 2712
2720 2718 2715
2715 2721 2720
2721 2715 2722
2721 2722 2723
2723 2724 2721
2721 2725 2720
2724 2725 2721
2724 2723 2726
2727 2728 2729
2728 2730 2729
2728 2731 2730
2732 2730 2731
2730 2732 2733
2734 2730 2733
2730 2734 2735
2735 2734 2736
2732 2737 2733
2737 2732 2738
2732 2739 2738
2739 2732 2740
2740 2732 2731
2740 2741 2739
2741 2740 2742
2743 2733 2737
2733 2743 2734
2744 2743 2737
2743 2744 2745
2745 2746 2743
2746 2734 2743
2734 2746 2736
2746 2745 2747
2748 2747 2745
2744 2748 2745
2747 2748 2749
2748 2744 2750
2751 2750 2744
2737 2751 2744
2751 2737 2738
2750 2751 2752
2751 2753 2752
2753 2751 2754
2754 2755 2753
2755 2754 2756
2750 2757 2748
2752 2757 2750
2757 2752 2753
2757 2753 2755
2748 2757 2749
2738 2754 2751
2754 2738 2739
2739 2756 2754
2756 2739 2741
2758 2759 2760
2759 2758 2761
2759 2762 2760
2762 2759 2763
2762 2763 2764
2765 2761 2758
2761 2765 2766
2767 2766 2765
2766 2767 2768
2769 2768 2767
2763 2770 2764
2771 2772 2773
2774 2772 2771
2772 2774 2775
2774 2776 2775
2776 2774 2777
2777 2778 2776
2778 2777 2779
2779 2780 2778
2780 2779 2781
2782 2783 2784
2783 2782 2785
2785 2782 2786
2783 2787 2784
2787 2783 2788
2788 2789 2787
2789 2788 2790
2790 2791 2789
2179 2792 2793
2792 2179 2794
2179 2178 2794
2792 2794 2795
2792 2796 2793
2792 2797 2796
2792 2795 2797
2793 2232 2179
2798 2799 2800
2801 2802 2803
2802 2804 2803
2805 2801 2803
2805 2803 2806
2805 2806 2807
2808 2805 2807
2807 2809 2808
2809 2807 2810
2811 2809 2810
2802 2812 2804
2812 2802 2735
2730 2735 2802
2812 2735 2813
2812 2813 2814
2815 2814 2813
2814 2815 2816
2816 2817 2814
2812 2814 2817
2812 2817 2818
2817 2816 2819
2819 2818 2817
2820 2816 2815
2816 2820 2821
2821 2819 2816
2822 2821 2820
2820 2823 2822
2823 2820 2824
2821 2822 2825
2825 2826 2821
2819 2821 2826
2827 2819 2826
2819 2827 2828
2818 2819 2828
2829 2827 2826
2826 2825 2829
2827 2829 2830
2831 2825 2822
2825 2831 2832
2832 2829 2825
2829 2832 2833
2829 2834 2830
2834 2829 2833
2833 2835 2834
2835 2833 2832
2835 2832 2831
2836 2835 2831
2836 2822 2823
2822 2836 2831
2820 2837 2824
2837 2820 2815
2815 2838 2837
2838 2815 2813
2839 2840 2841
2842 2843 2844
2843 2842 2845
2844 2846 2842
2846 2844 2847
2848 2846 2847
2846 2848 2849
2848 2850 2849
2850 2848 2851
2851 2852 2850
2853 2854 2855
2854 2853 2856
2857 2855 2854
2855 2857 2858
2859 2858 2857
2276 2268 2860
2276 2860 2861
2279 2292 2272
2272 2292 2273
2221 2186 2185
2186 2221 2188
2219 2218 2862
2218 2224 2862
2234 2241 2225
2863 2864 2865
2864 2863 2866
2867 2866 2863
2866 2867 2868
2869 2865 2864
2865 2869 2870
2869 2871 2870
2871 2869 2872
2873 2871 2872
2867 2874 2868
2875 2876 2877
2876 2875 2878
2879 2875 2877
2875 2879 2880
2881 2880 2879
2880 2881 2882
2878 2883 2876
2883 2878 2884
2885 2882 2881
2882 2885 2886
2886 2885 2887
2888 2883 2884
2889 2068 2890
2889 1969 2068
1969 2889 1971
2890 2068 2891
2062 2891 2068
2892 2889 2890
2893 2894 2895
2894 2893 2896
2893 2895 2897
2896 2898 2894
2898 2896 2899
2900 2893 2897
2897 2901 2900
2901 2897 2902
2903 2901 2902
2901 2903 2904
2905 2904 2903
2904 2905 2906
2906 2905 2907
2908 2899 2909
2910 2909 2899
2909 2910 2911
2912 2911 2910
2911 2912 2913
2914 2913 2912
2913 2914 2915
2916 2915 2914
2915 2916 2917
2916 2918 2917
2918 2916 2919
2919 2920 2918
2920 2919 2921
2921 2922 2920
2923 2924 2925
2924 2926 2925
2927 2926 2924
2924 2928 2927
2928 2924 2929
2929 2930 2928
2928 2930 2931
2931 2932 2928
2932 2933 2928
2933 2927 2928
2932 2934 2933
2932 2935 2934
2935 2932 2936
2931 2936 2932
2934 2935 2937
2938 2934 2937
2937 2939 2938
2939 2937 2940
2940 2941 2939
2939 2941 2942
2942 2941 2943
2944 2941 2940
2933 2934 2945
2938 2939 2945
2945 2934 2938
2946 2945 2939
2942 2946 2939
2945 2947 2933
2945 2948 2947
2948 2945 2946
2933 2947 2949
2944 2950 2941
2950 2943 2941
2950 2951 2943
2952 2951 2950
2953 2948 2946
2942 2953 2946
2953 2942 2954
2954 2942 2943
2955 2947 2948
2947 2955 2949
2948 2956 2955
2956 2948 2957
2953 2957 2948
2958 2957 2953
2958 2953 2954
2955 2956 2959
2949 2955 2959
2949 2959 2960
2961 2960 2959
2960 2961 2962
2963 2962 2961
2964 2962 2963
2965 2962 2964
2960 2962 2926
2926 2962 2925
2962 2966 2925
2962 2965 2966
2967 2925 2966
2925 2967 2968
2968 2969 2925
2925 2969 2923
2968 2970 2969
2968 2967 2971
2968 2971 2972
2968 2972 2970
2927 2960 2926
2960 2927 2949
2949 2927 2933
2923 2973 2924
2924 2973 2929
2930 2929 2974
2930 2974 2975
2974 2976 2975
2975 2976 2977
2931 2975 2977
2931 2930 2975
2936 2931 2977
2978 2979 2976
2979 2978 2980
2980 2981 2979
2981 2980 2982
2982 2983 2981
2983 2984 2981
2981 2984 2985
2985 2984 2986
2986 2984 2987
2987 2984 2983
2988 2987 2983
2988 2983 2989
2989 2983 2982
2990 2987 2988
2987 2990 2991
2991 2986 2987
2991 2992 2986
2991 2993 2992
2985 2986 2994
2986 2992 2994
2994 2992 2995
2996 2995 2992
2992 2993 2996
2993 2991 2997
2997 2991 2990
2990 2998 2997
2997 2998 2999
3000 2993 2997
3000 2996 2993
2999 3000 2997
3001 2996 3000
3001 3000 3002
3003 3000 2999
3004 3000 3003
3000 3004 3002
2996 3005 2995
3001 3005 2996
3006 3005 3001
3001 3007 3006
3007 3001 3008
3008 3001 3002
3008 3002 3004
3009 2998 3010
2990 3010 2998
3010 2990 2988
2988 3011 3010
3009 3010 3011
3009 3011 3012
3011 2988 2989
3013 3011 2989
2989 3014 3013
3014 3015 3013
3015 3014 3016
3016 3017 3015
3012 3011 3018
3013 3015 3018
3018 3011 3013
3018 3015 3019
3015 3020 3019
3020 3015 3021
3017 3021 3015
3022 3021 3017
3023 3021 3022
3021 3023 3024
3020 3021 3024
3022 3025 3023
2982 3016 3014
3014 2989 2982
3016 2982 2980
2980 3017 3016
3017 2980 2978
3022 3017 2978
1987 1974 1984
1974 1987 1975
1985 2054 1988
1961 1979 1960
1979 1961 1977
3026 3027 3028
3029 3028 3027
3029 3030 3028
3029 3031 3030
3031 3029 3032
3027 3033 3029
3029 3033 3032
3034 3032 3033
3032 3034 3035
3035 3031 3032
3036 3035 3034
3037 3026 3028
3038 3026 3037
3037 3039 3038
3028 3040 3037
3041 3040 3028
3028 3042 3041
3028 3043 3042
3043 3028 3044
3045 3043 3044
3046 3038 3039
3047 3038 3046
3046 3048 3047
3049 3048 3046
3047 3048 3050
3047 3050 3051
3047 3051 3026
3038 3047 3026
3051 3050 3052
3053 3051 3052
3026 3051 3053
3052 3054 3053
3055 3054 3052
3050 3056 3052
3048 3049 3057
3057 3058 3048
3050 3058 3056
3058 3050 3048
3059 3058 3057
3058 3059 3060
3060 3056 3058
3056 3060 3061
3061 3062 3056
3052 3056 3062
3062 3055 3052
3062 3063 3055
3063 3062 3064
3061 3064 3062
3064 3065 3063
3065 3064 3066
3060 3059 3067
3066 3064 3068
3064 3061 3068
3068 3061 3060
3068 3060 3069
3069 3060 3067
3068 3069 3070
3068 3070 3066
3070 3069 3067
3066 3071 3065
3071 3066 3072
3071 3072 3073
3074 3065 3071
3065 3074 3075
3075 3063 3065
3063 3075 3076
3077 3071 3073
3074 3071 3077
3078 3074 3077
3063 3076 3079
3075 3080 3081
3081 3080 3082
3081 3082 3083
3081 3084 3075
3083 3085 3081
3081 3085 3084
3085 3083 3086
3086 3087 3085
3087 3086 3088
3087 3088 3089
3090 3089 3088
3091 3089 3090
3089 3091 3043
3091 3042 3043
3092 3085 3087
3085 3092 3084
3089 3092 3087
3093 3084 3092
3092 3044 3093
3084 3093 3094
3075 3084 3094
3075 3094 3036
3092 3045 3044
3092 3089 3045
3089 3043 3045
3095 3096 3097
3097 3098 3095
3098 3097 3099
3100 3097 3096
3100 3099 3097
3099 3100 3101
3101 3100 3102
3102 3103 3101
3103 3102 3104
3104 3105 3103
3105 3104 3106
3106 3104 3107
3104 3102 3107
3103 3105 3108
3108 3101 3103
3101 3108 3099
3108 3098 3099
3108 3109 3098
3106 3107 3110
3107 3111 3110
3111 3112 3110
3113 3111 3107
3114 3113 3107
3102 3114 3107
3115 3106 3110
3115 3110 3112
3106 3115 3116
3117 3106 3116
3117 3105 3106
3118 3117 3116
3115 3118 3116
3117 3118 3119
3112 3120 3115
3115 3120 3118
3120 3121 3118
3118 3121 3122
3118 3122 3119
3119 3122 3123
3124 3123 3122
3125 3117 3119
3123 3125 3119
3125 3123 3124
3126 3125 3124
3126 3127 3125
3127 3126 3128
3128 3126 3129
3127 3128 3109
3128 3130 3109
3130 3128 3129
3127 3105 3125
3125 3105 3117
3109 3130 3131
3132 3131 3130
3109 3131 3098
3098 3131 3133
3133 3131 3134
3134 3131 3135
3131 3132 3135
3136 3133 3134
3133 3136 3137
3095 3133 3137
3098 3133 3095
3138 3137 3136
3138 3139 3137
3137 3139 3096
3096 3095 3137
3096 3139 3140
3140 3141 3096
3141 3140 3142
3138 3136 3143
3143 3136 3144
3135 3144 3134
3144 3136 3134
3145 3141 3142
3146 3141 3145
3141 3146 3147
3148 3147 3146
3147 3148 3149
3149 3148 3150
3148 3151 3150
3152 3148 3146
3145 3152 3146
3148 3152 3153
3148 3153 3151
3152 3145 3154
3145 3142 3154
3142 2291 3154
3151 3155 3150
3155 3151 3156
3151 3157 3156
3150 3155 3158
3149 3150 3158
3158 3155 3159
3155 3160 3159
3161 3160 3155
3160 3162 3159
3162 3160 3163
3164 3162 3163
3162 3164 3165
3166 3162 3165
3162 3166 3167
3167 3159 3162
3168 3167 3166
3161 3155 3169
3169 3170 3161
3160 3161 3170
3160 3170 3171
3160 3171 3163
3170 3169 3172
3173 3158 3159
3159 3167 3173
3173 3167 3168
3173 3168 3174
3170 3175 3171
3172 3175 3170
3174 3176 3173
3158 3173 3176
3176 3174 3177
3178 3177 3174
3179 3178 3174
3179 3174 3168
3179 3168 3180
3180 3168 3181
3179 3180 3182
3183 3179 3182
3184 3183 3182
3182 3185 3184
3186 3185 3182
3182 3180 3186
3186 3180 3187
3180 3181 3187
3179 3188 3178
3179 3183 3188
3189 3188 3183
3189 3183 3184
3178 3188 3190
3178 3191 3177
3190 3191 3178
3177 3191 3192
3181 3193 3187
3193 3181 3166
3166 3194 3193
3166 3195 3194
3195 3166 3165
3165 3196 3195
3164 3196 3165
3164 3197 3196
3198 3196 3197
3198 3199 3196
3199 3198 3200
3200 3201 3199
2261 3198 3197
2261 3197 2260
3202 2260 3197
3197 3164 3202
3171 2260 3202
3171 3175 2260
3163 3171 3202
3164 3163 3202
3200 3203 3201
3201 3203 3204
3205 3201 3204
3201 3205 3206
3207 3206 3205
3205 3208 3207
3208 3205 3209
3204 3209 3205
3210 3207 3208
3207 3210 3211
3211 3212 3207
3206 3207 3212
3212 3211 3213
3211 3214 3213
3214 3215 3213
3215 3212 3213
3215 3214 3216
3217 3216 3214
3218 3217 3214
3218 3214 3211
3218 3211 3210
3217 3218 3219
3216 3217 3220
3217 3221 3220
3221 3217 3219
3222 3221 3219
3223 3218 3210
3219 3223 3222
3219 3218 3223
3212 3215 3224
3224 3206 3212
3206 3224 3225
3225 3201 3206
3201 3225 3199
3226 3225 3224
3226 3224 3215
3226 3215 3227
3225 3226 3228
3225 3228 3196
3199 3225 3196
3221 3229 3220
3229 3216 3220
3216 3229 3230
3215 3230 3227
3215 3216 3230
3231 3232 3233
3231 3114 3232
3100 3233 3232
3233 3100 3096
3114 3102 3232
3100 3232 3102
3234 3096 3235
3096 3236 3235
3191 3234 3235
3192 3191 3235
3235 3147 3192
3190 3234 3191
3147 3149 3192
3192 3149 3176
3177 3192 3176
3149 3158 3176
3147 3235 3237
3141 3147 3237
3096 3141 3236
3238 3239 3240
3238 3241 3239
3238 3242 3241
3243 3239 3241
3243 3244 3239
3243 3245 3244
3246 3241 3242
3241 3246 3247
3241 3247 3243
3242 3248 3246
3249 3246 3248
3246 3249 3250
3248 3242 3251
3242 3238 3251
3238 3252 3251
3251 3252 3253
3253 3254 3251
3254 3248 3251
3254 3249 3248
3254 3253 3255
3256 3254 3255
3257 3256 3255
3258 3256 3257
3258 3257 3259
3254 3256 3260
3254 3260 3249
3260 3256 3261
3256 3258 3261
3260 3261 3249
3261 3258 3262
3261 3263 3249
3250 3249 3263
3264 3263 3261
3265 3263 3264
3250 3263 3265
3258 3259 3266
3262 3258 3266
3267 3261 3262
3267 3264 3261
3268 3269 3265
3268 3270 3269
3270 3268 3271
3243 3270 3271
3265 3269 3250
3271 3245 3243
3245 3271 3272
3247 3270 3243
3270 3247 3269
3247 3246 3269
3246 3250 3269
3273 3245 3272
3274 3273 3272
3245 3273 3275
3244 3245 3275
3276 3277 3278
3279 3276 3278
3279 3278 3280
3280 3281 3279
3281 3280 3282
3282 3283 3281
3283 3282 3284
3284 3285 3283
3285 3284 3286
3287 3286 3284
3285 3286 3288
3288 3289 3285
3288 3286 3046
3046 3286 3287
3046 3290 3288
3039 3290 3046
3278 3291 3280
3292 3284 3282
3284 3292 3287
3292 3282 3280
3291 3292 3280
3293 3292 3291
3293 3287 3292
3287 3293 3294
3046 3287 3294
3295 3296 3297
3295 3298 3296
3296 3299 3297
3299 3296 3300
3298 3300 3296
3300 3301 3299
3301 3300 3302
3295 3297 3303
3297 3304 3303
3297 3299 3304
3299 3301 3304
3301 3305 3304
3301 3306 3305
3306 3301 3307
3307 3308 3306
3307 3301 3309
3309 3301 3302
3310 3309 3302
3310 3302 3300
3309 3311 3307
3311 3308 3307
3312 3310 3300
3300 3298 3312
3313 3310 3312
3312 3298 3313
3310 3313 3314
3314 3315 3310
3310 3315 3309
3315 3314 3316
3314 3317 3316
3315 3318 3309
3316 3318 3315
3318 3311 3309
3318 3319 3311
3318 3316 3320
3317 3321 3316
3316 3321 3320
3320 3321 3322
3322 3323 3320
3323 3319 3318
3320 3323 3318
3319 3323 3324
3322 3324 3323
3324 3322 3325
3325 3326 3324
3324 3326 3327
3327 3319 3324
3319 3327 3328
3314 3313 3329
3329 3317 3314
3322 3330 3325
3322 3321 3331
3330 3322 3331
3321 3317 3332
3321 3332 3331
3311 3319 3328
3327 3333 3328
3334 3328 3333
3328 3334 3308
3311 3328 3308
3326 3325 3335
3326 3335 3336
3330 3337 3325
3325 3337 3335
3338 3339 3340
3338 3341 3339
3341 3338 3342
3342 3343 3341
3343 3342 3344
3344 3345 3343
3345 3344 3346
3346 3347 3345
3348 3347 3346
3346 3349 3348
3350 3348 3349
3349 3351 3350
3352 3350 3351
3351 3353 3352
3354 3352 3353
3353 3355 3354
3356 3354 3355
3357 3356 3355
3358 3357 3355
3355 3359 3358
3344 3360 3346
3355 3361 3359
3361 3355 3353
3358 3359 3362
3362 3363 3358
3364 3362 3359
3359 3365 3364
3359 3361 3365
3366 3365 3361
3364 3365 3366
3361 3367 3366
3353 3367 3361
3366 3368 3364
3362 3364 3369
3369 3364 3368
3369 3370 3362
3363 3362 3370
3370 3371 3363
3371 3370 3372
3372 3373 3371
3370 3369 3374
3370 3374 3372
3374 3375 3372
3376 3375 3374
3374 3377 3376
3377 3374 3369
3368 3378 3369
3379 3378 3368
3368 3380 3379
3381 3380 3368
3368 3366 3381
3381 3366 3367
3379 3380 3382
3382 3380 3381
3382 3383 3379
3378 3379 3384
3384 3385 3378
3379 3383 3386
3386 3387 3379
3384 3379 3387
3388 3373 3372
3375 3388 3372
3383 3382 3389
3386 3383 3389
3389 3382 3390
3381 3390 3382
3389 3390 3391
3392 3391 3390
3390 3381 3392
3393 3391 3392
3389 3391 3393
3392 3394 3393
3394 3392 3367
3367 3392 3381
3394 3367 3395
3396 3394 3395
3395 3360 3396
3395 3346 3360
3346 3395 3349
3367 3349 3395
3349 3367 3351
3367 3353 3351
3397 3396 3360
3360 3398 3397
3360 3344 3398
3399 3397 3398
3398 3400 3399
3342 3398 3344
3398 3342 3400
3401 3399 3400
3400 3340 3401
3338 3400 3342
3400 3338 3340
3340 3339 3401
3402 3403 3404
3405 3404 3403
3403 3406 3405
3407 3405 3406
3406 3387 3407
3408 3405 3407
3407 3409 3408
3410 3408 3409
3409 3411 3410
3410 3411 3412
3412 3413 3410
3412 3414 3413
3410 3413 3415
3414 3415 3413
3415 3414 3416
3415 3416 3417
3417 3418 3415
3415 3418 3410
3408 3410 3418
3419 3418 3417
3418 3419 3408
3405 3408 3419
3417 3420 3419
3419 3420 3421
3421 3404 3419
3402 3404 3421
3421 3422 3402
3422 3423 3402
3402 3423 3424
3424 3425 3402
3402 3425 3426
3426 3376 3402
3402 3376 3377
3377 3403 3402
3376 3426 3427
3427 3375 3376
3375 3427 3388
3428 3424 3423
3423 3429 3428
3423 3430 3429
3422 3430 3423
3428 3429 3431
3429 3430 3431
3406 3403 3377
3377 3385 3406
3406 3385 3384
3369 3385 3377
3378 3385 3369
3406 3384 3387
3388 3427 3432
3388 3433 3373
3434 3435 3373
3436 3354 3356
3437 3354 3438
3354 3437 3352
3352 3437 3439
3439 3350 3352
3350 3439 3440
3440 3348 3350
3348 3440 3441
3441 3442 3348
3348 3442 3443
3442 3441 3444
3444 3445 3442
3348 3443 3347
3443 3442 3446
3445 3446 3442
3447 3446 3445
3445 3444 3447
3419 3404 3405
3448 2952 3449
2952 3448 2951
3448 3450 2951
3450 2943 2951
3450 2954 2943
3451 2956 3452
2956 3451 2959
3453 2959 3451
2959 3453 2961
3454 2961 3453
3204 3454 3453
2957 3452 2956
3452 2957 3455
2958 3455 2957
3209 3204 3453
2963 2961 3454
3204 3203 3454
3456 3457 3458
3458 3457 3459
3458 3459 3460
3461 3460 3459
3459 3462 3461
3463 3462 3459
3459 3464 3463
3464 3465 3463
3461 3462 3466
3466 3467 3461
3461 3467 3468
3468 3469 3461
3469 3460 3461
3469 3468 3470
3470 3471 3469
3472 3466 3462
3462 3463 3472
3473 3466 3472
3472 3474 3473
3474 3472 3475
3475 3472 3463
3463 3465 3475
3475 3476 3474
3477 3474 3476
3473 3474 3477
3476 3478 3477
3477 3479 3473
3480 3473 3479
3466 3473 3480
3480 3467 3466
3479 3481 3480
3480 3481 3482
3482 3483 3480
3483 3482 3484
3484 3485 3483
3479 3477 3486
3481 3479 3486
3486 3482 3481
3486 3484 3482
3477 3478 3486
3467 3480 3483
3483 3468 3467
3468 3483 3485
3485 3470 3468
3487 3488 3489
3488 3487 3490
3491 3488 3490
3488 3491 3492
3489 3493 3487
3493 3489 3494
3494 3495 3493
3495 3494 3496
3497 3495 3496
3491 3498 3492
3498 3499 3492
3500 3501 3502
3502 3503 3500
3503 3502 3504
3505 3503 3504
3503 3505 3506
3507 3506 3505
3506 3507 3508
3509 3508 3507
3508 3509 3510
3511 3512 3513
3512 3511 3514
3514 3515 3512
3516 3511 3513
3511 3516 3517
3518 3517 3516
3517 3518 3519
3519 3518 3520
3521 3522 3523
3524 3525 3526
3526 3525 3527
3528 3525 3524
3528 3529 3525
3528 3530 3529
3531 3530 3528
3530 3531 3532
3532 3533 3530
3534 3533 3532
3526 3527 3535
3535 3464 3526
3459 3526 3464
3535 3536 3464
3535 3537 3536
3538 3536 3537
3537 3539 3538
3539 3537 3540
3535 3540 3537
3535 3541 3540
3540 3542 3539
3542 3540 3541
3543 3538 3539
3539 3544 3543
3544 3539 3542
3545 3543 3544
3543 3545 3546
3546 3547 3543
3544 3548 3545
3548 3544 3549
3542 3549 3544
3550 3549 3542
3542 3551 3550
3541 3551 3542
3552 3549 3550
3549 3552 3548
3550 3553 3552
3554 3545 3548
3548 3555 3554
3555 3548 3552
3552 3556 3555
3552 3553 3557
3557 3556 3552
3556 3557 3558
3558 3555 3556
3558 3554 3555
3559 3554 3558
3559 3546 3545
3545 3554 3559
3543 3547 3560
3560 3538 3543
3538 3560 3561
3561 3536 3538
3562 3563 3564
3565 3566 3567
3567 3568 3565
3566 3565 3569
3569 3570 3566
3571 3570 3569
3569 3572 3571
3571 3572 3573
3573 3574 3571
3574 3573 3575
3576 3577 3578
3577 3576 3579
3579 3580 3577
3580 3579 3581
3582 3580 3581
3252 3238 3583
3238 3240 3583
3055 3063 3079
3054 3055 3079
2038 2052 2039
2051 2080 2050
3584 3585 3586
3586 3587 3584
3588 3584 3587
3587 3589 3588
3589 3587 3590
3590 3591 3589
3591 3590 3592
3592 3593 3591
3593 3592 3594
3594 3595 3593
3595 3594 3596
3597 3595 3596
3595 3597 3598
3596 3599 3597
3599 3596 3600
3601 3596 3594
3596 3601 3600
3602 3590 3587
3590 3602 3603
3603 3592 3590
3592 3603 3604
3604 3594 3592
3594 3604 3601
3605 3598 3597
3598 3605 3606
3607 3597 3599
3597 3607 3605
3605 3607 3608
3606 3605 3608
3587 3586 3602
3609 3586 3585
3610 3609 3585
3584 3588 3611
3611 3612 3584
3613 3614 3615
3614 3613 3616
3617 3616 3613
3616 3617 3618
3619 3618 3617
3618 3619 3620
3615 3621 3613
3617 3613 3621
3617 3621 3622
3621 3615 3623
3624 3623 3615
3623 3624 3625
3624 3626 3625
3626 3624 3627
3628 3627 3624
3628 3615 3614
3615 3628 3624
3627 3628 3629
3621 3623 3630
3630 3622 3621
3631 3620 3619
3619 3632 3631
3633 3631 3632
3631 3633 3634
3635 3634 3633
3634 3635 3636
3637 3636 3635
3636 3637 3638
3636 3639 3634
3639 3636 3640
3638 3640 3636
3640 3638 3641
3642 3641 3638
3642 3638 3637
3634 3643 3631
3643 3634 3639
3620 3631 3643
3632 3644 3633
3644 3632 3645
3646 3645 3632
3632 3619 3646
3617 3646 3619
3646 3617 3622
3645 3646 3647
3648 3646 3622
3646 3648 3647
3622 3630 3648
3648 3649 3647
3650 3647 3649
3647 3650 3651
3652 3651 3650
3651 3652 3653
3654 3653 3652
3653 3654 3655
3650 3656 3652
3657 3652 3656
3652 3657 3658
3656 3650 3659
3649 3659 3650
3659 3649 3660
3659 3661 3656
3661 3659 3662
3660 3662 3659
3663 3656 3661
3656 3663 3664
3656 3664 3657
3665 3655 3654
3655 3665 3666
3667 3666 3665
3666 3667 3668
3662 3660 3669
3670 3669 3660
3669 3670 3671
3670 3672 3671
3670 3673 3672
3674 3673 3670
3660 3674 3670
3673 3675 3672
3673 3623 3675
3623 3676 3675
3677 3675 3676
3678 3677 3676
3676 3626 3678
3626 3676 3625
3676 3623 3625
3677 3678 3679
3675 3677 3680
3680 3672 3675
3630 3623 3673
3674 3630 3673
3681 3672 3680
3681 3671 3672
3671 3681 3682
3683 3671 3682
3671 3683 3669
3684 3669 3683
3669 3684 3685
3686 3685 3684
3685 3686 3687
3688 3687 3686
3687 3688 3689
3689 3688 3690
3691 3681 3680
3681 3691 3692
3693 3692 3691
3692 3693 3694
3693 3695 3694
3695 3693 3696
3696 3697 3695
3697 3696 3698
3691 3699 3693
3699 3691 3700
3696 3701 3698
3702 3698 3701
3698 3702 3703
3701 3704 3702
3705 3702 3704
3702 3705 3706
3704 3701 3707
3701 3708 3707
3708 3701 3709
3701 3696 3709
3699 3708 3709
3708 3699 3710
3700 3710 3699
3702 3711 3703
3711 3702 3706
3712 3703 3711
3703 3712 3713
3710 3700 3714
3700 3679 3714
3679 3700 3677
3711 3715 3712
3715 3711 3716
3706 3716 3711
3716 3706 3717
3717 3718 3716
3718 3717 3719
3706 3720 3717
3717 3721 3719
3721 3717 3720
3719 3722 3718
3722 3719 3723
3723 3724 3722
3724 3725 3722
3725 3724 3726
3724 3723 3727
3723 3728 3727
3728 3723 3729
3729 3719 3721
3719 3729 3723
3730 3724 3727
3724 3730 3731
3731 3726 3724
3732 3731 3730
3731 3732 3733
3730 3734 3732
3735 3732 3734
3732 3735 3736
3734 3730 3737
3737 3727 3728
3727 3737 3730
3736 3735 3738
3739 3733 3732
3733 3739 3740
3726 3731 3741
3742 3741 3731
3741 3742 3743
3744 3740 3739
3740 3744 3745
3746 3745 3744
3745 3746 3747
3748 3747 3746
3749 3743 3742
3743 3749 3750
3751 3750 3749
3750 3751 3752
3752 3751 3753
3754 3749 3742
3731 3754 3742
3733 3754 3731
3740 3754 3733
3674 3660 3649
3649 3648 3674
3630 3674 3648
3755 3658 3657
3658 3755 3756
3657 3757 3755
3757 3657 3664
3664 3758 3757
3758 3664 3663
3698 3759 3760
3761 3760 3759
3760 3761 3762
3763 3762 3761
3762 3763 3764
3765 3698 3760
3698 3765 3766
3767 3760 3762
3760 3767 3765
3768 3762 3764
3762 3768 3767
3698 3766 3697
3769 3697 3766
3697 3769 3770
3771 3772 3773
3771 3773 3774
3772 3775 3773
3776 3773 3775
3773 3776 3777
3778 3777 3776
3777 3778 3779
3778 3780 3779
3780 3778 3781
3781 3782 3780
3782 3781 3783
3783 3784 3782
3784 3783 3785
3784 3785 3786
3787 3780 3782
3780 3787 3788
3788 3779 3780
3789 3782 3784
3782 3789 3787
3789 3784 3786
3790 3777 3779
3779 3788 3790
3777 3790 3791
3791 3773 3777
3773 3791 3774
3792 3793 3794
3793 3792 3795
3796 3795 3792
3795 3796 3797
3797 3798 3795
3798 3797 3799
3800 3798 3799
3801 3795 3798
3795 3801 3793
3802 3792 3794
3803 3802 3794
3802 3803 3804
3805 3802 3804
3802 3805 3806
3806 3805 3807
3806 3807 3808
3806 3808 3809
3810 3809 3808
3809 3810 3811
3812 3808 3807
3808 3812 3810
3807 3813 3812
3813 3807 3814
3807 3805 3814
3814 3815 3813
3815 3814 3816
3805 3816 3814
3805 3817 3816
3818 3809 3811
3809 3818 3819
3818 3820 3819
3821 3819 3820
3819 3821 3822
3822 3809 3819
3820 3818 3823
3823 3824 3820
3824 3821 3820
3824 3823 3825
3821 3824 3826
3827 3824 3825
3824 3827 3828
3828 3826 3824
3816 3817 3829
3816 3829 3830
3831 3830 3829
3817 3832 3829
3821 3833 3822
3833 3806 3822
3806 3809 3822
3806 3833 3802
3792 3802 3833
3834 3792 3833
3792 3834 3796
3833 3821 3834
3826 3834 3821
3835 3796 3834
3834 3826 3835
3826 3836 3835
3837 3835 3836
3835 3837 3838
3796 3835 3838
3837 3839 3838
3839 3837 3840
3840 3841 3839
3841 3840 3842
3838 3797 3796
3797 3838 3839
3843 3840 3837
3836 3843 3837
3840 3843 3844
3844 3842 3840
3843 3614 3844
3616 3844 3614
3844 3616 3845
3842 3844 3845
3614 3843 3628
3843 3846 3628
3843 3836 3846
3846 3629 3628
3629 3846 3847
3799 3797 3839
3841 3799 3839
3841 3800 3799
3846 3848 3847
3848 3846 3836
3836 3826 3848
3849 3850 3851
3850 3849 3852
3850 3853 3851
3853 3850 3854
3854 3855 3853
3855 3854 3856
3856 3857 3855
3857 3856 3858
3858 3859 3857
3859 3858 3860
3860 3861 3859
3861 3860 3862
3862 3863 3861
3863 3862 3864
3865 3863 3864
3700 3680 3677
3680 3700 3691
3720 3706 3705
3705 3866 3720
3866 3705 3867
3868 3866 3867
3867 3869 3868
3869 3867 3870
3870 3871 3869
3871 3870 3872
3872 3873 3871
3873 3872 3874
3866 3868 3875
3875 3876 3866
3876 3720 3866
3876 3875 3877
3877 3878 3876
3878 3720 3876
3878 3877 3879
3879 3880 3878
3880 3879 3881
3882 3880 3881
3880 3882 3883
3884 3883 3882
3883 3884 3885
3886 3885 3884
3885 3886 3887
3888 3887 3886
3887 3888 3889
3890 3889 3888
3889 3890 3891
3892 3891 3890
3891 3892 3893
3894 3893 3892
3883 3721 3880
3721 3878 3880
3721 3720 3878
3895 3721 3883
3895 3883 3885
3887 3895 3885
3895 3887 3896
3889 3896 3887
3896 3889 3897
3891 3897 3889
3897 3891 3898
3893 3898 3891
3898 3893 3899
3894 3899 3893
3709 3693 3699
3693 3709 3696
3708 3900 3874
3874 3707 3708
3707 3874 3872
3872 3704 3707
3704 3872 3870
3867 3704 3870
3704 3867 3705
3901 3874 3900
3874 3901 3873
3902 3903 3904
3904 3905 3902
3905 3904 3906
3906 3907 3905
3907 3906 3908
3908 3909 3907
3909 3908 3910
3910 3911 3909
3911 3910 3912
3913 3911 3912
3914 3913 3912
3913 3914 3915
3911 3913 3916
3911 3916 3917
3918 3919 3920
3919 3918 3921
3922 3920 3919
3920 3922 3923
3923 3924 3920
3924 3918 3920
3924 3923 3925
3923 3926 3925
3926 3923 3927
3927 3928 3926
3928 3927 3929
3927 3930 3929
3929 3930 3931
3928 3929 3931
3930 3927 3932
3923 3932 3927
3932 3923 3922
3918 3924 3933
3933 3934 3918
3934 3933 3935
3935 3936 3934
3936 3935 3937
3938 3939 3940
3941 3940 3939
3940 3941 3942
3943 3942 3941
3942 3943 3944
3945 3944 3943
3944 3945 3946
3946 3945 3947
3945 3948 3947
3948 3949 3947
3950 3947 3949
3947 3950 3951
3946 3947 3951
3949 3952 3950
3952 3949 3953
3953 3954 3952
3954 3953 3955
3955 3956 3954
3956 3955 3957
3958 3956 3957
3955 3959 3957
3959 3958 3957
3959 3955 3960
3955 3961 3960
3961 3955 3953
3953 3962 3961
3962 3953 3949
3949 3948 3962
3948 3945 3963
3943 3963 3945
3963 3943 3964
3943 3965 3964
3965 3943 3941
3941 3966 3965
3966 3941 3939
3967 3966 3939
3966 3967 3968
3968 3967 3969
3967 3970 3969
3938 3967 3939
3967 3938 3970
3971 3969 3970
3971 3972 3969
3971 3973 3972
3973 3971 3974
3975 3976 3977
3976 3975 3978
3979 3977 3976
3977 3979 3980
3980 3981 3977
3981 3980 3982
3983 3978 3975
3978 3983 3984
3985 3984 3983
3984 3985 3986
3987 3986 3985
3986 3987 3988
3980 3989 3982
3989 3980 3990
3990 3991 3989
3991 3990 3992
3990 3993 3992
3993 3990 3994
3994 3980 3979
3980 3994 3990
3992 3995 3991
3995 3992 3996
3992 3997 3996
3997 3992 3993
3996 3998 3995
3998 3996 3999
3996 4000 3999
4000 3996 3997
4001 3999 4000
3998 3999 4001
3985 4002 3987
4002 3985 4003
3985 4004 4003
4004 3985 3983
3975 4004 3983
4004 3975 4005
3977 4005 3975
4005 3977 3981
4006 4007 4008
4007 4006 4009
4009 4010 4007
4010 4009 4011
4011 4012 4010
4012 4011 4013
4013 4014 4012
4014 4013 4015
4014 4015 4016
4008 4017 4006
4017 4018 4006
4018 4017 4019
4020 4018 4019
4021 4020 4019
4021 4022 4020
4023 4022 4021
4023 4021 4024
4025 4023 4024
4023 4025 4026
4027 4026 4025
4026 4027 4028
4029 4028 4027
4028 4029 4030
4029 4031 4030
4017 4008 4032
4033 4034 3832
3832 4034 4035
4034 4036 4035
4036 4034 4037
4037 4038 4036
4038 4037 4039
4039 4040 4038
4040 4039 4041
4042 4040 4041
3817 4033 3832
4043 4044 4045
4044 3831 4045
3831 4044 4046
4046 3830 3831
3830 4046 4047
4047 3816 3830
3816 4047 3815
4048 4049 4050
4049 4048 4051
4050 4052 4048
4052 4050 4053
4053 4054 4052
4054 4053 4055
4055 4056 4054
4056 4055 4057
4057 4058 4056
4058 4057 4059
4060 4058 4059
4061 3805 3804
3805 4061 4062
4061 4063 4062
4063 4061 4064
4065 4064 4061
4064 4065 4066
4066 4067 4064
4067 4066 4068
4068 4069 4067
4069 4068 4070
4071 4067 4069
4067 4071 4072
4067 4072 4073
4073 4074 4067
4064 4074 4063
4067 4074 4064
4061 3803 4065
3803 4061 3804
4072 4075 4073
4075 4072 4076
4076 4077 4075
4077 4076 4078
4077 4078 4079
4069 4080 4071
4080 4069 4081
4070 4081 4069
4081 4082 4080
4082 4081 4083
4084 4082 4083
4084 4083 4085
4086 4083 4081
4083 4086 4085
4081 4070 4086
4087 4088 4089
4088 4087 4090
4090 4091 4088
4091 4090 4092
4090 4093 4092
4093 4090 4094
4095 4092 4093
4092 4095 4096
4097 4096 4095
4096 4097 4098
4099 4096 4098
4096 4099 4100
4100 4092 4096
4092 4100 4091
4101 4090 4087
4090 4101 4094
4102 4099 4098
4099 4102 4103
4102 4104 4103
4104 4102 4105
4102 4106 4105
4106 4102 4107
4107 4098 4097
4098 4107 4102
4105 4108 4104
4108 4105 4109
4109 4105 4106
4109 4106 4110
4111 4109 4110
4109 4111 4112
4112 4108 4109
4113 4112 4111
4112 4113 4114
4114 4115 4112
4108 4112 4115
4115 4114 4116
4117 4116 4114
4116 4117 4118
4119 4118 4117
4118 4119 4120
4121 4119 4117
4114 4121 4117
4121 4114 4113
4119 4121 4122
4123 4119 4122
4119 4123 4124
4124 4120 4119
4125 4124 4123
4124 4125 4126
4127 4126 4125
4126 4127 4128
4129 4128 4127
4130 4126 4128
4129 4130 4128
4126 4130 4131
4131 4124 4126
4124 4131 4132
4120 4124 4132
4133 4134 4135
4134 4136 4135
4136 4134 4137
4137 4138 4136
4138 4137 4139
4139 4140 4138
4140 4139 4141
3633 4142 4143
4142 3633 3644
4144 4143 4142
4143 4144 4145
4146 4145 4144
3722 4147 3718
4147 3722 3725
4147 3716 3718
3716 4147 3715
3703 3713 4148
4149 4150 4151
4150 4149 4152
4153 4154 4155
4154 4153 4156
4153 4157 4156
4158 4155 4154
4155 4158 4159
4159 4158 4160
4154 4161 4158
4161 4160 4158
4161 4154 4162
4156 4162 4154
4162 4163 4161
4163 4162 4164
4160 4161 4165
4161 4166 4165
4166 4161 4163
4167 4165 4166
4165 4167 4168
4167 4169 4168
4170 4168 4169
4168 4170 4171
4171 4165 4168
4165 4171 4160
4169 4167 4172
4173 4164 4162
4164 4173 4174
4175 4174 4173
4173 4157 4175
4176 4175 4157
4177 4175 4176
4178 4175 4177
4174 4175 4178
4157 4173 4156
4162 4156 4173
4169 4179 4170
4179 4169 4180
4172 4180 4169
4180 4172 4181
4181 4182 4180
4182 4181 4183
4183 4184 4182
4184 4183 4185
4186 4182 4184
4182 4186 4187
4187 4180 4182
4180 4187 4179
4185 4188 4184
4188 4185 4189
4190 4184 4188
4184 4190 4186
4188 4191 4190
4191 4188 4192
4189 4192 4188
4192 4193 4191
4193 4192 4194
4195 4194 4192
4192 4189 4195
4194 4195 4196
4194 4197 4193
4197 4194 4198
4196 4198 4194
4198 4199 4197
4199 4198 4200
4201 4200 4198
4198 4196 4201
4200 4201 4202
4202 4203 4200
4203 4202 4204
4204 4205 4203
4205 4204 4206
4207 4203 4205
4203 4207 4208
4208 4200 4203
4200 4208 4199
4206 4209 4205
4209 4207 4205
4209 4206 4210
4207 4209 4211
4212 4209 4210
4211 4209 4212
4213 4214 4215
4214 4213 4216
4217 4213 4215
4213 4217 4218
4217 4219 4218
4219 4217 4220
4221 4222 4223
4222 4221 4224
4225 4226 4227
4226 4225 4228
4229 4230 4231
4230 4229 4232
4233 4234 4235
4234 4233 4236
4237 4238 4239
4238 4237 4240
4241 4242 4243
4242 4241 4244
4245 4246 4247
4246 4245 4248
4249 4250 4251
4250 4249 4252
4253 4254 4255
4254 4253 4256
4253 4257 4256
4257 4253 4258
4258 4259 4257
4259 4258 4260
4261 4262 4263
4262 4261 4264
4265 4266 4267
4266 4265 4268
4269 4270 4271
4270 4269 4272
4273 4274 4275
4274 4273 4276
4277 4278 4279
4278 4277 4280
4281 4282 4283
4282 4281 4284
4285 4286 4287
4286 4285 4288
4289 4290 4291
4290 4289 4292
4293 4294 4295
4294 4293 4296
4295 4297 4293
4297 4295 4298
4298 4299 4297
4299 4298 4300
4301 4302 4303
4302 4301 4304
4303 4305 4301
4305 4303 4306
4306 4307 4305
4307 4306 4308
4309 4310 4311
4310 4309 4312
4312 4313 4310
4313 4312 4314
4315 4309 4311
4316 4313 4314
4317 4316 4314
4316 4317 4318
4316 4318 4319
4318 4320 4319
4321 4319 4320
4320 4322 4321
4322 4320 4323
4323 4324 4322
4324 4323 4325
4325 4326 4324
4326 4325 4327
4327 4328 4326
4328 4327 4329
4329 4330 4328
4330 4329 4331
4331 4332 4330
4332 4331 4333
4333 4334 4332
4334 4333 4335
4336 4337 4338
4337 4336 4339
4340 4339 4336
4339 4340 4341
4342 4338 4337
4338 4342 4343
4344 4343 4342
4343 4344 4345
4346 4341 4340
4341 4346 4347
4348 4347 4346
4347 4348 4349
4348 4350 4349
4350 4348 4351
4352 4345 4344
4345 4352 4353
4352 4354 4353
4354 4352 4355
4355 4356 4354
4356 4355 4357
4357 4358 4356
4358 4357 4359
4359 4360 4358
4360 4359 4361
4362 4360 4361
4360 4362 4363
4364 4363 4362
4365 4364 4362
4365 4366 4364
4367 4368 4366
4368 4367 4369
4369 4370 4368
4370 4369 4371
4370 4372 4373
4374 4373 4372
4373 4374 4375
4374 4376 4375
4376 4374 4377
4377 4378 4376
4378 4377 4379
4378 4379 4380
4381 4380 4379
4380 4381 4382
4381 4383 4382
4383 4381 4384
4384 4385 4383
4385 4384 4386
4386 4387 4385
4387 4386 4388
4388 4389 4387
4389 4388 4390
4391 4389 4390
4389 4391 4392
4391 4393 4392
4393 4391 4394
4394 4395 4393
4395 4394 4396
4397 4395 4396
4398 4399 4400
4399 4398 4401
4402 4400 4399
4400 4402 4403
4404 4403 4402
4403 4404 4405
4406 4405 4404
4405 4406 4407
4408 4407 4406
4408 4406 4409
4410 4408 4409
4408 4410 4411
4412 4411 4410
4411 4412 4413
4414 4413 4412
4413 4414 4415
4416 4415 4414
4415 4416 4417
4418 4417 4416
4417 4418 4419
4420 4419 4418
4419 4420 4421
4422 4421 4420
4421 4422 4423
4424 4423 4422
4423 4424 4425
4424 4426 4425
4426 4424 4427
4427 4428 4426
4428 4427 4429
4429 4430 4428
4430 4429 4431
4431 4432 4430
4432 4431 4433
4433 4434 4432
4434 4433 4435
4435 4436 4434
4436 4435 4437
4437 4438 4436
4438 4437 4439
4440 4438 4439
4438 4440 4441
4442 4441 4440
4441 4442 4443
4442 4444 4443
4444 4445 4443
4444 4442 4446
4447 4444 4446
4444 4447 4448
4449 4448 4447
4450 4451 4452
4451 4450 4453
4454 4453 4450
4453 4454 4455
4456 4455 4454
4455 4456 4457
4458 4457 4456
4457 4458 4459
4460 4459 4458
4459 4460 4461
4462 4461 4460
4461 4462 4463
4464 4463 4462
4463 4464 4465
4466 4452 4451
4452 4466 4467
4468 4467 4466
4467 4468 4469
4468 4470 4469
4470 4468 4471
4472 4470 4471
4470 4472 4473
4472 4474 4473
4474 4472 4475
4475 4476 4474
4476 4475 4477
4478 4479 4480
4479 4478 4481
4478 4482 4481
4482 4478 4483
4484 4482 4483
4482 4484 4485
4486 4485 4484
4485 4486 4487
4486 4488 4487
4488 4486 4489
4489 4490 4488
4490 4489 4491
4491 4492 4490
4492 4491 4493
4493 4494 4492
4494 4493 4495
4495 4496 4494
4496 4495 4497
4497 4498 4496
4498 4497 4499
4500 4498 4499
4498 4500 4501
4502 4501 4500
4501 4502 4503
4502 4504 4503
4504 4502 4505
4506 4507 4508
4507 4506 4509
4510 4507 4509
4511 4506 4508
4506 4511 4512
4511 4513 4514
4515 4516 4517
4516 4515 4518
4517 4519 4515
4519 4517 4520
4521 4519 4520
4519 4521 4522
4521 4523 4522
4523 4521 4524
4524 4525 4523
4525 4524 4526
4526 4527 4525
4527 4526 4528
4528 4529 4527
4529 4528 4530
4530 4531 4529
4531 4530 4532
4532 4533 4531
4533 4532 4534
4534 4535 4533
4535 4534 4536
4537 4538 4539
4538 4537 4540
4541 4538 4540
4538 4541 4542
4543 4542 4541
4542 4543 4544
4545 4544 4543
4544 4545 4546
4547 4546 4545
4546 4547 4548
4547 4549 4548
4549 4547 4550
4550 4551 4549
4551 4550 4552
4552 4553 4551
4553 4552 4554
4554 4555 4553
4555 4554 4556
4556 4557 4555
4557 4556 4558
4558 4559 4557
4559 4558 4560
4560 4561 4559
4561 4560 4562
4563 4561 4562
4561 4563 4564
4565 4564 4563
4564 4565 4566
4565 4567 4566
4567 4565 4568
4569 4567 4568
4567 4569 4570
4571 4570 4569
4570 4571 4572
4571 4573 4572
4573 4571 4574
4575 4573 4574
4573 4575 4576
4577 4576 4575
4576 4577 4578
4579 4578 4577
4578 4579 4580
4581 4580 4579
4580 4581 4582
4583 4582 4581
4582 4583 4584
4585 4584 4583
4584 4585 4586
4587 4586 4585
4586 4587 4588
4588 4587 4589
4589 4590 4588
4590 4589 4591
4592 4590 4591
4590 4592 4593
4592 4594 4593
4595 4596 4597
4596 4595 4598
4599 4596 4598
4596 4599 4600
4597 4601 4595
4601 4597 4602
4603 4600 4599
4600 4603 4604
4602 4605 4601
4605 4602 4606
4607 4604 4603
4604 4607 4608
4606 4609 4605
4609 4606 4610
4611 4597 4596
4600 4611 4596
4597 4611 4612
4612 4602 4597
4611 4600 4613
4604 4613 4600
4602 4612 4614
4614 4606 4602
4615 4608 4607
4608 4615 4616
4610 4617 4609
4617 4610 4618
4619 4612 4611
4613 4619 4611
4612 4619 4620
4620 4614 4612
4618 4621 4617
4621 4618 4622
4619 4613 4623
4622 4624 4621
4624 4622 4625
4625 4626 4624
4626 4625 4627
4614 4620 4628
4629 4623 4613
4613 4604 4629
4623 4629 4630
4631 4620 4619
4620 4631 4632
4632 4628 4620
4608 4629 4604
4629 4608 4633
4633 4630 4629
4628 4632 4634
4630 4635 4623
4619 4635 4631
4635 4619 4623
4635 4630 4636
4634 4637 4628
4638 4628 4637
4628 4638 4614
4606 4614 4638
4638 4610 4606
4610 4638 4639
4637 4639 4638
4637 4634 4640
4639 4637 4641
4640 4641 4637
4639 4618 4610
4618 4639 4642
4641 4642 4639
4642 4622 4618
4622 4642 4643
4636 4644 4635
4644 4631 4635
4631 4644 4645
4645 4632 4631
4632 4645 4646
4646 4634 4632
4634 4646 4647
4647 4640 4634
4641 4640 4648
4642 4641 4649
4649 4643 4642
4648 4649 4641
4640 4647 4650
4643 4625 4622
4625 4643 4651
4651 4627 4625
4627 4651 4652
4653 4646 4645
4646 4653 4654
4647 4646 4654
4645 4655 4653
4655 4645 4644
4651 4656 4652
4656 4651 4657
4649 4648 4658
4651 4659 4657
4658 4659 4649
4643 4649 4659
4659 4651 4643
4648 4650 4660
4661 4655 4644
4644 4636 4661
4662 4661 4636
4636 4663 4662
4663 4636 4630
4630 4633 4663
4664 4663 4633
4633 4616 4664
4616 4633 4608
4663 4664 4665
4665 4662 4663
4661 4662 4666
4662 4665 4667
4667 4666 4662
4659 4658 4668
4666 4667 4669
4666 4670 4661
4655 4661 4670
4670 4666 4671
4669 4671 4666
4672 4655 4670
4655 4672 4673
4673 4653 4655
4653 4673 4674
4653 4674 4675
4675 4654 4653
4675 4676 4654
4677 4675 4674
4675 4677 4678
4678 4676 4675
4674 4679 4677
4679 4674 4673
4672 4679 4673
4680 4672 4670
4680 4670 4671
4679 4672 4681
4680 4681 4672
4669 4682 4671
4683 4678 4677
4681 4680 4684
4671 4685 4680
4685 4684 4680
4678 4683 4686
4686 4687 4678
4687 4676 4678
4677 4688 4683
4688 4677 4679
4679 4689 4688
4689 4679 4681
4681 4684 4689
4690 4687 4686
4687 4690 4691
4686 4692 4690
4692 4686 4683
4691 4693 4687
4693 4691 4694
4695 4684 4685
4683 4696 4692
4696 4683 4688
4689 4684 4697
4695 4697 4684
4694 4698 4693
4699 4693 4698
4693 4699 4700
4687 4693 4700
4701 4700 4699
4700 4701 4702
4703 4702 4701
4702 4703 4704
4676 4702 4704
4676 4700 4702
4705 4704 4703
4704 4705 4706
4650 4706 4705
4706 4650 4647
4647 4654 4706
4654 4704 4706
4654 4676 4704
4705 4707 4650
4660 4650 4707
4708 4707 4705
4703 4708 4705
4660 4707 4709
4710 4660 4709
4710 4648 4660
4650 4648 4640
4648 4710 4658
4711 4658 4710
4658 4711 4668
4712 4668 4711
4668 4712 4713
4657 4668 4713
4714 4657 4713
4712 4714 4713
4657 4714 4656
4668 4657 4659
4714 4712 4715
4710 4709 4716
4712 4717 4715
4710 4718 4711
4716 4718 4710
4719 4712 4711
4719 4711 4718
4712 4720 4717
4719 4720 4712
4716 4721 4718
4722 4721 4716
4723 4722 4716
4723 4716 4709
4724 4723 4709
4724 4709 4707
4725 4724 4707
4725 4707 4708
4726 4725 4708
4726 4708 4703
4727 4726 4703
4727 4703 4701
4725 4728 4724
4729 4725 4726
4725 4729 4728
4730 4724 4728
4724 4730 4723
4727 4701 4731
4732 4726 4727
4729 4726 4732
4733 4723 4730
4723 4733 4722
4728 4734 4730
4734 4728 4729
4735 4731 4701
4735 4701 4699
4733 4721 4722
4721 4733 4736
4737 4727 4731
4732 4727 4737
4729 4738 4734
4738 4729 4732
4730 4739 4733
4739 4730 4734
4739 4736 4733
4736 4740 4721
4740 4718 4721
4740 4719 4718
4740 4736 4741
4742 4719 4740
4741 4742 4740
4742 4720 4719
4699 4743 4735
4736 4739 4744
4744 4741 4736
4734 4745 4739
4745 4744 4739
4745 4734 4738
4699 4746 4743
4742 4747 4720
4741 4744 4748
4748 4742 4741
4742 4748 4747
4720 4747 4749
4750 4720 4749
4720 4750 4717
4744 4745 4751
4751 4748 4744
4748 4751 4752
4752 4747 4748
4753 4750 4749
4754 4743 4746
4743 4754 4755
4755 4735 4743
4735 4755 4756
4757 4735 4756
4757 4731 4735
4757 4737 4731
4758 4737 4757
4737 4758 4759
4759 4732 4737
4732 4759 4738
4760 4738 4759
4738 4760 4745
4760 4751 4745
4757 4761 4758
4761 4757 4756
4759 4762 4760
4762 4759 4758
4756 4763 4761
4763 4756 4755
4762 4764 4760
4751 4760 4764
4764 4752 4751
4752 4764 4765
4764 4762 4766
4766 4765 4764
4765 4767 4752
4747 4752 4767
4767 4749 4747
4768 4749 4767
4767 4765 4769
4768 4767 4769
4765 4766 4770
4770 4769 4765
4771 4768 4769
4769 4770 4771
4772 4766 4762
4758 4772 4762
4772 4758 4761
4766 4772 4773
4773 4770 4766
4771 4774 4768
4774 4753 4768
4768 4753 4749
4753 4774 4775
4761 4776 4772
4776 4761 4763
4770 4773 4777
4777 4771 4770
4771 4777 4778
4778 4774 4771
4779 4775 4774
4774 4780 4779
4780 4774 4778
4781 4772 4776
4772 4781 4773
4781 4777 4773
4778 4782 4780
4782 4778 4777
4777 4781 4782
4783 4775 4779
4780 4783 4779
4783 4780 4784
4783 4785 4775
4780 4786 4784
4786 4780 4782
4781 4786 4782
4776 4787 4781
4786 4781 4787
4787 4776 4788
4788 4776 4789
4776 4763 4789
4755 4789 4763
4789 4755 4754
4789 4790 4788
4790 4789 4791
4791 4789 4792
4789 4754 4792
4746 4792 4754
4746 4698 4792
4699 4698 4746
4793 4792 4698
4698 4694 4793
4792 4793 4794
4795 4788 4790
4788 4795 4787
4795 4786 4787
4786 4795 4796
4797 4792 4794
4792 4797 4791
4798 4793 4694
4694 4799 4798
4799 4694 4691
4691 4800 4799
4800 4691 4690
4690 4801 4800
4801 4690 4692
4692 4802 4801
4802 4692 4696
4793 4798 4803
4803 4794 4793
4696 4804 4802
4804 4696 4805
4688 4805 4696
4805 4688 4689
4697 4805 4689
4805 4697 4806
4806 4804 4805
4695 4806 4697
4806 4695 4807
4808 4807 4695
4807 4808 4809
4804 4806 4810
4807 4810 4806
4810 4807 4811
4809 4811 4807
4811 4809 4812
4813 4808 4695
4813 4695 4685
4813 4685 4814
4815 4814 4685
4815 4685 4671
4815 4671 4682
4816 4817 4818
4817 4816 4819
4819 4820 4817
4820 4819 4821
4818 4822 4816
4822 4818 4823
4821 4824 4820
4824 4821 4825
4826 4824 4825
4824 4826 4827
4828 4827 4826
4827 4828 4829
4830 4829 4828
4829 4830 4831
4832 4818 4817
4818 4832 4833
4833 4823 4818
4834 4831 4830
4831 4834 4835
4836 4835 4834
4835 4836 4837
4838 4837 4836
4837 4838 4839
4840 4839 4838
4839 4840 4841
4842 4841 4840
4841 4842 4843
4844 4833 4832
4833 4844 4845
4832 4846 4844
4846 4832 4847
4817 4847 4832
4847 4817 4820
4820 4848 4847
4848 4820 4824
4827 4848 4824
4848 4827 4849
4843 4850 4841
4850 4843 4851
4847 4852 4846
4852 4847 4848
4849 4852 4848
4853 4845 4844
4845 4853 4854
4855 4850 4851
4850 4855 4856
4829 4849 4827
4849 4829 4857
4852 4849 4858
4857 4858 4849
4831 4857 4829
4857 4831 4859
4860 4856 4855
4856 4860 4861
4862 4854 4853
4854 4862 4863
4864 4850 4856
4850 4864 4865
4865 4841 4850
4841 4865 4839
4866 4839 4865
4839 4866 4837
4858 4857 4867
4859 4867 4857
4868 4837 4866
4837 4868 4835
4859 4835 4868
4835 4859 4831
4869 4865 4864
4865 4869 4866
4867 4859 4870
4860 4871 4861
4872 4863 4862
4863 4872 4873
4874 4866 4869
4866 4874 4868
4870 4868 4874
4868 4870 4859
4870 4875 4867
4876 4867 4875
4867 4876 4858
4877 4858 4876
4858 4877 4852
4878 4852 4877
4852 4878 4846
4878 4844 4846
4844 4878 4853
4879 4853 4878
4877 4879 4878
4853 4879 4862
4879 4877 4880
4876 4880 4877
4862 4881 4872
4881 4862 4879
4880 4881 4879
4880 4876 4882
4875 4882 4876
4881 4880 4883
4882 4883 4880
4882 4875 4884
4881 4885 4872
4885 4881 4886
4883 4886 4881
4887 4872 4885
4887 4873 4872
4887 4888 4873
4883 4882 4889
4884 4889 4882
4886 4883 4890
4891 4887 4885
4887 4891 4892
4888 4887 4892
4885 4893 4891
4893 4885 4886
4890 4893 4886
4883 4894 4890
4894 4883 4889
4893 4890 4895
4894 4895 4890
4884 4896 4889
4897 4896 4884
4884 4898 4897
4898 4884 4875
4875 4870 4898
4874 4898 4870
4898 4874 4899
4899 4897 4898
4869 4899 4874
4899 4869 4900
4864 4900 4869
4900 4864 4901
4856 4901 4864
4901 4856 4861
4871 4901 4861
4901 4871 4902
4902 4900 4901
4900 4902 4903
4903 4899 4900
4904 4902 4871
4904 4871 4905
4871 4906 4905
4871 4907 4906
4871 4860 4907
4908 4905 4906
4905 4908 4909
4904 4910 4902
4903 4902 4910
4911 4904 4905
4905 4909 4912
4911 4905 4912
4913 4910 4904
4911 4913 4904
4914 4903 4910
4915 4912 4909
4916 4915 4909
4917 4916 4909
4908 4917 4909
4917 4918 4916
4918 4917 4919
4913 4920 4910
4914 4910 4920
4921 4913 4911
4911 4912 4922
4922 4921 4911
4916 4923 4915
4912 4924 4922
4924 4912 4915
4913 4925 4920
4925 4913 4921
4926 4914 4920
4927 4916 4918
4927 4923 4916
4928 4918 4919
4915 4929 4924
4929 4915 4923
4921 4930 4925
4930 4921 4922
4920 4931 4926
4931 4920 4925
4932 4927 4918
4923 4933 4929
4933 4923 4927
4934 4928 4919
4922 4935 4930
4935 4922 4924
4931 4936 4926
4936 4914 4926
4936 4937 4914
4903 4914 4937
4903 4937 4938
4899 4903 4938
4897 4899 4938
4938 4939 4897
4938 4937 4939
4940 4897 4939
4896 4897 4940
4936 4931 4941
4942 4937 4936
4942 4939 4937
4941 4942 4936
4940 4943 4896
4943 4940 4944
4942 4941 4945
4946 4940 4939
4944 4940 4946
4947 4939 4942
4947 4946 4939
4947 4942 4945
4948 4945 4941
4941 4949 4948
4949 4941 4931
4925 4949 4931
4949 4925 4930
4930 4950 4949
4950 4948 4949
4950 4930 4935
4935 4951 4950
4951 4935 4952
4924 4952 4935
4952 4924 4929
4929 4953 4952
4953 4929 4933
4933 4954 4953
4954 4933 4955
4927 4955 4933
4955 4927 4932
4932 4956 4955
4956 4932 4957
4918 4957 4932
4957 4918 4928
4934 4957 4928
4957 4934 4958
4957 4959 4956
4959 4957 4958
4960 4958 4934
4960 4934 4961
4934 4919 4961
4958 4960 4962
4959 4958 4962
4955 4963 4954
4963 4955 4956
4963 4964 4954
4964 4953 4954
4953 4964 4965
4965 4952 4953
4952 4965 4951
4965 4966 4951
4967 4951 4966
4951 4967 4950
4948 4950 4967
4967 4968 4948
4945 4948 4968
4947 4945 4968
4968 4967 4969
4966 4969 4967
4968 4970 4947
4968 4969 4970
4970 4946 4947
4970 4944 4946
4966 4965 4971
4969 4966 4972
4971 4972 4966
4973 4944 4970
4969 4973 4970
4969 4972 4973
4973 4974 4944
4975 4944 4974
4944 4975 4943
4972 4971 4976
4972 4977 4973
4973 4977 4974
4976 4977 4972
4974 4978 4975
4978 4974 4979
4980 4976 4971
4971 4964 4980
4964 4971 4965
4981 4980 4964
4964 4963 4981
4980 4981 4982
4976 4980 4983
4982 4983 4980
4984 4974 4977
4976 4984 4977
4984 4979 4974
4976 4983 4984
4983 4982 4985
4985 4984 4983
4984 4985 4986
4979 4984 4986
4979 4987 4978
4978 4987 4988
4987 4979 4989
4979 4986 4990
4979 4990 4989
4986 4991 4990
4991 4986 4985
4990 4991 4992
4990 4992 4989
4987 4993 4988
4994 4988 4993
4988 4994 4995
4988 4995 4996
4996 4995 4997
4997 4895 4996
4895 4894 4996
4996 4894 4998
4998 4988 4996
4889 4998 4894
4943 4998 4889
4999 4895 4997
4895 4999 4893
5000 4893 4999
4893 5000 4891
4891 5000 4892
5000 5001 4892
4892 5001 5002
5003 5002 5001
5002 5003 5004
5001 5005 5003
5005 5001 5000
4999 5005 5000
5004 5006 5002
5002 5006 5007
5006 5004 5008
5005 4999 5009
4997 5009 4999
5009 4997 5010
4995 5010 4997
5010 4995 4994
5011 5004 5003
5004 5011 5012
5012 5008 5004
5003 5013 5011
5013 5003 5005
5009 5013 5005
5013 5009 5014
5010 5014 5009
5008 5012 5015
5014 5010 5016
4994 5016 5010
5016 4994 5017
5018 5012 5011
5012 5018 5019
5019 5015 5012
5011 5020 5018
5020 5011 5013
5014 5020 5013
5020 5014 5021
5016 5021 5014
5015 5019 5022
4993 5017 4994
5017 4993 5023
5021 5016 5024
5017 5024 5016
5020 5025 5018
5025 5019 5018
5025 5020 5026
5021 5026 5020
5019 5025 5027
5027 5022 5019
5026 5021 5028
5024 5028 5021
5029 5023 4993
4993 4987 5029
4989 5029 4987
5029 4989 5030
4992 5030 4989
5030 4992 5031
5023 5029 5032
5030 5032 5029
5022 5027 5033
5032 5030 5034
5031 5034 5030
5028 5024 5035
5034 5031 5036
5037 5036 5031
5036 5037 5038
5037 5039 5038
5039 5037 5040
5040 5041 5039
5041 5040 5042
5042 5043 5041
5043 5042 5044
5044 5045 5043
5045 5044 5046
4962 5046 5044
5046 4962 4960
4960 5047 5046
5047 4960 4961
5046 5048 5045
5048 5046 5047
5049 5045 5048
5045 5049 5050
5050 5043 5045
5043 5050 5051
5051 5041 5043
5052 5050 5049
5050 5052 5053
5053 5051 5050
5041 5051 5054
5051 5053 5055
5055 5054 5051
5054 5055 5056
5056 5057 5054
5039 5054 5057
5054 5039 5041
5057 5038 5039
5038 5057 5058
5059 5038 5058
5038 5059 5036
5060 5036 5059
5036 5060 5034
5061 5034 5060
5034 5061 5032
5062 5032 5061
5032 5062 5023
5063 5023 5062
5023 5063 5017
5024 5017 5063
5063 5035 5024
5035 5063 5064
5062 5064 5063
5064 5062 5065
5061 5065 5062
5065 5061 5066
5060 5066 5061
5066 5060 5067
5059 5067 5060
5067 5059 5068
5059 5069 5068
5069 5059 5058
5058 5070 5069
5070 5058 5057
5057 5056 5070
4823 4833 5071
4845 5071 4833
5071 4845 5072
4854 5072 4845
5072 4854 5073
4863 5073 4854
5073 4863 5074
5074 4863 4873
5074 4873 5075
4873 5076 5075
4873 4888 5076
4888 5077 5076
4888 5007 5077
4888 5002 5007
4888 4892 5002
5078 4784 4796
4784 5078 4783
5078 4785 4783
4786 4796 4784
5078 5079 4785
5079 5078 5080
4796 5080 5078
5080 4796 5081
4795 5081 4796
5081 4795 5082
4790 5082 4795
5082 4790 5083
4791 5083 4790
5083 4791 4797
4797 5084 5083
5084 4797 5085
4797 5086 5085
5086 4797 4794
4794 4803 5086
5080 5087 5079
5087 5080 5088
5081 5088 5080
5088 5081 5089
5082 5089 5081
5090 5083 5084
5083 5090 5082
5089 5082 5090
5091 5092 5093
5092 5091 5094
5094 5095 5092
5095 5094 5096
5093 5097 5091
5097 5093 5098
5099 5093 5092
5093 5099 5100
5092 5101 5099
5101 5092 5095
5096 5102 5095
5102 5096 5103
5104 5095 5102
5095 5104 5101
5105 5098 5093
5100 5105 5093
5098 5106 5097
5106 5098 5107
5103 5108 5102
5108 5103 5109
5110 5102 5108
5102 5110 5104
5111 5108 5109
5108 5111 5112
5112 5110 5108
5107 5113 5106
5113 5107 5114
5110 5112 5115
5116 5114 5107
5114 5116 5117
5118 5112 5111
5112 5118 5119
5119 5115 5112
5114 5120 5113
5120 5114 5121
5115 5119 5122
5114 5123 5121
5123 5114 5117
5124 5119 5118
5119 5124 5125
5125 5122 5119
5122 5125 5126
5127 5120 5121
5120 5127 5128
5121 5129 5127
5129 5121 5123
5130 5128 5127
5128 5130 5131
5127 5132 5130
5132 5127 5129
5133 5131 5130
5131 5133 5134
5135 5134 5133
5134 5135 5136
5137 5136 5135
5136 5137 5138
5135 5139 5137
5139 5135 5140
5133 5140 5135
5140 5133 5141
5130 5141 5133
5141 5130 5132
5142 5143 5144
5143 5142 5145
5145 5146 5143
5146 5145 5147
5142 5148 5145
5148 5147 5145
5148 5142 5149
5147 5148 5150
5150 5151 5147
5147 5151 5146
5151 5152 5146
5151 5153 5152
5153 5151 5154
5151 5150 5155
5156 5148 5149
5148 5156 5157
5157 5150 5148
5158 5154 5151
5158 5151 5155
5150 5157 5159
5159 5155 5150
5155 5159 5160
5160 5158 5155
5158 5160 5161
5162 5163 5164
5163 5162 5165
5162 5166 5165
5166 5162 5167
5168 5165 5166
5165 5168 5169
5170 5165 5169
5165 5170 5163
5171 5164 5163
5164 5171 5172
5163 5173 5171
5173 5163 5170
5162 5174 5167
5174 5162 5175
5164 5176 5162
5176 5164 5177
5172 5177 5164
5168 5178 5169
5178 5168 5179
5173 5180 5171
5180 5172 5171
5180 5173 5181
5182 5169 5178
5169 5182 5170
5172 5180 5183
5177 5172 5184
5185 5170 5182
5170 5185 5173
5185 5181 5173
5186 5172 5183
5172 5186 5184
5181 5185 5187
5188 5184 5186
5184 5188 5189
5190 5178 5179
5178 5190 5191
5192 5178 5191
5178 5192 5182
5193 5182 5192
5182 5193 5185
5193 5187 5185
5187 5193 5194
5195 5191 5190
5191 5195 5196
5197 5191 5196
5191 5197 5192
5198 5192 5197
5192 5198 5193
5199 5193 5198
5193 5199 5194
5200 5196 5195
5196 5200 5201
5202 5196 5201
5196 5202 5197
5202 5198 5197
5198 5202 5203
5203 5199 5198
5199 5203 5204
5205 5201 5200
5201 5205 5206
5207 5201 5206
5201 5207 5202
5207 5203 5202
5203 5207 5208
5208 5204 5203
5204 5208 5209
5210 5206 5205
5206 5210 5211
5211 5207 5206
5207 5211 5212
5212 5208 5207
5208 5212 5213
5214 5208 5213
5208 5214 5209
5210 5215 5211
5215 5210 5216
5216 5217 5215
5217 5216 5218
5218 5219 5217
5219 5218 5220
5220 5221 5219
5221 5220 5222
5223 5221 5222
5221 5223 5224
5223 5225 5224
5225 5223 5226
5227 5225 5226
5225 5227 5228
5229 5224 5225
5230 5229 5225
5229 5230 5231
5232 5229 5231
5229 5232 5233
5224 5229 5234
5229 5235 5234
5235 5229 5233
5233 5236 5235
5236 5233 5237
5238 5224 5234
5224 5238 5221
5234 5239 5238
5239 5234 5235
5235 5240 5239
5240 5235 5236
5241 5221 5238
5221 5241 5219
5238 5242 5241
5242 5238 5239
5239 5243 5242
5243 5239 5240
5244 5219 5241
5219 5244 5217
5241 5245 5244
5245 5241 5242
5242 5246 5245
5246 5242 5243
5244 5215 5217
5215 5244 5247
5247 5211 5215
5211 5247 5212
5247 5213 5212
5213 5247 5248
5248 5244 5245
5244 5248 5247
5248 5214 5213
5214 5248 5249
5245 5249 5248
5249 5245 5246
5250 5251 5252
5251 5250 5253
5253 5254 5251
5254 5253 5255
5255 5256 5254
5256 5255 5257
5258 5252 5251
5252 5258 5259
5251 5260 5258
5260 5251 5254
5254 5261 5260
5261 5254 5256
5257 5262 5256
5262 5257 5263
5264 5256 5262
5256 5264 5261
5263 5265 5262
5265 5263 5266
5267 5262 5265
5262 5267 5264
5266 5268 5265
5268 5267 5265
5268 5266 5269
5267 5268 5270
5269 5271 5268
5271 5270 5268
5271 5269 5272
5270 5271 5273
5274 5275 5259
5275 5274 5276
5274 5277 5276
5277 5274 5278
5278 5279 5277
5280 5277 5279
5278 5281 5279
5282 5279 5281
5279 5282 5283
5283 5280 5279
5281 5278 5284
5281 5285 5282
5285 5281 5286
5281 5287 5286
5287 5281 5284
5288 5285 5286
5285 5288 5289
5286 5290 5288
5290 5286 5287
5291 5289 5288
5289 5291 5292
5293 5292 5291
5292 5293 5294
5295 5294 5293
5294 5295 5296
5297 5296 5295
5296 5297 5298
5295 5299 5297
5299 5295 5300
5293 5300 5295
5301 5288 5290
5288 5301 5291
5300 5293 5302
5302 5291 5301
5291 5302 5293
5303 5304 5098
5105 5303 5098
5304 5107 5098
5304 5116 5107
5232 5305 5306
5305 5232 5307
5306 5233 5232
5233 5306 5237
5306 5308 5237
4315 5309 5310
5309 5311 5310
5312 4315 5313
4398 5314 4401
5314 4398 5315
5316 5317 5318
5319 5316 5318
5316 5319 5320
5321 5320 5319
5320 5321 5322
5323 5322 5321
5322 5323 5324
5325 5324 5323
5324 5325 5326
5327 5326 5325
5326 5327 5328
5329 5328 5327
5328 5329 5330
5331 5330 5329
5330 5331 5332
5333 5332 5331
5332 5333 5334
5335 5334 5333
5334 5335 5336
5335 5337 5336
5338 5339 5340
5340 5339 5341
5338 5342 5339
5342 5338 5343
5341 5344 5340
5344 5341 5345
5345 5346 5344
5346 5345 5347
5347 5348 5346
5348 5349 5346
5349 5348 5350
5350 5351 5349
5351 5350 5352
5353 5348 5347
5353 5350 5348
5350 5353 5354
5350 5355 5352
5356 5350 5354
5350 5356 5355
5354 5357 5356
5354 5358 5357
5357 5358 5359
5359 5358 5360
5361 5359 5360
5359 5361 5362
5363 5362 5361
5364 5361 5360
5364 5360 5365
5364 5366 5361
5366 5364 5367
5364 5368 5367
5368 5364 5369
5365 5369 5364
5369 5370 5368
5371 5370 5369
5372 5371 5369
5365 5372 5369
5371 5373 5370
5374 5368 5370
5375 5368 5374
5368 5375 5367
5375 5366 5367
5366 5375 5376
5377 5370 5373
5377 5374 5370
5375 5378 5376
5375 5379 5378
5374 5379 5375
5374 5380 5379
5374 5377 5380
5381 5376 5378
5376 5381 5382
5383 5376 5382
5381 5378 5384
5385 5381 5384
5386 5385 5384
5386 5387 5385
5388 5387 5386
5389 5388 5386
5388 5389 5390
5389 5391 5390
5387 5388 5392
5391 5393 5390
5394 5393 5391
5393 5394 5395
5396 5395 5394
5395 5396 5397
5398 5390 5393
5390 5398 5388
5399 5388 5398
5388 5399 5400
5388 5400 5392
5397 5396 5401
5402 5397 5401
5403 5402 5401
5402 5403 5404
5405 5406 5407
5407 5408 5405
5405 5408 5409
5405 5409 5410
5405 5411 5406
5412 5411 5405
5413 5412 5405
5405 5414 5413
5405 5410 5415
5415 5416 5405
5405 5416 5417
5418 5405 5417
5405 5419 5414
5419 5405 5420
5420 5405 5421
5421 5405 5418
5422 5423 5424
5423 5422 5425
5426 5424 5423
5424 5426 5427
5428 5427 5426
5427 5428 5429
5430 5429 5428
5429 5430 5431
5432 5425 5422
5425 5432 5433
5432 5434 5433
5434 5432 5435
5436 5434 5435
5434 5436 5437
5438 5437 5436
5437 5438 5439
5440 5431 5430
5431 5440 5441
5442 5441 5440
5441 5442 5443
5442 5444 5443
5444 5442 5445
5446 5444 5445
5444 5446 5447
5448 5439 5438
5439 5448 5449
5448 5450 5449
5450 5448 5451
5452 5450 5451
5450 5452 5453
5447 5453 5452
5453 5447 5446
5454 5455 5456
5456 5455 5457
5457 5455 5458
5458 5455 5459
5460 5455 5454
5461 5455 5460
5462 5455 5461
5463 5455 5462
5463 5464 5455
5465 5459 5455
5466 5465 5455
5467 5466 5455
5468 5467 5455
5464 5469 5455
5469 5470 5455
5470 5468 5455
5471 5472 5473
5473 5474 5471
5471 5474 5475
5475 5476 5471
5477 5472 5471
5477 5471 5478
5479 5478 5471
5480 5479 5471
5481 5471 5476
5471 5481 5482
5482 5483 5471
5471 5483 5484
5471 5485 5480
5471 5486 5485
5486 5471 5487
5484 5487 5471
5488 5489 5490
5489 5488 5491
5492 5490 5489
5490 5492 5493
5494 5493 5492
5493 5494 5495
5494 5496 5495
5496 5494 5497
5488 5498 5491
5498 5488 5499
5500 5498 5499
5498 5500 5501
5502 5501 5500
5501 5502 5503
5504 5503 5502
5503 5504 5505
5506 5496 5497
5496 5506 5507
5508 5507 5506
5507 5508 5509
5508 5510 5509
5510 5508 5511
5512 5510 5511
5510 5512 5513
5514 5505 5504
5505 5514 5515
5514 5516 5515
5516 5514 5517
5517 5518 5516
5518 5513 5512
5518 5517 5519
5513 5518 5519
5520 5521 5522
5522 5521 5523
5523 5521 5524
5524 5521 5525
5526 5521 5520
5527 5521 5526
5528 5521 5527
5529 5521 5528
5529 5530 5521
5531 5525 5521
5532 5531 5521
5533 5532 5521
5534 5533 5521
5530 5535 5521
5535 5536 5521
5536 5534 5521
5537 5538 5539
5538 5537 5540
5541 5537 5539
5537 5541 5542
5538 5543 5539
5539 5543 5541
5544 5543 5538
5538 5545 5544
5545 5546 5544
5546 5543 5544
5546 5545 5547
5545 5538 5548
5546 5549 5543
5546 5550 5549
5550 5546 5551
5550 5552 5549
5549 5552 5543
5552 5550 5553
5552 5554 5543
5554 5541 5543
5552 5555 5554
5555 5541 5554
5555 5552 5556
5541 5555 5557
5558 5559 5560
5561 5559 5558
5560 5559 5562
5562 5559 5563
5563 5559 5564
5565 5559 5561
5566 5559 5565
5564 5559 5566
5567 5568 5569
5568 5567 5570
5571 5568 5570
5568 5571 5572
5567 5573 5570
5570 5573 5571
5574 5573 5567
5567 5575 5574
5575 5576 5574
5576 5573 5574
5576 5575 5577
5575 5567 5578
5576 5579 5573
5576 5580 5579
5580 5576 5581
5580 5582 5579
5579 5582 5573
5582 5580 5583
5582 5584 5573
5584 5571 5573
5582 5585 5584
5585 5571 5584
5585 5582 5586
5571 5585 5587
5588 5589 5590
5591 5589 5588
5590 5589 5592
5592 5589 5593
5593 5589 5594
5595 5589 5591
5596 5589 5595
5594 5589 5596
5597 5598 5599
5598 5597 5600
5599 5601 5597
5601 5599 5602
5599 5598 5603
5603 5602 5599
5602 5603 5604
5605 5597 5601
5597 5605 5606
5600 5607 5598
5607 5608 5598
5608 5607 5609
5607 5600 5610
5600 5597 5611
5597 5606 5611
5609 5612 5608
5612 5609 5613
5614 5601 5602
5601 5614 5615
5615 5605 5601
5616 5602 5604
5602 5616 5614
5605 5615 5617
5611 5606 5618
5619 5606 5605
5606 5619 5618
5617 5619 5605
5620 5612 5613
5612 5620 5621
5611 5618 5622
5616 5623 5614
5614 5624 5615
5624 5614 5623
5619 5617 5625
5626 5622 5618
5622 5626 5627
5628 5618 5619
5618 5628 5626
5625 5628 5619
5629 5621 5620
5621 5629 5630
5629 5631 5630
5631 5629 5632
5628 5625 5633
5634 5626 5628
5633 5634 5628
5626 5634 5635
5627 5626 5636
5626 5635 5636
5637 5622 5627
5622 5637 5638
5639 5631 5632
5631 5639 5640
5641 5639 5632
5639 5641 5642
5641 5643 5642
5643 5641 5610
5600 5643 5610
5643 5600 5611
5643 5611 5644
5644 5611 5645
5622 5645 5611
5645 5622 5638
5646 5643 5644
5643 5646 5642
5646 5639 5642
5647 5644 5645
5644 5647 5646
5638 5647 5645
5647 5638 5648
5639 5646 5649
5647 5649 5646
5649 5640 5639
5649 5647 5650
5650 5640 5649
5648 5650 5647
5650 5648 5651
5650 5652 5640
5652 5650 5651
5653 5651 5648
5638 5653 5648
5653 5638 5637
5651 5653 5654
5654 5652 5651
5637 5655 5653
5655 5654 5653
5655 5637 5656
5627 5656 5637
5656 5627 5636
5656 5636 5657
5657 5636 5658
5659 5658 5636
5636 5660 5659
5636 5635 5660
5635 5661 5660
5661 5635 5634
5662 5661 5634
5634 5633 5662
5661 5662 5663
5658 5659 5664
5665 5659 5660
5659 5665 5666
5666 5664 5659
5667 5660 5661
5660 5667 5665
5668 5662 5633
5668 5663 5662
5669 5668 5633
5625 5669 5633
5669 5625 5670
5670 5625 5671
5625 5617 5671
5671 5617 5615
5671 5615 5624
5664 5666 5672
5668 5673 5663
5674 5665 5667
5665 5674 5675
5675 5676 5665
5666 5665 5676
5676 5675 5677
5678 5675 5674
5675 5678 5679
5679 5677 5675
5677 5679 5680
5679 5678 5681
5681 5680 5679
5680 5681 5682
5674 5683 5678
5683 5674 5684
5667 5684 5674
5684 5667 5685
5661 5685 5667
5685 5661 5663
5686 5663 5673
5663 5686 5685
5687 5676 5677
5676 5687 5688
5681 5678 5689
5683 5689 5678
5683 5684 5690
5685 5691 5684
5691 5685 5686
5689 5692 5681
5692 5689 5693
5694 5683 5690
5684 5695 5690
5695 5684 5691
5695 5694 5690
5694 5695 5696
5697 5688 5687
5688 5697 5698
5698 5672 5688
5666 5688 5672
5688 5666 5676
5672 5698 5699
5699 5664 5672
5664 5699 5700
5700 5658 5664
5658 5700 5701
5701 5657 5658
5657 5701 5702
5702 5656 5657
5656 5702 5655
5702 5703 5655
5654 5655 5703
5703 5704 5654
5652 5654 5704
5704 5703 5705
5703 5702 5706
5701 5706 5702
5705 5703 5706
5706 5701 5707
5705 5706 5707
5700 5707 5701
5707 5708 5705
5708 5707 5709
5707 5700 5709
5709 5710 5708
5710 5709 5711
5700 5711 5709
5711 5700 5699
5711 5712 5710
5712 5711 5713
5699 5713 5711
5713 5699 5698
5713 5714 5712
5714 5713 5715
5698 5716 5713
5716 5715 5713
5716 5698 5697
5715 5717 5714
5717 5715 5718
5719 5717 5718
5717 5719 5720
5721 5720 5719
5720 5721 5722
5721 5723 5722
5723 5721 5724
5725 5723 5724
5723 5725 5726
5727 5726 5725
5728 5726 5727
5728 5729 5726
5729 5728 5730
5730 5731 5729
5731 5730 5732
5733 5731 5732
5731 5733 5734
5735 5734 5733
5736 5734 5735
5736 5737 5734
5737 5736 5738
5739 5737 5738
5737 5739 5740
5739 5741 5740
5741 5739 5742
5742 5743 5741
5743 5742 5744
5745 5743 5744
5743 5745 5746
5736 5747 5738
5747 5736 5748
5749 5736 5735
5736 5749 5748
5750 5746 5745
5746 5750 5751
5750 5752 5751
5752 5750 5753
5753 5754 5752
5754 5753 5755
5747 5755 5753
5755 5747 5748
5749 5755 5748
5755 5749 5756
5756 5754 5755
5757 5756 5749
5749 5733 5757
5733 5749 5735
5733 5758 5757
5758 5733 5732
5756 5757 5759
5758 5759 5757
5759 5754 5756
5732 5760 5758
5760 5732 5730
5759 5758 5761
5760 5761 5758
5759 5762 5754
5762 5759 5761
5730 5763 5760
5763 5730 5728
5761 5760 5764
5764 5762 5761
5763 5764 5760
5728 5765 5763
5765 5728 5727
5725 5765 5727
5765 5725 5766
5762 5764 5767
5724 5766 5725
5766 5724 5768
5764 5763 5769
5769 5767 5764
5765 5769 5763
5721 5768 5724
5768 5721 5770
5767 5769 5771
5769 5765 5772
5766 5772 5765
5771 5769 5772
5772 5766 5773
5771 5772 5773
5768 5773 5766
5773 5774 5771
5774 5773 5775
5773 5768 5775
5770 5775 5768
5721 5776 5770
5776 5721 5719
5777 5774 5775
5775 5770 5777
5774 5777 5778
5719 5779 5776
5779 5719 5718
5780 5779 5718
5780 5718 5715
5780 5715 5781
5781 5715 5716
5697 5781 5716
5781 5697 5782
5687 5782 5697
5782 5687 5783
5677 5783 5687
5783 5677 5680
5680 5682 5783
5784 5783 5682
5784 5782 5783
5682 5785 5784
5785 5682 5786
5681 5786 5682
5786 5681 5692
5692 5787 5786
5786 5788 5785
5787 5788 5786
5789 5782 5784
5785 5789 5784
5782 5789 5781
5790 5781 5789
5781 5790 5791
5791 5780 5781
5780 5791 5792
5779 5780 5792
5789 5785 5793
5793 5790 5789
5794 5779 5792
5791 5794 5792
5779 5794 5795
5795 5776 5779
5776 5795 5796
5796 5770 5776
5770 5796 5777
5797 5777 5796
5777 5797 5778
5796 5798 5797
5798 5796 5795
5795 5799 5798
5799 5795 5800
5794 5800 5795
5800 5801 5799
5801 5800 5802
5803 5801 5802
5801 5803 5804
5805 5804 5803
5804 5805 5806
5805 5807 5806
5807 5805 5808
5809 5807 5808
5807 5809 5810
5811 5810 5809
5812 5810 5811
5812 5813 5810
5813 5812 5814
5815 5813 5814
5813 5815 5816
5817 5816 5815
5816 5817 5818
5818 5817 5819
5818 5819 5820
5821 5818 5820
5818 5821 5822
5823 5822 5821
5822 5823 5824
5823 5825 5824
5825 5823 5826
5826 5827 5825
5827 5826 5828
5829 5827 5828
5827 5829 5830
5820 5831 5821
5831 5820 5832
5833 5830 5829
5830 5833 5834
5833 5835 5834
5835 5833 5836
5836 5837 5835
5837 5836 5838
5831 5838 5836
5838 5831 5832
5839 5837 5838
5840 5837 5839
5840 5841 5837
5841 5840 5842
5843 5838 5832
5838 5843 5839
5820 5843 5832
5843 5820 5819
5819 5844 5843
5844 5839 5843
5839 5844 5840
5844 5842 5840
5844 5819 5817
5817 5845 5844
5842 5844 5845
5845 5817 5815
5815 5846 5845
5846 5842 5845
5846 5815 5814
5842 5847 5841
5847 5842 5848
5842 5846 5848
5814 5849 5846
5849 5848 5846
5849 5814 5812
5812 5850 5849
5850 5812 5811
5811 5851 5850
5851 5811 5809
5808 5851 5809
5851 5808 5852
5853 5847 5848
5848 5849 5853
5850 5853 5849
5847 5853 5854
5805 5852 5808
5852 5805 5855
5854 5853 5856
5853 5850 5856
5851 5856 5850
5854 5856 5857
5856 5851 5857
5852 5857 5851
5857 5858 5854
5858 5857 5859
5857 5852 5859
5855 5859 5852
5860 5858 5859
5859 5855 5860
5858 5860 5861
5803 5855 5805
5855 5803 5862
5860 5863 5861
5863 5860 5864
5855 5864 5860
5864 5855 5862
5864 5865 5863
5865 5864 5866
5862 5866 5864
5802 5862 5803
5862 5802 5867
5866 5862 5867
5868 5867 5802
5868 5802 5800
5868 5800 5869
5794 5869 5800
5794 5791 5869
5791 5870 5869
5870 5791 5790
5870 5790 5793
5867 5868 5871
5872 5865 5866
5865 5872 5873
5872 5874 5873
5874 5872 5875
5876 5868 5869
5868 5876 5871
5870 5793 5877
5878 5869 5870
5869 5878 5876
5870 5877 5878
5879 5874 5875
5874 5879 5880
5881 5880 5879
5880 5881 5882
5883 5882 5881
5882 5883 5884
5885 5884 5883
5884 5885 5886
5876 5887 5871
5887 5867 5871
5867 5887 5866
5887 5872 5866
5887 5876 5888
5887 5888 5872
5889 5886 5885
5890 5886 5889
5890 5891 5886
5891 5890 5892
5892 5893 5891
5893 5892 5894
5895 5893 5894
5893 5895 5896
5897 5896 5895
5898 5896 5897
5899 5896 5898
5896 5899 5900
5901 5900 5899
5900 5901 5902
5903 5872 5888
5903 5875 5872
5904 5902 5901
5902 5904 5905
5904 5906 5905
5906 5904 5907
5908 5897 5895
5895 5909 5908
5909 5895 5894
5894 5910 5909
5910 5894 5892
5892 5911 5910
5911 5892 5890
5890 5912 5911
5912 5890 5889
5889 5913 5912
5913 5889 5885
5885 5914 5913
5914 5885 5883
5881 5914 5883
5914 5881 5915
5879 5915 5881
5915 5879 5916
5875 5916 5879
5916 5875 5917
5903 5917 5875
5917 5903 5918
5888 5918 5903
5918 5888 5919
5913 5920 5912
5921 5912 5920
5922 5921 5920
5923 5921 5922
5921 5923 5924
5925 5924 5923
5924 5925 5926
5925 5927 5926
5927 5925 5928
5927 5928 5929
5929 5928 5930
5928 5931 5930
5931 5928 5932
5932 5933 5931
5933 5932 5934
5935 5933 5934
5933 5935 5936
5906 5936 5935
5936 5906 5907
5937 5930 5931
5930 5937 5938
5937 5898 5938
5898 5939 5938
5939 5930 5938
5930 5939 5929
5939 5898 5897
5897 5908 5939
5908 5929 5939
5898 5937 5899
5929 5908 5927
5909 5927 5908
5927 5909 5926
5910 5926 5909
5926 5910 5924
5911 5924 5910
5924 5911 5921
5912 5921 5911
5940 5941 5942
5941 5940 5943
5944 5940 5942
5940 5944 5945
5940 5946 5943
5946 5940 5947
5940 5948 5947
5948 5940 5945
5949 5950 5951
5950 5949 5952
5951 5950 5953
5951 5954 5949
5954 5951 5955
5951 5956 5955
5956 5951 5957
5957 5951 5953
5952 5958 5950
5953 5950 5958
5958 5952 5959
5955 5956 5960
5960 5954 5955
5954 5960 5961
5959 5962 5958
5962 5959 5963
5953 5958 5964
5954 5965 5949
5965 5954 5966
5949 5967 5952
5967 5949 5965
5952 5968 5959
5968 5952 5967
5968 5963 5959
5969 5958 5962
5958 5969 5964
5963 5970 5962
5970 5963 5971
5963 5968 5972
5962 5970 5973
5969 5962 5973
5971 5974 5970
5973 5970 5974
5974 5971 5975
5966 5976 5965
5976 5966 5977
5975 5978 5974
5978 5975 5979
5980 5977 5966
5954 5980 5966
5980 5954 5961
5973 5974 5981
5982 5975 5971
5963 5982 5971
5982 5963 5972
5975 5982 5983
5979 5984 5978
5984 5979 5985
5986 5974 5978
5974 5986 5981
5985 5694 5984
5694 5985 5987
5988 5694 5987
5694 5988 5683
5683 5988 5689
5696 5984 5694
5984 5696 5989
5989 5978 5984
5978 5989 5986
5985 5990 5987
5990 5985 5991
5979 5991 5985
5991 5979 5992
5975 5992 5979
5992 5975 5983
5987 5993 5988
5993 5987 5990
5689 5988 5994
5994 5988 5993
5994 5693 5689
5693 5994 5995
5996 5992 5983
5992 5996 5997
5998 5996 5983
5998 5983 5982
5972 5998 5982
5972 5999 5998
5968 5999 5972
5999 5968 6000
6000 5968 6001
5968 5967 6001
6001 5967 5965
6001 5965 5976
5994 5993 6002
5994 6002 6003
6002 6004 6003
6004 6002 6005
5993 6005 6002
6005 5993 6006
6007 6006 5993
6007 5993 5990
6008 6007 5990
5991 6008 5990
6008 5991 6009
5992 6009 5991
6009 5992 5997
6007 6008 6010
6010 6006 6007
6006 6011 6005
6011 6004 6005
6011 6006 6012
6006 6010 6013
6013 6012 6006
6012 6014 6011
6014 6012 6015
6015 6016 6014
6016 6015 6017
6012 6013 6018
6018 6015 6012
6017 6019 6016
6019 6017 6020
6020 6021 6019
6021 6020 6022
6023 6021 6022
6021 6023 6024
6025 6024 6023
6024 6025 6026
6027 6026 6025
6026 6027 6028
6023 6029 6025
6027 6025 6029
6030 6028 6027
6028 6030 6031
6032 6030 6027
6027 6029 6032
6030 6032 6033
6034 6024 6026
6024 6034 6035
6035 6021 6024
6022 6036 6023
6023 6036 6029
6036 6022 6037
6038 6026 6028
6026 6038 6034
6039 6031 6030
6030 6033 6039
6031 6039 6040
6041 6028 6031
6028 6041 6038
6031 6042 6041
6042 6031 6040
6038 6043 6034
6035 6034 6043
6041 6044 6038
6038 6044 6043
6044 6041 6045
6041 6042 6045
6046 6035 6043
6046 6047 6035
6021 6035 6047
6048 6021 6047
6021 6048 6019
6048 6016 6019
6016 6048 6049
6050 6016 6049
6016 6050 6014
6051 6014 6050
6014 6051 6011
6004 6011 6051
6047 6046 6052
6047 6053 6048
6053 6049 6048
6047 6052 6053
6049 6054 6050
6054 6049 6055
6053 6055 6049
6050 6056 6051
6056 6050 6054
6051 6057 6004
6057 6051 6056
6058 6004 6057
6004 6058 6059
6003 6004 6059
6003 6059 6060
6058 6060 6059
6061 6003 6060
6003 6061 6062
6003 6062 6063
6003 6063 5994
6063 5995 5994
5995 6063 6064
6065 5995 6064
5995 6065 6066
6063 6067 6064
6067 6063 6068
6064 6069 6065
6069 6064 6067
6060 6058 6070
6060 6071 6061
6071 6060 6072
6070 6072 6060
6073 6063 6062
6063 6073 6068
6065 6069 6074
6075 6065 6074
6065 6075 6076
6076 6066 6065
6072 6070 6077
6072 6078 6071
6078 6072 6079
6077 6079 6072
6079 6080 6078
6080 6079 6081
6079 6077 6082
6082 6081 6079
6074 6083 6075
6083 6074 6084
6085 6071 6078
6071 6085 6086
6086 6061 6071
6061 6086 6087
6087 6062 6061
6062 6087 6073
6088 6080 6081
6080 6088 6089
6081 6082 6090
6084 6091 6083
6091 6084 6092
6088 6093 6089
6093 6088 6094
6094 6095 6093
6095 6094 6096
6094 6088 6097
6097 6088 6081
6097 6081 6090
6096 6098 6095
6098 6096 6099
6093 6100 6089
6100 6080 6089
6080 6100 6101
6101 6078 6080
6078 6101 6085
6100 6093 6102
6095 6102 6093
6092 6103 6091
6102 6095 6104
6105 6096 6094
6105 6094 6097
6096 6105 6106
6099 6107 6098
6107 6099 6108
6108 6099 6109
6109 6099 6096
6109 6096 6106
6110 6091 6103
6091 6110 6111
6111 6083 6091
6111 6112 6083
6112 6075 6083
6075 6112 6113
6108 6114 6107
6114 6108 6115
6116 6108 6109
6116 6115 6108
6115 6116 6117
6114 6118 6107
6118 6098 6107
6098 6118 6119
6119 6095 6098
6095 6119 6104
6118 6114 6120
6104 6119 6121
6121 6119 6118
6122 6114 6115
6115 6117 6122
6114 6122 6123
6124 6104 6121
6125 6104 6124
6104 6125 6102
6102 6125 6126
6102 6126 6100
6126 6101 6100
6126 6127 6101
6127 6085 6101
6085 6127 6128
6128 6086 6085
6086 6128 6129
6129 6130 6086
6130 6087 6086
6087 6130 6131
6131 6073 6087
6073 6131 6132
6132 6133 6073
6068 6073 6133
6133 6067 6068
6067 6133 6134
6135 6067 6134
6067 6135 6069
6069 6135 6136
6069 6136 6137
6137 6074 6069
6074 6137 6084
6137 6092 6084
6092 6137 6138
6139 6092 6138
6092 6139 6140
6103 6092 6140
6141 6103 6140
6141 6140 6139
6141 6142 6103
6143 6142 6141
6142 6143 6144
6145 6143 6141
6141 6139 6145
6143 6145 6146
6103 6142 6147
6147 6142 6144
6148 6144 6143
6146 6148 6143
6144 6148 6149
6110 6103 6147
6148 6146 6150
6147 6144 6151
6149 6151 6144
6151 6149 6152
6139 6153 6145
6145 6153 6146
6148 6154 6149
6152 6149 6154
6154 6148 6155
6156 6150 6146
6153 6156 6146
6150 6156 6157
6158 6148 6150
6148 6158 6155
6150 6157 6158
6139 6159 6153
6138 6159 6139
6159 6138 6160
6137 6160 6138
6137 6161 6160
6136 6161 6137
6162 6163 6164
6163 6162 6165
6166 6162 6164
6162 6166 6167
6162 6168 6165
6168 6162 6169
6170 6162 6167
6162 6170 6169
6171 6172 6173
6172 6171 6174
6175 6171 6173
6171 6175 6176
6174 6177 6172
6177 6174 6178
6179 6177 6178
6177 6179 6180
6181 6180 6179
6180 6181 6182
6181 6183 6182
6183 6181 6184
6184 6185 6183
6185 6184 6186
6186 6187 6185
6187 6186 6188
6188 6189 6187
6189 6188 6190
6190 6191 6189
6191 6190 6192
6193 6191 6192
6191 6193 6194
6195 6194 6193
6194 6195 6196
6197 6196 6195
6196 6197 6198
6199 6198 6197
6198 6199 6200
6201 6202 6203
6202 6201 6204
6205 6204 6201
6204 6205 6206
6204 6207 6202
6208 6202 6207
6207 6204 6209
6209 6204 6206
6207 6210 6208
6210 6207 6211
6207 6212 6211
6212 6207 6209
6213 6210 6211
6211 6214 6213
6214 6211 6212
6214 6215 6213
6215 6214 6216
6217 6212 6209
6206 6217 6209
6212 6217 6218
6205 6219 6206
6217 6206 6219
6219 6205 6220
6216 6221 6215
6221 6216 6222
6222 6223 6221
6223 6222 6224
6212 6225 6214
6225 6212 6218
6214 6226 6216
6226 6214 6225
6227 6217 6219
6217 6227 6218
6222 6228 6224
6228 6222 6229
6216 6229 6222
6229 6216 6226
6219 6220 6230
6218 6231 6225
6218 6227 6232
6231 6218 6232
6219 6233 6227
6232 6227 6233
6226 6225 6234
6225 6231 6234
6226 6235 6229
6235 6226 6234
6229 6236 6228
6236 6229 6235
6237 6232 6233
6232 6237 6231
6234 6231 6238
6237 6238 6231
6234 6239 6235
6237 6233 6240
6240 6241 6230
6240 6233 6241
6233 6219 6241
6241 6219 6230
6242 6240 6230
6236 6235 6243
6235 6239 6243
6234 6244 6239
6238 6244 6234
6245 6240 6242
6245 6237 6240
6246 6236 6243
6245 6242 6247
6248 6237 6245
6238 6237 6248
6244 6238 6249
6244 6250 6239
6250 6244 6249
6239 6251 6243
6251 6239 6250
6243 6251 6246
6238 6248 6252
6252 6249 6238
6252 6253 6249
6253 6252 6254
6252 6248 6254
6254 6255 6253
6255 6254 6256
6257 6255 6256
6256 6258 6257
6259 6257 6258
6259 6260 6257
6260 6259 6261
6262 6261 6259
6262 6259 6263
6262 6263 6264
6265 6262 6264
6265 6264 6266
6267 6260 6261
6267 6268 6260
6267 6269 6268
6269 6267 6270
6269 6270 6271
6270 6272 6271
6273 6263 6259
6258 6273 6259
6264 6263 6273
6274 6264 6273
6264 6274 6275
6266 6264 6275
6276 6260 6268
6269 6276 6268
6260 6276 6257
6271 6277 6269
6278 6276 6269
6277 6278 6269
6279 6275 6274
6274 6273 6279
6275 6279 6280
6273 6256 6279
6256 6273 6258
6281 6257 6276
6281 6276 6278
6257 6281 6255
6282 6280 6279
6282 6279 6256
6280 6282 6283
6278 6277 6284
6278 6285 6281
6285 6278 6284
6282 6256 6254
6286 6255 6281
6255 6286 6253
6282 6287 6283
6287 6282 6288
6282 6254 6288
6288 6289 6287
6289 6288 6290
6288 6248 6290
6254 6248 6288
6281 6285 6291
6286 6281 6291
6286 6249 6253
6249 6286 6250
6291 6250 6286
6284 6292 6285
6292 6291 6285
6250 6291 6251
6293 6251 6291
6292 6293 6291
6251 6293 6246
6247 6289 6290
6248 6245 6290
6245 6247 6290
6208 6294 6295
6208 6295 6202
6295 6203 6202
5693 6296 6297
6296 5693 5995
5995 6066 6296
5693 6297 5692
5692 6297 5787
6022 6020 6298
6298 6020 6017
6037 6022 6298
6298 6017 6299
6017 6300 6299
6300 6017 6015
6015 6018 6300
6301 6302 6303
6302 6301 6304
6302 6305 6303
6305 6302 6306
6302 6307 6306
6307 6302 6308
6309 6302 6304
6302 6309 6308
6076 6113 6310
6076 6075 6113
6311 6312 6313
6313 6312 6314
6312 6315 6314
6316 6315 6312
6316 6312 6317
6311 6317 6312
6318 6316 6317
6318 6319 6316
6318 6320 6319
6320 6318 6321
6321 6322 6320
6322 6321 6323
6322 6323 6324
6322 6324 6325
6325 6324 6326
6326 6324 6327
6328 6327 6324
6327 6328 6329
6328 6330 6329
6330 6328 6331
6331 6332 6330
6332 6331 6333
6334 6332 6333
6332 6334 6335
6336 6322 6325
6337 6322 6336
6322 6337 6320
6326 6338 6325
6336 6325 6338
6338 6326 6339
6327 6339 6326
6339 6327 6340
6329 6340 6327
6340 6329 6341
6342 6320 6337
6320 6342 6319
6343 6319 6342
6319 6343 6316
6315 6316 6343
6336 6344 6337
6344 6336 6345
6338 6345 6336
6345 6346 6344
6346 6347 6344
6347 6337 6344
6337 6347 6342
6347 6343 6342
6347 6346 6348
6348 6349 6347
6343 6347 6349
6349 6348 6350
6350 6351 6349
6351 6350 6352
6352 6353 6351
6353 6352 6354
6354 6355 6353
6355 6354 6356
6355 6356 6357
6346 6345 6358
6357 6359 6355
6359 6357 6360
6361 6360 6357
6360 6361 6362
6363 6362 6361
6362 6363 6364
6365 6364 6363
6364 6365 6366
6367 6366 6365
6366 6367 6368
6369 6368 6367
6368 6369 6370
6369 6371 6370
6371 6369 5922
5922 5920 6371
5920 5913 6371
5913 6370 6371
6370 5913 5914
6370 5915 6368
5915 6370 5914
5916 6368 5915
6368 5916 6366
5917 6366 5916
6366 5917 6364
5918 6364 5917
6364 5918 6362
5919 6362 5918
6362 5919 6360
6372 6360 5919
5919 6373 6372
6373 5919 5888
5876 6373 5888
6373 5876 5878
6374 6372 6373
6373 5878 6374
5878 5877 6374
6372 6374 6375
6360 6372 6359
6375 6359 6372
6359 6375 6376
6376 6355 6359
6355 6376 6353
6377 6353 6376
6377 6376 6375
6353 6377 6351
6378 6351 6377
6351 6378 6349
6378 6343 6349
6343 6378 6315
6315 6378 6379
6378 6377 6379
6380 6377 6375
6380 6375 6374
6379 6377 6380
6315 6379 6314
6114 6381 6120
6381 6114 6123
6381 6382 6120
6383 6120 6382
6120 6383 6118
6121 6118 6383
6384 6385 6386
6385 6384 6387
6385 6388 6386
6388 6385 6389
6390 6385 6387
6385 6390 6391
6385 6392 6389
6392 6385 6391
6358 6393 6394
6358 6345 6393
6394 6393 6395
6396 6394 6395
6396 6397 6394
6397 6396 6398
6398 6399 6397
6399 6398 6400
6338 6393 6345
6338 6395 6393
6395 6338 6339
6339 6396 6395
6396 6339 6340
6401 6399 6400
6399 6401 6402
6401 6334 6402
6334 6401 6335
6341 6396 6340
6396 6341 6398
6403 6404 6405
6404 6403 6406
6407 6403 6405
6403 6407 6408
6403 6409 6406
6409 6403 6410
6403 6411 6410
6411 6403 6408
5785 6412 5793
5788 6412 5785
6413 6414 6415
6414 6413 6416
6417 6416 6413
6416 6417 6418
6416 6419 6414
6418 6419 6416
6419 6418 6420
6413 6421 6417
6421 6413 6422
6423 6415 6414
6424 6423 6414
6423 6424 6425
6415 6423 6426
6415 6427 6413
6413 6427 6422
6428 6425 6424
6425 6428 6429
6417 6430 6418
6430 6417 6431
6421 6431 6417
6432 6418 6430
6418 6432 6420
6431 6421 6433
6427 6434 6422
6435 6422 6434
6422 6435 6421
6435 6433 6421
6428 6436 6429
6436 6428 6437
6427 6438 6434
6432 6430 6439
6430 6440 6439
6440 6430 6431
6433 6435 6441
6438 6442 6434
6442 6438 6443
6444 6434 6442
6434 6444 6435
6444 6441 6435
6437 6445 6436
6445 6437 6446
6447 6445 6446
6445 6447 6448
6441 6444 6449
6442 6450 6444
6450 6449 6444
6450 6442 6451
6443 6452 6442
6442 6452 6451
6438 6453 6443
6453 6438 6454
6447 6455 6448
6455 6447 6456
6455 6457 6448
6457 6455 6458
6459 6457 6458
6457 6459 6426
6459 6415 6426
6415 6459 6427
6459 6460 6427
6460 6461 6427
6438 6461 6454
6461 6438 6427
6462 6459 6458
6459 6462 6460
6455 6462 6458
6463 6460 6462
6460 6463 6461
6463 6454 6461
6454 6463 6464
6462 6455 6465
6465 6463 6462
6465 6455 6456
6463 6465 6466
6466 6465 6456
6466 6464 6463
6464 6466 6467
6466 6468 6467
6468 6466 6456
6467 6469 6464
6469 6454 6464
6454 6469 6453
6469 6467 6470
6468 6470 6467
6471 6453 6469
6470 6471 6469
6453 6471 6472
6472 6443 6453
6443 6472 6452
6472 6473 6452
6473 6474 6452
6474 6475 6452
6452 6475 6476
6452 6476 6451
6477 6451 6476
6451 6477 6450
6477 6478 6450
6449 6450 6478
6478 6477 6479
6475 6474 6480
6475 6481 6476
6481 6475 6482
6480 6482 6475
6483 6476 6481
6476 6483 6477
6484 6449 6478
6484 6478 6479
6485 6449 6484
6485 6441 6449
6441 6485 6486
6486 6487 6441
6441 6487 6433
6487 6431 6433
6487 6440 6431
6482 6480 6488
6484 6479 6489
6481 6490 6483
6490 6481 6491
6492 6491 6481
6482 6492 6481
6491 6492 6493
6491 6494 6490
6494 6491 6495
6493 6495 6491
6495 6493 6496
6495 6497 6494
6496 6497 6495
6497 6496 6498
6499 6490 6494
6490 6499 6500
6500 6483 6490
6483 6500 6501
6501 6477 6483
6477 6501 6479
6502 6479 6501
6479 6502 6489
6492 6503 6493
6503 6492 6504
6497 6505 6494
6499 6494 6505
6499 6506 6500
6501 6507 6502
6507 6501 6500
6508 6505 6497
6505 6508 6509
6510 6506 6499
6500 6511 6507
6511 6500 6506
6510 6511 6506
6511 6510 6512
6504 6513 6503
6513 6504 6514
6488 6514 6504
6504 6482 6488
6482 6504 6492
6514 6488 6515
6480 6515 6488
6515 6480 6516
6474 6516 6480
6516 6474 6517
6473 6517 6474
6517 6473 6518
6472 6518 6473
6518 6472 6471
6519 6518 6471
6471 6470 6519
6520 6519 6470
6470 6468 6520
6519 6520 6521
6518 6519 6522
6522 6517 6518
6521 6522 6519
6517 6522 6523
6521 6523 6522
6523 6516 6517
6524 6523 6521
6523 6524 6525
6516 6523 6525
6526 6525 6524
6525 6526 6527
6527 6516 6525
6516 6527 6515
6528 6527 6526
6527 6528 6529
6529 6515 6527
6515 6529 6514
6530 6529 6528
6529 6530 6531
6532 6514 6529
6532 6529 6531
6514 6532 6513
6533 6531 6530
6531 6533 6534
6533 6535 6534
6535 6533 6536
6536 6537 6535
6537 6536 6538
6539 6537 6538
6537 6539 6540
6539 6541 6540
6541 6539 6542
6543 6541 6542
6544 6543 6542
6545 6544 6542
6544 6545 6546
6547 6546 6545
6546 6547 6548
6547 6549 6548
6549 6547 6550
6551 6549 6550
6552 6551 6550
6553 6552 6550
6552 6553 6554
6553 6555 6554
6555 6553 6556
6557 6555 6556
6555 6557 6558
6559 6558 6557
6558 6559 6560
6559 6561 6560
6561 6559 6562
6563 6552 6554
6552 6563 6564
6565 6552 6564
6552 6565 6551
6562 6566 6561
6566 6562 6567
6568 6566 6567
6566 6568 6569
6570 6569 6568
6569 6570 6571
6563 6571 6564
6571 6563 6569
6571 6565 6564
6565 6571 6572
6572 6571 6570
6572 6573 6565
6549 6565 6573
6565 6549 6551
6574 6549 6573
6549 6574 6548
6573 6572 6575
6575 6574 6573
6575 6572 6570
6576 6548 6574
6548 6576 6546
6574 6575 6577
6577 6576 6574
6575 6578 6577
6578 6575 6570
6579 6546 6576
6546 6579 6544
6576 6577 6580
6578 6580 6577
6580 6579 6576
6581 6544 6579
6544 6581 6543
6581 6541 6543
6541 6581 6582
6580 6578 6583
6582 6540 6541
6540 6582 6584
6579 6580 6585
6583 6585 6580
6585 6581 6579
6584 6537 6540
6537 6584 6586
6585 6583 6587
6581 6585 6588
6588 6582 6581
6587 6588 6585
6582 6588 6589
6587 6589 6588
6589 6584 6582
6590 6589 6587
6589 6590 6591
6584 6589 6591
6591 6586 6584
6592 6537 6586
6537 6592 6535
6590 6593 6591
6586 6591 6593
6593 6590 6594
6595 6535 6592
6535 6595 6534
6595 6596 6534
6596 6531 6534
6596 6597 6531
6597 6532 6531
6597 6513 6532
6513 6597 6598
6598 6503 6513
6503 6598 6599
6599 6493 6503
6493 6599 6496
6496 6599 6498
6600 6498 6599
6600 6599 6598
6601 6498 6600
6498 6601 6602
6602 6497 6498
6497 6602 6508
6603 6598 6597
6598 6603 6600
6601 6600 6603
6597 6604 6603
6604 6597 6605
6603 6606 6601
6606 6603 6604
6605 6607 6604
6607 6606 6604
6607 6605 6608
6605 6609 6608
6609 6605 6610
6605 6596 6610
6596 6595 6610
6595 6609 6610
6596 6605 6597
6609 6595 6611
6592 6611 6595
6611 6592 6612
6586 6612 6592
6612 6586 6593
6593 6613 6612
6613 6593 6594
6612 6614 6611
6614 6612 6613
6615 6611 6614
6611 6615 6616
6609 6611 6616
6609 6616 6608
6617 6616 6615
6616 6617 6618
6617 6619 6618
6619 6617 6620
6620 6621 6619
6621 6620 6622
6623 6621 6622
6621 6623 6624
6623 6625 6624
6625 6623 6626
6627 6625 6626
6628 6627 6626
6629 6628 6626
6628 6629 6630
6629 6631 6630
6631 6629 6632
6632 6633 6631
6633 6632 6634
6634 6635 6633
6634 6636 6635
6634 6637 6636
6637 6634 6638
6638 6639 6637
6639 6638 6640
6641 6639 6640
6639 6641 6642
6643 6642 6641
6642 6643 6644
6643 6645 6644
6645 6643 6646
6647 6636 6637
6636 6647 6648
6646 6649 6645
6649 6646 6650
6651 6649 6650
6649 6651 6652
6653 6652 6651
6652 6653 6654
6647 6654 6648
6654 6647 6652
6655 6654 6653
6656 6655 6653
6657 6656 6653
6656 6657 6658
6659 6654 6655
6654 6659 6648
6659 6636 6648
6636 6659 6635
6660 6635 6659
6660 6655 6656
6655 6660 6659
6658 6660 6656
6635 6660 6633
6661 6633 6660
6660 6658 6661
6633 6661 6631
6662 6631 6661
6658 6662 6661
6631 6662 6630
6663 6658 6657
6658 6663 6664
6662 6658 6664
6665 6630 6662
6664 6665 6662
6630 6665 6628
6666 6628 6665
6628 6666 6627
6667 6627 6666
6627 6667 6625
6667 6624 6625
6624 6667 6668
6663 6669 6664
6665 6664 6669
6669 6666 6665
6669 6663 6670
6668 6621 6624
6621 6668 6671
6670 6672 6669
6666 6669 6672
6672 6667 6666
6670 6673 6672
6667 6672 6673
6673 6668 6667
6674 6673 6670
6673 6674 6675
6668 6673 6675
6675 6671 6668
6674 6676 6675
6671 6675 6676
6676 6674 6677
6671 6619 6621
6619 6671 6678
6679 6676 6677
6676 6679 6680
6671 6680 6678
6680 6671 6676
6681 6680 6679
6680 6681 6682
6682 6678 6680
6678 6618 6619
6618 6678 6683
6678 6682 6683
6683 6684 6618
6684 6616 6618
6684 6608 6616
6684 6683 6685
6681 6686 6682
6686 6681 6687
6688 6686 6687
6686 6688 6689
6690 6684 6685
6684 6690 6608
6691 6608 6690
6608 6691 6607
6688 6692 6689
6692 6688 6693
6693 6694 6692
6694 6693 6695
6695 6696 6694
6696 6695 6697
6697 6698 6696
6698 6697 6699
6700 6690 6685
6683 6700 6685
6700 6683 6682
6700 6682 6686
6690 6700 6701
6700 6686 6701
6607 6691 6702
6607 6702 6606
6703 6698 6699
6704 6703 6699
6705 6704 6699
6704 6705 6706
6707 6706 6705
6706 6707 6708
6707 6709 6708
6709 6707 6710
6711 6709 6710
6712 6711 6710
6710 6713 6712
6713 6710 6714
6714 6715 6713
6715 6714 6716
6716 6717 6715
6717 6716 6718
6719 6717 6718
6717 6719 6720
6708 6721 6706
6721 6708 6722
6709 6722 6708
6722 6709 6723
6711 6723 6709
6723 6711 6724
6712 6724 6711
6724 6712 6725
6712 6726 6725
6726 6712 6713
6719 6727 6720
6727 6719 6728
6728 6729 6727
6729 6728 6730
6731 6729 6730
6729 6731 6732
6733 6732 6731
6732 6733 6734
6734 6726 6732
6726 6734 6725
6734 6724 6725
6735 6734 6733
6724 6734 6735
6735 6723 6724
6736 6735 6733
6723 6735 6736
6736 6722 6723
6737 6736 6733
6736 6737 6738
6737 6739 6738
6739 6737 6740
6740 6741 6739
6741 6740 6742
6742 6743 6741
6742 6744 6743
6745 6744 6742
6744 6745 6746
6745 6747 6746
6747 6745 6748
6748 6749 6747
6749 6748 6750
6750 6751 6749
6751 6750 6752
6752 6753 6751
6753 6752 6754
6754 6755 6753
6755 6754 6756
6756 6757 6755
6757 6756 6758
6758 6756 6759
6760 6758 6759
6758 6760 6761
6762 6761 6760
6761 6762 6763
6764 6763 6762
6763 6764 6765
6766 6765 6764
6765 6766 6767
6768 6767 6766
6767 6768 6769
6768 6770 6769
6770 6768 6771
6771 6772 6770
6771 6773 6772
6774 6758 6761
6758 6774 6757
6773 6775 6772
6776 6775 6773
6777 6776 6773
6776 6777 6778
6779 6778 6777
6778 6779 6780
6781 6769 6770
6769 6781 6782
6783 6782 6781
6781 6784 6783
6783 6784 6785
6783 6785 6786
6787 6783 6786
6783 6787 6788
6782 6783 6788
6789 6788 6787
6788 6789 6790
6789 6791 6790
6789 6792 6791
6791 6792 6793
6794 6793 6792
6784 6795 6785
6795 6796 6785
6796 6797 6785
6797 6796 6798
6799 6797 6798
6797 6799 6800
6801 6800 6799
6800 6801 6802
6801 6803 6802
6803 6801 6804
6805 6796 6795
6795 6806 6805
6806 6795 6784
6796 6805 6807
6807 6798 6796
6798 6807 6808
6781 6806 6784
6809 6803 6804
6803 6809 6810
6806 6781 6770
6806 6770 6772
6806 6775 6805
6775 6806 6772
6805 6776 6807
6776 6805 6775
6776 6808 6807
6809 6779 6810
6779 6809 6780
6808 6776 6778
6811 6812 6813
6812 6811 6814
6811 6815 6814
6815 6811 6816
6817 6811 6813
6811 6817 6818
6811 6819 6816
6819 6811 6818
6820 6821 6822
6821 6820 6823
6823 6824 6821
6825 6823 6820
6823 6825 6826
6827 6823 6826
6823 6827 6828
6828 6824 6823
6829 6822 6821
6824 6829 6821
6822 6829 6830
6826 6831 6827
6825 6831 6826
6831 6825 6832
6833 6830 6829
6830 6833 6834
6824 6835 6829
6836 6825 6820
6825 6836 6837
6820 6838 6836
6838 6820 6822
6822 6839 6838
6839 6822 6830
6834 6839 6830
6840 6829 6835
6829 6840 6833
6841 6834 6833
6834 6841 6842
6839 6834 6843
6833 6844 6841
6840 6844 6833
6845 6842 6841
6844 6845 6841
6842 6845 6846
6847 6837 6836
6837 6847 6848
6849 6846 6845
6846 6849 6850
6851 6837 6848
6851 6825 6837
6825 6851 6832
6844 6852 6845
6846 6853 6842
6834 6853 6843
6853 6834 6842
6853 6846 6854
6855 6850 6849
6850 6855 6856
6857 6845 6852
6845 6857 6849
6510 6856 6855
6856 6510 6858
6510 6859 6858
6859 6510 6499
6499 6505 6859
6855 6512 6510
6512 6855 6860
6860 6849 6857
6849 6860 6855
6861 6856 6858
6856 6861 6862
6862 6850 6856
6850 6862 6863
6863 6846 6850
6846 6863 6854
6858 6864 6861
6864 6858 6859
6505 6865 6859
6865 6864 6859
6509 6865 6505
6865 6509 6866
6863 6867 6854
6867 6863 6868
6869 6854 6867
6869 6853 6854
6843 6853 6869
6843 6869 6870
6870 6839 6843
6839 6870 6871
6871 6872 6839
6839 6872 6838
6872 6836 6838
6872 6847 6836
6865 6873 6864
6874 6864 6873
6864 6874 6875
6876 6864 6875
6876 6861 6864
6876 6877 6861
6877 6862 6861
6862 6877 6878
6878 6863 6862
6863 6878 6868
6877 6876 6879
6875 6879 6876
6880 6875 6874
6875 6880 6881
6879 6875 6882
6881 6882 6875
6883 6881 6880
6881 6883 6884
6885 6884 6883
6884 6885 6886
6882 6881 6887
6884 6887 6881
6888 6886 6885
6886 6888 6889
6890 6889 6888
6889 6890 6891
6890 6892 6891
6892 6890 6893
6893 6894 6892
6894 6893 6895
6895 6896 6894
6896 6895 6897
6892 6894 6898
6896 6898 6894
6897 6899 6896
6899 6897 6900
6899 6901 6896
6896 6901 6898
6901 6899 6902
6893 6903 6895
6903 6893 6904
6890 6904 6893
6905 6891 6892
6892 6898 6905
6891 6905 6906
6907 6895 6903
6895 6907 6897
6900 6908 6899
6899 6908 6902
6908 6900 6909
6910 6897 6907
6897 6910 6900
6900 6911 6909
6911 6900 6910
6907 6903 6912
6904 6912 6903
6913 6910 6907
6907 6912 6913
6910 6913 6914
6910 6914 6911
6915 6912 6904
6916 6915 6904
6904 6890 6916
6890 6917 6916
6917 6890 6888
6885 6917 6888
6917 6885 6918
6885 6919 6918
6919 6885 6883
6883 6920 6919
6920 6883 6880
6880 6921 6920
6921 6880 6874
6873 6921 6874
6921 6873 6922
6865 6922 6873
6922 6865 6923
6866 6923 6865
6923 6866 6924
6866 6925 6924
6925 6866 6926
6922 6927 6921
6922 6928 6927
6922 6923 6929
6930 6922 6929
6922 6930 6928
6931 6920 6921
6920 6931 6932
6932 6919 6920
6919 6932 6933
6933 6918 6919
6918 6933 6934
6935 6918 6934
6935 6917 6918
6916 6917 6935
6916 6935 6936
6915 6916 6936
6928 6937 6927
6921 6937 6931
6937 6921 6927
6937 6928 6938
6939 6938 6928
6928 6940 6939
6940 6928 6930
6938 6939 6941
6942 6939 6940
6939 6942 6943
6943 6941 6939
6944 6943 6942
6943 6944 6945
6941 6943 6946
6945 6946 6943
6930 6947 6940
6947 6930 6948
6929 6948 6930
6948 6929 6949
6923 6949 6929
6949 6923 6950
6923 6951 6950
6951 6923 6924
6924 6952 6951
6952 6924 6925
6925 6953 6952
6925 6954 6953
6954 6925 6955
6956 6953 6954
6953 6956 6957
6953 6958 6952
6958 6953 6957
6955 6959 6954
6960 6957 6956
6957 6960 6961
6961 6958 6957
6958 6961 6962
6963 6961 6960
6961 6963 6964
6965 6954 6959
6954 6965 6956
6966 6960 6956
6966 6956 6965
6961 6967 6962
6967 6961 6964
6968 6964 6963
6968 6967 6964
6968 6963 6969
6969 6970 6968
6970 6969 6971
6972 6960 6966
6960 6972 6963
6970 6973 6968
6968 6973 6967
6973 6970 6974
6963 6975 6969
6975 6971 6969
6972 6975 6963
6971 6976 6970
6976 6974 6970
6976 6971 6977
6974 6976 6978
6975 6979 6971
6979 6977 6971
6977 6979 6980
6967 6973 6981
6973 6974 6981
6982 6976 6977
6980 6982 6977
6976 6982 6983
6978 6984 6974
6981 6974 6984
6984 6978 6985
6986 6976 6983
6976 6986 6978
6978 6986 6985
6967 6981 6987
6987 6962 6967
6962 6987 6988
6958 6962 6988
6958 6988 6989
6990 6958 6989
6952 6958 6990
6952 6990 6991
6991 6951 6952
6951 6991 6992
6993 6951 6992
6951 6993 6950
6950 6993 6949
6994 6949 6993
6995 6949 6994
6949 6995 6948
6996 6948 6995
6948 6996 6947
6997 6947 6996
6998 6947 6997
6947 6998 6999
6999 6940 6947
6940 6999 6942
7000 6942 6999
6942 7000 6944
7001 6944 7000
6944 7001 7002
7003 6944 7002
6944 7003 6945
7004 7003 7002
7001 7004 7002
7003 7004 7005
7006 7005 7004
7005 7006 7007
7008 6945 7003
7005 7008 7003
7009 7007 7006
7007 7009 7010
7004 7001 7011
7011 7006 7004
7006 7011 7012
7007 7013 7005
7013 7008 7005
7013 7007 7014
7008 7015 6945
6946 6945 7015
7016 7010 7009
7010 7016 7017
7018 7006 7012
7006 7018 7009
7019 7007 7010
7019 7014 7007
7017 7019 7010
7020 7009 7018
7009 7020 7016
7021 7017 7016
7020 7021 7016
7017 7021 7022
7023 7019 7017
7022 7023 7017
7023 7022 7024
7021 7020 7025
7026 7012 7011
7021 7027 7022
7022 7027 7024
7027 7021 7028
7029 7020 7018
7012 7029 7018
7012 7026 7030
7030 7029 7012
7011 7031 7026
7011 7001 7031
7031 7001 7000
7031 7000 7032
6999 7032 7000
7032 6999 6998
7021 7033 7028
7033 7021 7025
7033 7025 7034
7025 7035 7034
7035 7025 7020
7029 7035 7020
7036 7037 7038
7037 7036 7039
7036 7040 7039
7040 7036 7041
7042 7036 7038
7036 7042 7043
7044 7036 7043
7036 7044 7041
7045 7046 7047
7046 7045 7048
7049 7047 7046
7047 7049 7050
7049 7051 7050
7051 7049 7052
7052 7053 7051
7053 7052 7054
7055 7053 7054
7053 7055 7056
7057 7056 7055
7056 7057 7058
7059 7058 7057
7058 7059 7060
7061 7060 7059
7060 7061 7062
7063 7062 7061
7062 7063 7064
7063 7065 7064
7065 7063 7066
7066 7067 7065
7067 7066 7068
7068 7069 7067
7069 7068 7070
7070 7071 7069
7071 7070 7072
6602 7073 7074
6508 6602 7074
6508 7074 7075
6509 6508 7075
6602 6601 7073
6601 7076 7073
6601 6606 7076
6509 7075 7077
7077 6866 6509
6866 7077 6926
6955 6925 6926
6955 7078 6959
7079 7080 7081
7080 7079 7082
7079 7045 7082
7045 7079 7048
7083 7084 7085
7084 7083 7086
7084 7086 7087
7085 7088 7083
7088 7085 7089
7090 7085 7084
7091 7090 7084
7091 7084 7087
7085 7090 7092
7092 7089 7085
7090 7091 7093
7093 7094 7090
7090 7095 7092
7095 7090 7094
7096 7094 7093
7094 7097 7095
7097 7094 7096
7098 7097 7096
7097 7098 7099
7095 7100 7092
7089 7092 7100
7100 7095 7101
7102 7088 7089
7102 7089 7100
7088 7102 7103
7104 7099 7098
7099 7104 7105
7106 7105 7104
7105 7106 7107
7095 7108 7101
7108 7095 7097
7097 7109 7108
7109 7097 7099
7110 7105 7107
7105 7110 7111
7099 7111 7109
7111 7099 7105
7100 7101 7112
7112 7102 7100
7101 7108 7113
7101 7114 7112
7113 7114 7101
7102 7112 7115
7114 7115 7112
7109 7116 7108
7108 7116 7113
7109 7117 7116
7117 7109 7111
7111 7118 7117
7118 7111 7110
7119 7115 7114
7114 7113 7119
7116 7120 7113
7119 7113 7120
7116 7117 7121
7119 7122 7115
7122 7123 7115
7115 7123 7102
7123 7124 7102
7122 7124 7123
7125 7124 7122
7118 7126 7117
7117 7126 7121
7116 7121 7127
7120 7116 7127
7128 7125 7122
7128 7122 7119
7129 7126 7118
7128 7130 7125
7128 7131 7130
7132 7128 7119
7120 7132 7119
7131 7128 7132
7127 7133 7120
7127 7134 7133
7134 7127 7121
7121 7135 7134
7135 7121 7126
7126 7129 7135
7136 7133 7134
7133 7136 7137
7136 7138 7137
7138 7139 7137
7139 7138 7140
7141 7140 7138
7140 7141 7142
7143 7142 7141
7143 7141 7144
7144 7145 7143
7146 7143 7145
7146 7147 7143
7146 7148 7147
7149 7148 7146
7150 7145 7144
7150 7144 7151
7152 7150 7151
7150 7152 7153
7152 7154 7153
7153 7154 7155
7156 7147 7148
7156 7143 7147
7142 7143 7156
7157 7144 7141
7144 7157 7151
7152 7151 7157
7154 7152 7158
7159 7152 7157
7158 7152 7159
7141 7160 7157
7160 7159 7157
7160 7141 7138
7159 7161 7158
7159 7160 7162
7162 7161 7159
7138 7136 7160
7160 7163 7162
7136 7163 7160
7161 7162 7164
7164 7162 7163
7134 7163 7136
7163 7134 7135
7165 7163 7135
7164 7163 7165
7135 7129 7165
7166 7167 7156
7168 7167 7166
7167 7168 7169
7169 7170 7167
7170 7169 7171
7170 7140 7167
7167 7140 7156
7140 7142 7156
7172 7170 7171
7170 7172 7173
7170 7173 7139
7170 7139 7140
7139 7173 7132
7174 7139 7132
7120 7174 7132
7174 7120 7133
7137 7174 7133
7174 7137 7139
7175 7173 7172
7173 7175 7131
7173 7131 7132
7131 7175 7130
7176 7177 7149
7177 7148 7149
7177 7168 7148
7168 7166 7148
7166 7156 7148
6891 7178 6889
7178 6886 6889
6906 7178 6891
7178 7179 6886
7180 6886 7179
6886 7180 6884
6887 6884 7180
7181 7182 7183
7182 7181 7184
7185 7182 7184
7182 7185 7186
7187 7182 7186
7182 7187 7188
7189 7182 7188
7182 7189 7183
7190 6686 6689
7190 6701 6686
7191 7190 6689
6689 7192 7191
7192 6689 6692
6692 7193 7192
7193 6692 6694
6694 7194 7193
7194 6694 6696
6698 7194 6696
7194 6698 7195
6703 7195 6698
7195 6703 7196
6704 7196 6703
7196 6704 7197
6706 7197 6704
7197 6706 6721
6739 7197 6721
6721 6738 6739
6738 6721 6722
6722 6736 6738
7197 6739 6741
6741 7196 7197
7196 6741 6743
6743 7195 7196
7195 6743 6744
6746 7195 6744
7195 6746 7194
6746 7193 7194
7193 6746 6747
6747 7192 7193
7192 6747 6749
6749 7191 7192
7191 6749 6751
6751 7198 7191
7190 7191 7198
7198 6701 7190
6701 7198 7199
7199 7200 6701
7200 6690 6701
6690 7200 6691
7200 7201 6691
7200 7199 7202
7202 7201 7200
7198 6751 6753
6753 7199 7198
7199 6753 6755
6755 7202 7199
7201 7202 7203
7202 6755 6757
6757 7203 7202
7203 6757 6774
7203 6774 7204
6761 7204 6774
7204 6761 6763
7205 7201 7203
7205 7203 7204
7206 7205 7204
7207 7206 7204
7207 7204 6763
6763 6765 7207
7208 7207 6765
6767 7208 6765
7208 6767 7209
6790 7208 7209
7209 6788 6790
6788 7209 6782
6767 6782 7209
7208 6790 6791
6791 7210 7208
7207 7208 7210
7210 7206 7207
7210 6791 6793
6782 6767 6769
7210 7211 7206
7211 7210 6793
7212 7211 6793
6794 7212 6793
7213 7214 7215
7214 7213 7216
7217 7214 7216
7214 7217 7218
7214 7219 7215
7219 7214 7220
7214 7221 7220
7221 7214 7218
7222 7223 7224
7223 7222 7225
7222 7226 7225
7226 7222 7227
7228 7222 7224
7222 7228 7229
7222 7230 7227
7230 7222 7229
7231 7232 7233
7234 7232 7231
7232 7234 7235
7233 7236 7231
7236 7233 7237
7236 7238 7231
7238 7239 7231
7239 7234 7231
7238 7236 7240
7234 7239 7241
7241 7242 7234
7242 7241 7243
7234 7244 7235
7244 7234 7242
7245 7236 7237
7236 7245 7246
7245 7247 7246
7247 7248 7246
7248 7247 7249
7236 7250 7240
7250 7236 7246
7246 7251 7250
7248 7251 7246
7251 7248 7252
7253 7252 7248
7252 7253 7254
7255 7248 7249
7248 7255 7253
7256 7257 7258
7257 7256 7259
7260 7258 7257
7258 7260 7261
7262 7259 7256
7259 7262 7263
7258 7264 7256
7264 7258 7265
7265 7258 7261
7266 7256 7264
7256 7266 7262
7261 7267 7265
7268 7261 7260
7269 7267 7261
7268 7269 7261
7267 7269 7270
7269 7271 7270
7272 7271 7269
7269 7268 7272
7271 7272 7273
7262 7274 7263
7274 7262 7275
7266 7275 7262
7275 7276 7274
7276 7275 7277
7277 7278 7276
7278 7277 7279
7280 7277 7275
7275 7266 7280
7277 7280 7281
7281 7279 7277
7279 7281 7282
7279 7283 7278
7282 7284 7279
7284 7283 7279
7284 7282 7285
7284 7285 7286
7286 7287 7284
7283 7284 7287
7287 7286 7288
7289 7290 7291
7290 7289 7292
7293 7290 7292
7290 7293 7294
7295 7291 7290
7294 7295 7290
7291 7295 7296
7291 7297 7289
7293 7298 7294
7295 7294 7299
7296 7300 7291
7300 7297 7291
7300 7296 7301
7297 7300 7302
7303 7294 7298
7301 7304 7300
7300 7305 7302
7305 7300 7304
7294 7303 7306
7306 7299 7294
7304 7301 7307
7299 7306 7308
7304 7309 7305
7310 7304 7307
7310 7309 7304
7308 7310 7307
7310 7308 7306
7309 7310 7311
7312 7310 7306
7310 7312 7311
7313 7314 7315
7314 7313 7316
7317 7316 7313
7316 7317 7318
7314 7319 7315
7319 7314 7320
7321 7314 7316
7321 7320 7314
7322 7316 7318
7316 7322 7321
7323 7318 7317
7318 7323 7324
7325 7322 7318
7318 7324 7325
7326 7319 7320
7321 7326 7320
7319 7326 7327
7326 7321 7328
7329 7324 7323
7324 7329 7330
7330 7325 7324
7331 7325 7330
7325 7331 7332
7328 7333 7326
7326 7333 7327
7333 7334 7327
7330 7335 7331
7335 7330 7329
7332 7331 7336
7331 7337 7336
7337 7331 7335
7338 7333 7328
7333 7338 7339
7333 7339 7334
7336 7340 7332
7340 7336 7341
7336 7342 7341
7342 7336 7337
7343 7339 7338
7344 7345 7346
7345 7344 7347
7344 7348 7347
7348 7344 7349
7346 7345 7350
7351 7350 7345
7350 7351 7352
7353 7352 7351
7352 7353 7354
7353 7355 7354
7356 7355 7353
7357 7358 7359
7358 7357 7360
7359 7361 7357
7361 7359 7362
7360 7363 7358
7363 7360 7364
7364 7365 7363
7365 7364 7366
7366 7367 7365
7367 7366 7368
7368 7369 7367
7369 7368 7370
7371 7372 7373
7372 7371 7374
7371 7375 7374
7375 7371 7376
7373 7377 7371
7377 7376 7371
7377 7373 7378
7379 7373 7372
7376 7380 7375
7376 7377 7381
7382 7378 7373
7379 7382 7373
7378 7382 7383
7382 7379 7384
7385 7380 7376
7383 7382 7386
7382 7387 7386
7387 7382 7384
7376 7388 7385
7381 7388 7376
7386 7389 7383
7388 7381 7390
7391 7386 7387
7392 7389 7386
7391 7392 7386
7390 7392 7388
7392 7390 7389
7392 7391 7393
7392 7394 7388
7394 7392 7393
7395 7396 7397
7396 7395 7398
7397 7399 7395
7399 7397 7400
7401 7396 7398
7396 7401 7402
7403 7397 7396
7403 7396 7402
7404 7400 7397
7397 7403 7404
7400 7405 7399
7405 7400 7406
7407 7400 7404
7400 7407 7406
7401 7408 7402
7408 7403 7402
7408 7401 7409
7403 7408 7410
7406 7411 7405
7411 7406 7412
7412 7406 7407
7413 7408 7409
7408 7413 7410
7407 7414 7412
7414 7407 7415
7416 7412 7414
7412 7416 7411
7415 7417 7414
7418 7414 7417
7414 7418 7416
7413 7419 7410
7419 7413 7420
7413 7421 7420
7421 7413 7409
7422 7417 7415
7417 7422 7423
7424 7417 7423
7417 7424 7418
7425 7419 7420
7426 7427 7428
7427 7426 7429
7430 7426 7428
7426 7430 7431
7430 7432 7431
7429 7433 7427
7433 7434 7427
7434 7433 7435
7435 7432 7434
7432 7435 7436
7432 7436 7431
6175 7437 6176
7437 6175 7438
7091 7087 7439
7440 7441 7442
7441 7440 7443
7440 7444 7443
7444 7440 7445
7446 7440 7442
7440 7446 7447
7447 7445 7440
7445 7447 7448
7448 7449 7445
7449 7448 7450
7443 7451 7441
7451 7443 7452
7444 7452 7443
7453 7445 7449
7445 7453 7444
7446 7454 7447
7454 7446 7455
7456 7454 7455
7454 7456 7457
7458 7457 7456
7457 7458 7459
7460 7459 7458
7459 7460 7461
7462 7461 7460
7461 7462 7463
7464 7463 7462
7463 7464 7465
7466 7465 7464
7465 7466 7467
7468 7467 7466
7467 7468 7469
7470 7469 7468
7469 7470 7471
7472 7471 7470
7471 7472 7473
7474 7473 7472
7473 7474 7475
7476 7475 7474
7476 7474 7477
7477 7478 7476
7478 7479 7476
7480 7476 7479
7476 7480 7481
7480 7482 7481
7482 7480 7483
7484 7482 7483
7482 7484 7485
7486 7485 7484
7485 7486 7487
7484 7488 7486
7488 7484 7489
7490 7479 7478
7479 7490 7491
7492 7491 7490
7491 7492 7493
7494 7488 7489
7488 7494 7495
7489 7496 7494
7496 7489 7497
7497 7484 7483
7484 7497 7489
7497 7483 7498
7498 7496 7497
7499 7491 7493
7491 7499 7500
7492 7501 7493
7501 7499 7493
7501 7492 7502
7502 7503 7501
7503 7502 7504
7505 7503 7504
7505 7506 7503
7506 7505 7507
7505 7508 7507
7508 7505 7509
7505 7510 7509
7510 7511 7509
7511 7510 7512
7513 7506 7507
7508 7513 7507
7506 7513 7514
7513 7515 7514
7515 7513 7516
7516 7517 7515
7517 7516 7518
7512 7519 7511
7519 7520 7511
7509 7520 7508
7520 7509 7511
7520 7519 7521
7519 7512 7522
7523 7515 7517
7515 7523 7524
7525 7521 7519
7522 7525 7519
7521 7525 7526
7526 7527 7521
7527 7526 7528
7528 7529 7527
7529 7528 7530
7531 7529 7530
7525 7522 7532
7532 7533 7525
7533 7526 7525
7533 7532 7534
7521 7535 7520
7535 7521 7527
7523 7494 7524
7494 7523 7495
7496 7524 7494
7524 7496 7536
7527 7537 7535
7537 7527 7529
7529 7538 7537
7531 7538 7529
7539 7535 7537
7537 7540 7539
7540 7516 7539
7540 7537 7541
7538 7541 7537
7535 7539 7542
7539 7513 7542
7539 7516 7513
7513 7508 7542
7520 7542 7508
7542 7520 7535
7496 7543 7536
7543 7496 7544
7545 7543 7544
7498 7545 7544
7496 7498 7544
7545 7498 7546
7543 7545 7547
7543 7547 7506
7500 7545 7546
7545 7500 7499
7548 7545 7499
7545 7548 7547
7499 7501 7548
7501 7503 7548
7547 7548 7503
7506 7547 7503
7543 7506 7514
7536 7543 7514
7515 7536 7514
7536 7515 7524
7480 7546 7498
7480 7479 7546
7479 7500 7546
7491 7500 7479
7483 7480 7498
7549 7550 7551
7550 7549 7552
7553 7552 7549
7552 7553 7554
7552 7555 7550
7555 7552 7556
7554 7556 7552
7556 7554 7557
7558 7554 7553
7554 7558 7559
7558 7560 7559
7560 7558 7561
7561 7562 7560
7562 7561 7563
7564 7559 7560
7559 7564 7565
7565 7554 7559
7554 7565 7557
7560 7566 7564
7566 7560 7562
7553 7567 7558
7567 7553 7568
7568 7453 7567
7453 7568 7444
7452 7444 7568
7568 7549 7452
7551 7452 7549
7452 7551 7451
7549 7568 7553
7569 7563 7561
7569 7567 7453
7570 7569 7453
7570 7571 7569
7563 7569 7571
7571 7570 7572
7572 7570 7573
7570 7453 7574
7570 7574 7573
7575 7573 7574
7573 7575 7576
7453 7449 7574
7575 7574 7449
7450 7575 7449
7567 7569 7558
7569 7561 7558
7577 7578 7579
7577 7580 7578
7580 7581 7578
7577 7582 7580
7582 7577 7583
7582 7583 7584
7585 7580 7582
7580 7585 7586
7580 7586 7581
7587 7581 7586
7581 7587 7588
7587 7589 7588
7589 7587 7590
7582 7591 7585
7592 7585 7591
7591 7593 7592
7593 7591 7594
7595 7594 7591
7591 7582 7595
7595 7582 7584
7596 7595 7584
7594 7595 7597
7596 7597 7595
7596 7598 7597
7599 7592 7593
7592 7599 7600
7600 7601 7592
7601 7590 7587
7586 7601 7587
7601 7600 7602
7590 7601 7602
7585 7592 7601
7603 7594 7597
7598 7603 7597
7604 7603 7598
7594 7603 7605
7605 7593 7594
7606 7605 7603
7604 7606 7603
7607 7606 7604
7608 7605 7606
7605 7608 7609
7610 7609 7608
7609 7610 7611
7608 7606 7612
7607 7612 7606
7612 7607 7613
7607 7614 7613
7614 7615 7613
7615 7614 7616
7616 7617 7615
7617 7616 7618
7618 7619 7617
7619 7618 7620
7620 7621 7619
7621 7620 7622
7617 7623 7615
7623 7613 7615
7623 7617 7624
7625 7623 7624
7623 7625 7626
7627 7626 7625
7626 7627 7628
7613 7623 7629
7626 7629 7623
7617 7619 7630
7630 7625 7624
7617 7630 7624
7631 7630 7619
7621 7631 7619
7631 7632 7630
7625 7630 7632
7632 7631 7633
7634 7632 7633
7632 7634 7635
7635 7625 7632
7625 7635 7627
7629 7626 7636
7628 7636 7626
7636 7612 7629
7612 7636 7637
7636 7638 7637
7638 7636 7639
7636 7628 7639
7610 7637 7638
7637 7610 7608
7637 7608 7612
7612 7613 7629
7640 7604 7641
7641 7604 7598
7640 7607 7604
7614 7607 7640
7642 7643 7644
7642 7645 7643
7645 7646 7643
7645 7647 7646
7645 7648 7647
7645 7649 7648
7645 7650 7649
7645 7651 7650
7651 7645 7652
7653 7651 7652
7652 7654 7653
7654 7652 7645
7642 7654 7645
7651 7653 7655
7653 7656 7655
7656 7653 7657
7653 7658 7657
7658 7653 7659
7654 7659 7653
7660 7659 7654
7659 7660 7661
7661 7658 7659
7658 7662 7657
7662 7658 7663
7658 7661 7664
7664 7663 7658
7663 7664 7665
7666 7661 7660
7666 7664 7661
7664 7666 7667
7667 7665 7664
7663 7668 7662
7668 7663 7669
7665 7669 7663
7669 7665 7670
7665 7667 7671
7671 7670 7665
7670 7672 7669
7671 7673 7670
7673 7672 7670
7674 7662 7668
7674 7668 7675
7669 7675 7668
7669 7672 7675
7672 7676 7675
7676 7672 7677
7672 7678 7677
7678 7672 7679
7679 7672 7673
7680 7679 7673
7681 7680 7673
7681 7673 7671
7680 7681 7682
7683 7682 7681
7671 7683 7681
7682 7683 7684
7685 7684 7683
7675 7686 7674
7687 7686 7675
7686 7688 7674
7662 7674 7688
7688 7686 7689
7688 7657 7662
7657 7688 7656
7689 7656 7688
7690 7689 7686
7687 7690 7686
7689 7690 7691
7656 7689 7692
7691 7692 7689
7693 7656 7692
7656 7693 7655
7694 7655 7693
7655 7694 7651
7692 7691 7695
7696 7692 7695
7692 7696 7693
7696 7694 7693
7694 7650 7651
7650 7694 7697
7694 7696 7698
7698 7697 7694
7697 7698 7699
7700 7691 7690
7691 7700 7701
7701 7695 7691
7702 7701 7700
7701 7702 7703
7695 7701 7704
7703 7704 7701
7704 7703 7705
7706 7695 7704
7695 7706 7696
7705 7706 7704
7698 7696 7706
7707 7698 7706
7698 7707 7708
7699 7698 7708
7706 7705 7709
7709 7707 7706
7707 7709 7710
7711 7708 7707
7710 7711 7707
7711 7712 7708
7713 7708 7712
7711 7714 7712
7699 7708 7715
7715 7708 7713
7700 7716 7702
7702 7717 7703
7717 7702 7718
7719 7718 7716
7718 7720 7717
7720 7718 7721
7719 7721 7718
7721 7722 7720
7722 7721 7723
7719 7723 7721
7719 7724 7723
7723 7725 7722
7725 7723 7726
7724 7726 7723
7726 7724 7727
7726 7728 7725
7728 7726 7727
7727 7729 7728
7730 7728 7729
7728 7730 7731
7731 7725 7728
7730 7732 7731
7732 7730 7733
7732 7733 7734
7733 7735 7734
7735 7733 7736
7730 7736 7733
7736 7730 7737
7729 7737 7730
7737 7729 7738
7737 7739 7736
7736 7739 7740
7735 7736 7740
7739 7737 7741
7738 7741 7737
7729 7727 7742
7742 7738 7729
7738 7742 7743
7741 7738 7744
7744 7738 7743
7742 7745 7743
7732 7746 7731
7725 7731 7746
7746 7722 7725
7722 7746 7747
7746 7748 7747
7748 7746 7749
7746 7732 7749
7732 7750 7749
7750 7732 7751
7752 7750 7751
7750 7752 7753
7754 7749 7750
7749 7754 7748
7753 7754 7750
7755 7722 7747
7722 7755 7720
7747 7756 7755
7756 7747 7748
7754 7756 7748
7754 7753 7757
7756 7754 7758
7757 7758 7754
7758 7757 7759
7759 7760 7758
7761 7756 7758
7761 7755 7756
7755 7717 7720
7717 7755 7762
7755 7761 7762
7762 7703 7717
7703 7762 7705
7761 7705 7762
7705 7761 7709
7763 7709 7761
7763 7761 7758
7760 7763 7758
7709 7763 7710
7763 7760 7711
7710 7763 7711
7711 7760 7764
7711 7764 7714
7757 7765 7759
7765 7757 7766
7759 7765 7767
7767 7768 7759
7759 7768 7760
7769 7760 7768
7764 7760 7769
7770 7769 7768
7771 7764 7769
7771 7769 7772
7770 7772 7769
7773 7765 7766
7773 7766 7774
7775 7774 7766
7775 7766 7776
7766 7757 7776
7753 7776 7757
7753 7777 7776
7753 7778 7777
7752 7778 7753
7752 7779 7778
7752 7780 7779
7752 7781 7780
7752 7782 7781
7783 7782 7752
7783 7784 7782
7783 7785 7784
7785 7783 7786
7734 7786 7783
7783 7751 7734
7783 7752 7751
7786 7734 7735
7787 7785 7786
7787 7786 7788
7786 7789 7788
7790 7789 7786
7790 7786 7791
7791 7786 7735
7791 7735 7740
7792 7790 7791
7793 7792 7791
7794 7793 7791
7794 7791 7740
7794 7740 7795
7794 7795 7796
7796 7797 7794
7796 7798 7797
7796 7799 7798
7796 7800 7799
7799 7800 7801
7802 7800 7796
7800 7803 7801
7800 7804 7803
7800 7805 7804
7800 7802 7805
7666 7805 7802
7803 7804 7806
7806 7804 7807
7807 7804 7808
7804 7660 7808
7804 7805 7660
7805 7666 7660
7654 7808 7660
7808 7654 7642
7809 7808 7642
7642 7644 7809
7810 7808 7809
7810 7811 7808
7808 7811 7812
7807 7808 7812
7666 7802 7813
7813 7667 7666
7813 7683 7667
7683 7671 7667
7813 7685 7683
7685 7813 7802
7814 7685 7802
7814 7795 7685
7795 7815 7685
7739 7815 7795
7815 7816 7685
7816 7684 7685
7816 7682 7684
7682 7816 7817
7817 7680 7682
7680 7817 7818
7680 7818 7679
7815 7741 7816
7815 7739 7741
7744 7816 7741
7816 7744 7817
7817 7744 7818
7818 7745 7679
7745 7678 7679
7678 7745 7819
7745 7820 7819
7820 7745 7724
7743 7745 7818
7744 7743 7818
7724 7745 7742
7742 7727 7724
7820 7821 7819
7820 7724 7821
7724 7719 7821
7719 7822 7821
7822 7719 7716
7687 7822 7716
7687 7716 7700
7687 7700 7690
7822 7687 7823
7822 7823 7821
7677 7821 7823
7677 7678 7819
7677 7819 7821
7687 7675 7823
7676 7677 7823
7675 7676 7823
7718 7702 7716
7650 7824 7825
7650 7697 7824
7650 7825 7649
7824 7697 7826
7826 7697 7827
7697 7699 7827
7699 7828 7827
7828 7699 7715
7829 7826 7827
7830 7824 7826
7830 7826 7831
7829 7831 7826
7832 7715 7713
7832 7713 7833
7834 7833 7713
7834 7713 7712
7835 7836 7837
7836 7835 7838
7835 7839 7838
7839 7835 7840
7840 7841 7839
7842 7837 7836
7841 7843 7839
7841 7844 7843
7844 7845 7843
7845 7846 7843
7845 7847 7846
7848 7846 7847
7846 7848 7849
7848 7850 7849
7850 7848 7851
7851 7852 7850
7852 7853 7850
7852 7854 7853
7854 7855 7853
7855 7856 7853
7855 7857 7856
7858 7856 7857
7856 7858 7859
7858 7860 7859
7860 7858 7861
7861 7862 7860
7862 7863 7860
7862 7864 7863
7865 7863 7864
7865 7866 7863
7867 7866 7865
7868 7866 7867
7866 7868 7869
7868 7870 7869
7870 7868 7871
7872 7870 7871
7872 7873 7870
7874 7873 7872
7875 7873 7874
7875 7876 7873
7877 7876 7875
7878 7876 7877
7876 7878 7879
7878 7880 7879
7880 7878 7881
7882 7880 7881
7882 7883 7880
7884 7883 7882
7885 7883 7884
7885 7886 7883
7887 7886 7885
7888 7886 7887
7886 7888 7889
7888 7890 7889
7890 7888 7891
7892 7890 7891
7890 7892 7893
7892 7894 7893
7893 7894 7895
7893 7895 7896
7897 7896 7895
7898 7896 7897
7896 7898 7899
7900 7899 7898
7899 7900 7901
7900 7902 7901
7902 7903 7901
7902 7904 7903
7904 7905 7903
7905 7906 7903
7905 7907 7906
7908 7906 7907
7906 7908 7909
7908 7910 7909
7910 7908 7911
7911 7912 7910
7912 7913 7910
7912 7914 7913
7915 7913 7914
7915 7916 7913
7917 7916 7915
7918 7916 7917
7916 7918 7919
7918 7920 7919
7920 7918 7921
7922 7920 7921
7922 7923 7920
7924 7923 7922
7925 7923 7924
7925 7926 7923
7927 7926 7925
7927 7928 7926
7928 7927 7929
7929 7930 7928
7930 7929 7931
7931 7932 7930
7930 7932 7933
7932 7934 7933
7933 7934 7842
7933 7842 7836
7601 7586 7585
7593 7605 7609
7611 7593 7609
7593 7611 7599
7935 7936 7937
7936 7935 7938
7939 7938 7935
7938 7939 7940
7937 7941 7935
7941 7937 7942
7943 7935 7941
7935 7943 7939
7944 7939 7943
7939 7944 7945
7944 7946 7945
7946 7947 7945
7947 7939 7945
7939 7947 7940
7947 7946 7948
7946 7949 7948
7950 7948 7949
7948 7950 7951
7946 7944 7952
7953 7951 7950
7951 7953 7954
7954 7955 7951
7948 7955 7947
7955 7948 7951
7955 7940 7947
7955 7954 7956
7942 7957 7941
7954 7958 7956
7958 7959 7956
7959 7958 7960
7961 7959 7960
7959 7961 7962
7963 7962 7961
7961 7964 7963
7964 7961 7965
7965 7566 7964
7566 7965 7564
7965 7565 7564
7565 7965 7966
7966 7965 7961
7958 7966 7960
7966 7961 7960
7966 7557 7565
7557 7966 7967
7966 7958 7967
7967 7556 7557
7556 7967 7968
7962 7963 7969
7969 7970 7962
7970 7969 7971
7971 7938 7970
7938 7971 7936
7940 7970 7938
7970 7940 7972
7972 7962 7970
7962 7972 7959
7972 7956 7959
7956 7972 7955
7940 7955 7972
7967 7973 7968
7973 7974 7968
7974 7556 7968
7974 7973 7975
7954 7975 7973
7958 7954 7973
7975 7954 7953
7973 7967 7958
7556 7974 7555
7976 7977 7978
7977 7976 7979
7979 7952 7977
7952 7979 7980
7952 7981 7977
7981 7978 7977
7981 7952 7944
7944 7982 7981
7983 7981 7982
7981 7983 7984
7978 7981 7984
7982 7944 7943
7985 7976 7978
7976 7985 7986
7987 7986 7985
7986 7987 7988
7988 7987 7989
7990 7989 7987
7989 7990 7991
7992 7989 7991
7989 7992 7993
7990 7994 7991
7994 7992 7991
7994 7990 7995
7995 7996 7994
7997 7994 7996
7996 7998 7997
7998 7996 7999
7994 7997 8000
7992 7994 8000
8001 7999 7996
7996 7995 8001
7999 8001 8002
8003 8002 8001
8002 8003 8004
8005 7997 7998
7997 8005 8006
8006 8000 7997
8007 8006 8005
8006 8007 8008
8000 8006 8009
8008 8009 8006
8010 8008 8007
8008 8010 8011
8012 8011 8010
8011 8012 8013
8014 8013 8012
8013 8014 8015
8014 8016 8015
8017 8015 8016
8016 8018 8017
8018 8016 8019
8020 8019 8016
8016 8014 8020
8019 8020 8021
8015 8017 8022
8022 8013 8015
8018 8023 8017
8023 8022 8017
8023 8018 8024
8024 8025 8023
8025 8024 8026
8026 8027 8025
8027 8026 8028
8029 8025 8027
8025 8029 8030
8030 8023 8025
8023 8030 8031
8022 8023 8031
8032 8028 8026
8028 8032 8033
8034 8033 8032
8033 8034 8035
8036 8035 8034
8035 8036 8037
8038 8036 8034
8032 8038 8034
8036 8038 8039
8036 8040 8037
8040 8036 8041
8039 8041 8036
8041 8039 8042
8043 8041 8042
8041 8043 8044
8044 8040 8041
8045 8042 8039
8042 8045 8046
8046 8043 8042
8043 8046 8047
8048 8039 8038
8039 8048 8045
8040 8044 8049
8044 8050 8049
8050 8044 8051
8051 8052 8050
8052 8051 8053
8051 8054 8053
8054 8051 8055
8047 8055 8043
8055 8044 8043
8044 8055 8051
8053 8056 8052
8056 8053 8057
8055 8058 8054
8058 8055 8059
8055 8047 8059
8060 8058 8059
8060 8059 8047
8058 8060 8061
8060 8062 8061
8063 8061 8062
8061 8063 8064
8064 8058 8061
8062 8060 8065
8066 8065 8060
8065 8066 8067
8068 8067 8066
8067 8068 8069
8068 8070 8069
8070 8068 8071
8068 8066 8046
8063 8072 8064
8072 8063 8073
8073 8074 8072
8045 8071 8068
8046 8045 8068
8071 8045 8048
8075 8064 8072
8072 8076 8075
8072 8074 8076
8074 8077 8076
8075 8076 8078
8079 8078 8076
8077 8079 8076
8078 8079 8080
8080 8081 8078
8081 8080 7533
8082 8075 8078
8081 8082 8078
8083 8075 8082
8075 8083 8084
8085 8083 8082
8082 8081 8085
8086 8085 8081
8085 8086 8087
8083 8085 8057
8087 8057 8085
8075 8084 8064
8077 7528 8079
7528 8077 7530
7530 8077 8088
8058 8064 8084
7526 8079 7528
8079 7526 8080
7526 7533 8080
8054 8084 8083
8084 8054 8058
8053 8083 8057
8083 8053 8054
8057 8087 8056
7531 7530 8088
8089 8088 8074
8088 8077 8074
8073 8089 8074
8090 7946 7980
7946 8090 7949
7946 7952 7980
7957 7942 8091
8092 7957 8091
7957 8092 8093
8093 8094 7957
8094 8093 8095
7957 8094 7941
8092 8003 8093
8003 8092 8004
8093 8096 8095
8096 8093 8003
8094 7943 7941
8094 7982 7943
7983 7982 8094
8096 7983 8095
8095 7983 8094
8096 8097 7983
8098 7983 8097
7983 8098 7984
8097 7990 8098
7987 8098 7990
8098 7987 7985
7990 8097 7995
7995 8097 8096
8001 7995 8096
8003 8001 8096
7978 8098 7985
8098 7978 7984
8048 8099 8100
8048 8101 8099
8101 8048 8038
8038 8032 8101
8026 8101 8032
8101 8026 8024
8024 8099 8101
8099 8024 8018
8099 8018 8100
8018 8019 8100
8021 8100 8019
8100 8021 8102
8102 8103 8100
8103 8048 8100
8103 8102 8104
8071 8103 8104
8103 8071 8048
8070 8071 8104
8081 7534 8086
7534 8081 7533
8105 8106 8107
8106 8105 8108
8109 8107 8106
8107 8109 8110
8110 7993 8107
7993 8105 8107
7993 8110 8111
8112 8106 8108
8113 8112 8108
8112 8113 8114
8113 8011 8114
8011 8113 8008
8106 8112 8115
8106 8116 8109
8116 8106 8115
8115 8117 8116
8117 8115 8118
8108 8009 8113
8009 8008 8113
8009 8108 8105
8119 8114 8011
8119 8112 8114
8105 7993 7992
8000 8105 7992
8105 8000 8009
8112 8119 8120
8115 8120 8118
8120 8115 8112
8119 8031 8120
8031 8119 8022
8013 8022 8119
8119 8011 8013
8030 8120 8031
8120 8030 8118
8030 8117 8118
8117 8030 8029
7989 8111 8121
7989 7993 8111
8121 7988 7989
8122 8123 8124
8125 8123 8122
8125 8122 7797
8122 7794 7797
7794 8122 7793
8122 8124 7793
8126 8127 8128
8128 8129 8126
8129 8128 8130
8126 8129 8131
8131 8132 8126
8126 8132 8127
8132 8131 8133
8133 8134 8132
8134 8133 8135
8134 8135 8136
8136 8137 8134
8137 8136 8138
8134 8137 8139
8139 8132 8134
8132 8139 8127
8140 8133 8131
8133 8140 8141
8141 8135 8133
8135 8141 8142
8143 8138 8136
8135 8143 8136
8138 8143 8144
8143 8135 8145
8142 8145 8135
8146 8144 8143
8145 8146 8143
8145 8147 8146
8148 8146 8147
8149 8148 8147
8148 8149 8150
8150 8149 8151
8146 8148 8152
8144 8146 8152
8145 8153 8147
8147 8153 8149
8153 8154 8149
8149 8154 8151
8154 8153 8155
8155 8156 8154
8157 8154 8156
8154 8157 8151
8156 8155 8158
8156 8158 8159
8160 8156 8159
8156 8160 8161
8161 8157 8156
8155 8162 8158
8162 8155 8163
8153 8163 8155
8162 8164 8158
8164 8162 8165
8163 8166 8162
8166 8165 8162
8166 8163 8142
8163 8153 8145
8145 8142 8163
8159 8167 8160
8167 8159 8168
8168 8169 8167
8169 8168 8170
8168 8171 8170
8165 8171 8164
8170 8171 8172
8171 8173 8172
8173 8171 8174
8175 8174 8171
8171 8165 8175
8176 8175 8165
8165 8166 8176
8166 8177 8176
8177 8166 8178
8142 8178 8166
8175 8176 8179
8179 8180 8175
8180 8179 8181
8182 8181 8179
8176 8182 8179
8182 8176 8177
8181 8182 8183
8184 8181 8183
8181 8184 8185
8186 8185 8184
8184 8187 8186
8187 8184 8188
8183 8188 8184
8185 8186 8189
8189 8190 8185
8190 8181 8185
8181 8190 8180
8190 8189 8191
8188 8183 8192
8182 8192 8183
8192 8182 8193
8191 8194 8190
8180 8190 8194
8194 8195 8180
8180 8195 8175
8195 8194 8196
8197 8196 8194
8194 8191 8197
8196 8197 8198
8198 8199 8196
8199 8195 8196
8199 8174 8195
8175 8195 8174
8174 8199 8173
8200 8173 8199
8199 8198 8200
8173 8200 8201
8201 8202 8173
8201 8203 8202
8203 8204 8202
8204 8203 8205
8205 8206 8204
8206 8205 8207
8173 8202 8172
8172 8204 8206
8172 8202 8204
8169 8206 8207
8206 8169 8170
8172 8206 8170
8208 8209 8210
8209 8208 8211
8211 8212 8209
8212 8211 8213
8209 8214 8210
8214 8209 8215
8212 8215 8209
8215 8212 8216
8217 8211 8208
8211 8217 8218
8213 8211 8218
8219 8213 8218
8219 8218 8220
8218 8221 8220
8221 8218 8222
8222 8218 8217
8213 8223 8212
8223 8213 8224
8219 8224 8213
8212 8225 8216
8225 8212 8223
8224 8219 8226
8227 8226 8219
8226 8227 8228
8229 8228 8227
8227 8230 8229
8230 8227 8231
8231 8232 8230
8232 8231 8233
8228 8229 8234
8235 8234 8229
8229 8236 8235
8237 8235 8236
8238 8237 8236
8237 8238 8239
8239 8240 8237
8240 8239 8241
8240 8242 8237
8235 8237 8242
8242 8240 8243
8236 8229 8244
8229 8230 8244
8244 8245 8236
8236 8245 8238
8245 8244 8246
8242 8243 8247
8248 8242 8247
8242 8248 8235
8234 8235 8248
8230 8246 8244
8246 8230 8232
8247 8249 8248
8249 8247 8250
8248 8249 8234
8251 8249 8250
8250 8252 8251
8252 8250 8253
8254 8253 8250
8254 8250 8247
8247 8243 8254
8254 8243 8255
8255 8256 8254
8257 8256 8255
8256 8257 8258
8259 8256 8258
8256 8259 8260
8260 8254 8256
8261 8260 8259
8262 8261 8259
8261 8262 8263
8260 8261 8264
8265 8260 8264
8266 8265 8264
8264 8267 8266
8267 8264 8268
8264 8261 8268
8268 8269 8267
8269 8268 8270
8270 8261 8263
8261 8270 8268
8265 8266 8271
8266 8272 8271
8273 8272 8266
8267 8273 8266
8272 8273 8274
8274 8275 8272
8275 8274 8276
8276 8277 8275
8277 8276 8278
8276 8279 8278
8279 8276 8280
8274 8280 8276
8280 8274 8281
8273 8281 8274
8281 8273 8282
8267 8282 8273
8282 8267 8269
8283 8275 8277
8275 8283 8284
8284 8272 8275
8272 8284 8271
8285 8284 8283
8284 8285 8252
8271 8284 8252
8285 8251 8252
8251 8285 8286
8286 8287 8251
8249 8251 8287
8287 8288 8249
8288 8287 8289
8287 8286 8290
8287 8291 8289
8291 8287 8290
8289 8226 8288
8288 8226 8228
8288 8228 8234
8234 8249 8288
8226 8289 8224
8291 8223 8289
8223 8224 8289
8223 8291 8225
8253 8271 8252
8271 8253 8265
8253 8292 8265
8260 8265 8292
8254 8260 8292
8254 8292 8253
8293 8294 8295
8294 8293 8296
8297 8293 8295
8293 8297 8298
8297 8299 8298
8299 8297 8257
8300 8299 8257
8257 8243 8300
8243 8257 8255
8299 8300 8301
8257 8297 8258
8258 8295 8294
8258 8297 8295
8258 8294 8259
8259 8294 8262
8262 8294 8296
8240 8300 8243
8240 8301 8300
8301 8240 8241
8302 8178 8303
8178 8302 8177
8141 8303 8178
8178 8142 8141
8303 8141 8140
8193 8177 8302
8177 8193 8182
8221 8304 8220
8304 8221 8305
8304 8219 8220
8219 8304 8227
8233 8304 8305
8304 8233 8231
8231 8227 8304
8306 8171 8168
8159 8306 8168
8306 8159 8158
8307 8308 8309
8308 8307 8310
8311 8309 8308
8309 8311 8312
8313 8308 8310
8308 8313 8314
8308 8314 8311
8315 8313 8310
8313 8315 8316
8315 8317 8316
8315 8318 8317
8318 8315 8319
8315 8320 8319
8310 8320 8315
8320 8310 8307
8313 8321 8314
8321 8313 8322
8316 8323 8313
8323 8316 8324
8325 8317 8318
8317 8325 8326
8326 8316 8317
8316 8326 8327
8327 8324 8316
8328 8326 8325
8326 8328 8329
8327 8326 8329
8330 8329 8328
8329 8330 8331
8327 8329 8331
8332 8331 8330
8331 8332 8333
8332 8334 8333
8327 8331 8335
8331 8333 8335
8336 8335 8333
8333 8334 8336
8335 8336 8337
8338 8337 8336
8339 8338 8336
8336 8334 8339
8337 8338 8340
8338 8341 8340
8342 8341 8338
8342 8338 8339
8341 8342 8343
8344 8337 8340
8337 8344 8345
8345 8335 8337
8346 8345 8344
8345 8346 8324
8347 8341 8343
8341 8347 8348
8349 8348 8347
8348 8349 8350
8348 8350 8351
8350 8352 8351
8352 8353 8351
8354 8351 8353
8355 8351 8354
8355 8346 8344
8351 8355 8356
8348 8351 8356
8344 8356 8355
8357 8355 8354
8355 8357 8358
8346 8355 8358
8359 8358 8357
8358 8359 8360
8360 8346 8358
8361 8359 8357
8359 8361 8362
8363 8362 8361
8362 8363 8364
8365 8364 8363
8364 8365 8366
8367 8364 8366
8364 8367 8368
8368 8362 8364
8369 8365 8363
8361 8369 8363
8365 8369 8370
8357 8371 8361
8369 8361 8371
8371 8357 8354
8371 8354 8372
8372 8373 8371
8373 8370 8369
8371 8373 8369
8373 8372 8374
8374 8375 8373
8370 8373 8375
8375 8374 8376
8362 8368 8377
8378 8376 8374
8378 8374 8372
8353 8378 8372
8354 8353 8372
8378 8353 8379
8379 8380 8378
8376 8378 8380
8380 8379 8381
8353 8352 8379
8379 8352 8382
8381 8379 8382
8381 8382 8383
8384 8383 8382
8352 8384 8382
8383 8384 8385
8386 8385 8384
8352 8386 8384
8385 8386 8387
8386 8349 8387
8349 8386 8350
8352 8350 8386
8359 8377 8388
8388 8389 8359
8389 8388 8390
8390 8391 8389
8391 8390 8392
8392 8322 8391
8322 8392 8321
8377 8359 8362
8393 8394 8395
8394 8393 8396
8397 8394 8396
8394 8397 8398
8399 8396 8393
8396 8399 8400
8400 8397 8396
8397 8400 8401
8394 8402 8395
8402 8394 8403
8398 8403 8394
8403 8398 8404
8404 8405 8403
8405 8406 8403
8406 8402 8403
8406 8405 8407
8408 8398 8397
8398 8408 8409
8409 8404 8398
8410 8397 8401
8397 8410 8408
8404 8409 8411
8411 8412 8404
8412 8405 8404
8412 8411 8413
8413 8414 8412
8415 8412 8414
8412 8415 8416
8415 8417 8416
8417 8415 8418
8414 8413 8419
8419 8420 8414
8421 8414 8420
8420 8422 8421
8422 8423 8421
8423 8422 8424
8422 8425 8424
8425 8422 8426
8427 8426 8422
8422 8420 8427
8426 8427 8428
8414 8421 8429
8429 8418 8415
8414 8429 8415
8430 8429 8421
8421 8423 8430
8429 8430 8431
8418 8429 8431
8427 8432 8428
8427 8433 8432
8433 8427 8420
8420 8419 8433
8433 8434 8432
8434 8433 8435
8433 8419 8435
8435 8436 8434
8437 8434 8436
8434 8437 8438
8439 8434 8438
8439 8432 8434
8432 8439 8428
8439 8440 8428
8440 8439 8441
8441 8442 8440
8442 8428 8440
8442 8441 8443
8441 8444 8443
8444 8441 8445
8445 8446 8444
8446 8447 8444
8447 8446 8448
8446 8445 8449
8450 8449 8445
8450 8441 8439
8441 8450 8445
8439 8438 8450
8449 8450 8451
8438 8451 8450
8451 8452 8449
8453 8449 8452
8449 8453 8454
8454 8448 8446
8449 8454 8446
8455 8454 8453
8454 8455 8456
8448 8454 8456
8452 8451 8457
8452 8457 8458
8458 8459 8452
8453 8452 8459
8459 8458 8460
8461 8460 8458
8460 8461 8462
8463 8462 8461
8462 8463 8464
8464 8465 8462
8465 8460 8462
8465 8464 8466
8460 8465 8467
8467 8459 8460
8459 8467 8468
8468 8453 8459
8453 8468 8455
8461 8469 8463
8469 8461 8470
8470 8458 8457
8458 8470 8461
8470 8471 8469
8471 8470 8437
8457 8437 8470
8436 8471 8437
8471 8436 8472
8473 8472 8436
8436 8435 8473
8474 8473 8435
8473 8474 8475
8472 8473 8476
8475 8476 8473
8476 8475 8477
8411 8475 8474
8474 8413 8411
8474 8419 8413
8419 8474 8435
8475 8411 8409
8408 8477 8475
8408 8475 8409
8477 8408 8410
8457 8438 8437
8438 8457 8451
8478 8479 8480
8479 8478 8481
8479 8482 8480
8482 8479 8483
8484 8482 8483
8482 8484 8442
8484 8485 8442
8428 8442 8485
8485 8484 8486
8442 8443 8482
8443 8478 8480
8443 8480 8482
8443 8444 8478
8444 8447 8478
8447 8481 8478
8426 8428 8485
8486 8426 8485
8426 8486 8425
8407 8487 8488
8487 8407 8405
8405 8412 8487
8416 8488 8487
8416 8487 8412
8488 8416 8417
8489 8490 8491
8490 8489 8492
8493 8492 8489
8492 8493 8494
8493 8495 8494
8495 8493 8496
8496 8497 8495
8497 8496 8498
8498 8499 8497
8499 8498 8500
8501 8499 8500
8499 8501 8502
8501 8503 8502
8503 8501 8504
8505 8503 8504
8503 8505 8506
8505 8507 8506
8507 8505 8508
8509 8507 8508
8507 8509 8510
8509 8511 8510
8511 8509 8512
8512 8490 8511
8490 8512 8491
8500 8513 8501
8501 8513 8504
8504 8513 8505
8505 8513 8508
8508 8513 8509
8509 8513 8512
8512 8513 8491
8491 8513 8489
8489 8513 8493
8493 8513 8496
8496 8513 8498
8498 8513 8500
8514 8515 8516
8517 8515 8514
8518 8515 8517
8519 8515 8518
8520 8515 8519
8521 8515 8520
8522 8515 8521
8523 8515 8522
8524 8515 8523
8525 8515 8524
8526 8515 8525
8516 8515 8526
8527 8528 8529
8528 8527 8530
8530 8531 8528
8531 8530 8532
8532 8533 8531
8533 8532 8534
8535 8533 8534
8533 8535 8536
8537 8536 8535
8536 8537 8538
8537 8539 8538
8539 8537 8540
8541 8539 8540
8539 8541 8542
8541 8543 8542
8543 8541 8544
8545 8543 8544
8543 8545 8546
8547 8546 8545
8546 8547 8548
8549 8548 8547
8548 8549 8550
8527 8550 8549
8550 8527 8529
8537 8551 8540
8540 8551 8541
8541 8551 8544
8544 8551 8545
8545 8551 8547
8547 8551 8549
8549 8551 8527
8527 8551 8530
8530 8551 8532
8532 8551 8534
8534 8551 8535
8535 8551 8537
8552 8553 8554
8552 8554 8555
8552 8555 8556
8556 8557 8552
8558 8552 8557
8552 8558 8559
8552 8559 8560
8552 8560 8561
8552 8561 8562
8552 8562 8563
8552 8563 8564
8552 8564 8553
8565 8566 8567
8566 8565 8568
8569 8568 8565
8568 8569 8570
8569 8571 8570
8571 8569 8572
8572 8573 8571
8573 8572 8574
8574 8575 8573
8575 8574 8576
8577 8575 8576
8575 8577 8578
8577 8579 8578
8579 8577 8580
8581 8579 8580
8579 8581 8582
8581 8583 8582
8583 8581 8584
8585 8583 8584
8583 8585 8586
8587 8586 8585
8586 8587 8588
8567 8588 8587
8588 8567 8566
8576 8589 8577
8577 8589 8580
8580 8589 8581
8581 8589 8584
8584 8589 8585
8585 8589 8587
8587 8589 8567
8567 8589 8565
8565 8589 8569
8569 8589 8572
8572 8589 8574
8574 8589 8576
8590 8591 8592
8592 8593 8590
8593 8594 8590
8595 8590 8594
8595 8591 8590
8595 8596 8591
8594 8593 8597
8593 8598 8597
8598 8593 8599
8600 8599 8593
8593 8592 8600
8599 8600 8601
8602 8598 8599
8599 8601 8602
8598 8602 8603
8602 8604 8603
8604 8602 8601
8605 8601 8600
8601 8605 8604
8606 8600 8592
8600 8606 8605
8607 8606 8592
8607 8592 8608
8591 8609 8608
8610 8609 8591
8611 8610 8591
8611 8612 8610
8613 8609 8610
8613 8610 8612
8609 8613 8614
8615 8614 8613
8614 8615 8616
8614 8616 8617
8609 8614 8617
8617 8618 8609
8608 8592 8591
8619 8618 8617
8620 8619 8617
8621 8618 8619
8619 8622 8621
8623 8622 8619
8622 8623 8624
8625 8624 8623
8623 8626 8625
8626 8623 8627
8619 8627 8623
8627 8619 8620
8627 8628 8626
8628 8627 8629
8628 8630 8626
8625 8626 8630
8630 8628 8631
8632 8630 8631
8630 8632 8625
8624 8625 8632
8627 8633 8629
8633 8627 8620
8634 8633 8620
8634 8620 8617
8635 8634 8617
8616 8636 8617
8615 8637 8616
8638 8637 8615
8637 8638 8639
8615 8640 8638
8640 8641 8638
8638 8641 8642
8639 8638 8642
8641 8640 8643
8641 8643 8644
8645 8641 8644
8645 8642 8641
8615 8613 8640
8646 8640 8613
8646 8643 8640
8647 8644 8643
8648 8644 8647
8644 8648 8649
8645 8644 8649
8650 8649 8648
8650 8648 8647
8649 8650 8651
8652 8651 8650
8652 8650 8647
8653 8652 8647
8654 8652 8653
8653 8655 8654
8655 8653 8656
8653 8647 8656
8652 8654 8657
8651 8652 8657
8647 8658 8656
8655 8656 8658
8655 8658 8659
8647 8660 8658
8661 8658 8660
8661 8659 8658
8661 8662 8659
8663 8661 8660
8661 8663 8664
8662 8661 8664
8662 8664 8665
8664 8666 8665
8666 8664 8612
8663 8612 8664
8660 8646 8663
8646 8660 8667
8647 8667 8660
8613 8612 8663
8663 8646 8613
8611 8666 8612
8643 8646 8667
8647 8643 8667
8668 8611 8591
8669 8670 8671
8670 8669 8672
8673 8672 8669
8672 8673 8674
8675 8671 8670
8671 8675 8676
8677 8670 8672
8670 8677 8678
8671 8679 8669
8679 8671 8680
8672 8681 8677
8681 8672 8674
8682 8669 8679
8669 8682 8673
8683 8670 8678
8670 8683 8675
8671 8684 8680
8684 8671 8676
8685 8675 8683
8675 8685 8686
8675 8686 8687
8675 8687 8676
8686 8688 8687
8688 8686 8685
8676 8689 8684
8689 8676 8690
8688 8690 8687
8690 8688 8689
8676 8687 8690
8674 8691 8681
8691 8674 8692
8692 8674 8693
8692 8694 8691
8694 8692 8693
8695 8694 8693
8673 8695 8693
8693 8674 8673
8694 8695 8696
8673 8696 8695
8696 8673 8682
8697 8698 8699
8698 8697 8700
8701 8702 8703
8702 8701 8704
8705 8706 8707
8706 8705 8708
8709 8710 8711
8710 8709 8712
8710 8712 8713
8714 8715 8716
8717 8714 8716
8714 8717 8718
8719 8720 8721
8722 8719 8721
8719 8722 8723
8724 8723 8722
8723 8724 8725
8724 8726 8725
8726 8724 8727
8728 8726 8727
8726 8728 8729
8730 8729 8728
8730 8728 8731
8731 8732 8730
8732 8731 8733
8733 8734 8732
8734 8733 8735
8736 8734 8735
8734 8736 8737
8736 8738 8737
8738 8736 8739
8739 8740 8738
8740 8739 8741
8741 8742 8740
8742 8741 8743
8743 8744 8742
8728 8745 8731
8728 8746 8745
8746 8728 8747
8748 8746 8747
8746 8748 8749
8748 8750 8749
8750 8748 8751
8751 8752 8750
8752 8751 8753
8753 8754 8752
8755 8756 8757
8758 8756 8755
8759 8756 8758
8760 8756 8759
8761 8756 8760
8762 8756 8761
8763 8756 8762
8764 8756 8763
8765 8756 8764
8766 8756 8765
8767 8756 8766
8757 8756 8767
8335 8345 8327
8324 8327 8345
8768 8324 8346
8324 8768 8323
8346 8360 8768
8356 8341 8348
8341 8356 8340
8356 8344 8340
8769 8770 8771
8770 8769 8772
8770 8773 8771
8773 8770 8774
8774 8775 8773
8775 8774 8776
8776 8777 8775
8777 8776 8778
8778 8779 8777
8779 8778 8780
8780 8781 8779
8781 8780 8782
8782 8783 8781
8783 8782 8784
8784 8785 8783
8785 8784 8786
8773 8787 8771
8787 8773 8788
8789 8771 8787
8771 8789 8769
8790 8783 8785
8783 8790 8791
8791 8781 8783
8781 8791 8792
8792 8779 8781
8779 8792 8793
8791 8794 8792
8794 8793 8792
8794 8795 8793
8795 8796 8793
8777 8793 8796
8793 8777 8779
8796 8775 8777
8775 8796 8797
8773 8797 8788
8797 8773 8775
8794 8798 8795
8798 8794 8799
8800 8799 8794
8794 8791 8800
8790 8800 8791
8799 8800 8801
8802 8801 8800
8801 8802 8803
8800 8790 8802
8804 8795 8798
8795 8804 8805
8795 8805 8796
8797 8796 8805
8804 8806 8805
8806 8804 8807
8807 8808 8806
8808 8807 8809
8810 8808 8809
8808 8810 8811
8811 8812 8808
8812 8811 8813
8808 8814 8806
8814 8808 8812
8815 8812 8813
8815 8814 8812
8814 8815 8816
8816 8817 8814
8806 8817 8805
8817 8806 8814
8817 8797 8805
8817 8816 8818
8818 8788 8817
8788 8797 8817
8819 8788 8818
8788 8819 8787
8820 8816 8815
8816 8820 8821
8818 8821 8819
8821 8818 8816
8822 8821 8820
8821 8822 8823
8824 8787 8819
8824 8821 8823
8821 8824 8819
8787 8824 8789
8822 8825 8823
8825 8824 8823
8825 8822 8826
8826 8827 8825
8827 8826 8828
8828 8829 8827
8830 8827 8829
8827 8830 8831
8831 8825 8827
8831 8830 8832
8832 8833 8831
8825 8831 8833
8824 8825 8833
8833 8832 8834
8824 8834 8789
8834 8824 8833
8835 8834 8832
8834 8835 8836
8836 8789 8834
8835 8837 8836
8837 8769 8836
8789 8836 8769
8769 8837 8772
8837 8835 8838
8839 8838 8835
8838 8839 8840
8841 8840 8839
8840 8841 8842
8843 8842 8841
8842 8843 8844
8845 8844 8843
8844 8845 8846
8847 8846 8845
8846 8847 8848
8785 8848 8847
8848 8785 8786
8847 8790 8785
8790 8847 8849
8845 8849 8847
8849 8845 8850
8843 8850 8845
8841 8851 8843
8850 8843 8851
8851 8841 8852
8839 8852 8841
8852 8839 8853
8835 8853 8839
8853 8835 8832
8854 8851 8852
8855 8851 8854
8855 8849 8850
8855 8850 8851
8856 8855 8854
8855 8856 8857
8857 8858 8855
8849 8855 8858
8858 8790 8849
8858 8857 8859
8859 8802 8858
8790 8858 8802
8802 8859 8803
8854 8860 8856
8860 8854 8861
8854 8852 8861
8853 8861 8852
8862 8860 8861
8860 8862 8863
8864 8863 8862
8863 8864 8865
8864 8866 8865
8866 8864 8867
8868 8867 8864
8867 8868 8869
8864 8829 8868
8829 8864 8862
8828 8869 8868
8829 8828 8868
8862 8830 8829
8830 8862 8861
8830 8861 8853
8870 8867 8869
8867 8871 8866
8871 8867 8870
8870 8872 8871
8872 8870 8873
8873 8874 8872
8874 8873 8875
8875 8876 8874
8876 8875 8877
8832 8830 8853
8878 8813 8811
8811 8879 8878
8880 8878 8879
8878 8880 8881
8882 8881 8880
8881 8882 8883
8882 8884 8883
8884 8882 8885
8879 8811 8810
8886 8887 8888
8887 8886 8889
8807 8888 8887
8887 8809 8807
8888 8807 8804
8890 8886 8888
8804 8890 8888
8886 8890 8891
8892 8891 8890
8890 8799 8892
8801 8892 8799
8892 8801 8893
8803 8893 8801
8893 8803 8894
8799 8890 8798
8890 8804 8798
8891 8892 8895
8896 8895 8892
8896 8892 8893
8896 8893 8897
8893 8898 8897
8894 8898 8893
8898 8894 8899
8894 8900 8899
8803 8901 8894
8901 8803 8859
8859 8902 8901
8902 8859 8857
8857 8903 8902
8903 8857 8856
8894 8904 8900
8905 8902 8903
8902 8905 8906
8907 8902 8906
8907 8901 8902
8907 8908 8901
8903 8909 8905
8909 8903 8910
8911 8909 8910
8909 8911 8912
8910 8863 8911
8911 8863 8865
8863 8910 8860
8860 8903 8856
8903 8860 8910
8901 8908 8913
8894 8913 8904
8913 8894 8901
8914 8915 8916
8915 8914 8917
8918 8914 8916
8914 8918 8919
8920 8919 8918
8919 8920 8921
8917 8922 8915
8922 8917 8923
8924 8921 8920
8914 8925 8917
8925 8923 8917
8925 8914 8926
8926 8914 8919
8926 8919 8927
8927 8919 8921
8927 8921 8924
8928 8927 8924
8923 8925 8929
8930 8929 8925
8931 8929 8930
8923 8932 8922
8932 8923 8933
8929 8933 8923
8933 8934 8932
8934 8933 8935
8933 8936 8935
8936 8933 8937
8933 8929 8937
8931 8936 8937
8931 8937 8929
8935 8938 8934
8938 8935 8939
8935 8940 8939
8940 8935 8936
8936 8931 8940
8927 8941 8926
8941 8927 8928
8942 8926 8941
8943 8941 8928
8925 8942 8930
8942 8925 8926
8944 8945 8946
8947 8945 8944
8948 8947 8944
8947 8948 8949
8949 8950 8947
8950 8945 8947
8950 8949 8951
8951 8952 8950
8952 8945 8950
8952 8951 8953
8954 8952 8953
8952 8954 8955
8952 8955 8945
8954 8956 8955
8955 8956 8945
8956 8954 8957
8958 8956 8957
8956 8958 8959
8960 8959 8958
8959 8960 8961
8962 8961 8960
8961 8962 8963
8962 8964 8963
8964 8962 8965
8965 8966 8964
8966 8965 8967
8964 8968 8963
8963 8968 8961
8964 8966 8968
8968 8969 8961
8969 8959 8961
8969 8956 8959
8969 8945 8956
8945 8969 8970
8968 8970 8969
8945 8970 8946
8971 8944 8946
8944 8971 8948
8972 8973 8974
8973 8972 8975
8973 8976 8974
8976 8973 8977
8977 8978 8976
8978 8977 8979
8980 8975 8972
8975 8980 8981
8982 8978 8979
8983 8973 8975
8981 8983 8975
8973 8983 8984
8984 8977 8973
8984 8985 8977
8985 8979 8977
8985 8982 8979
8986 8982 8985
8983 8981 8987
8988 8983 8987
8989 8988 8987
8990 8981 8980
8981 8990 8991
8991 8987 8981
8992 8991 8990
8991 8992 8993
8994 8991 8993
8991 8994 8995
8987 8991 8995
8994 8989 8995
8989 8987 8995
8996 8993 8992
8993 8996 8997
8993 8998 8994
8998 8993 8997
8989 8994 8998
8985 8984 8999
8999 8986 8985
9000 8999 8984
9001 8986 8999
8983 8988 9000
9000 8984 8983
9002 9003 9004
9005 9002 9004
9005 9006 9002
9006 9005 9007
9008 9007 9005
9008 9005 9004
9007 9008 9009
9010 9009 9008
9010 9008 9004
9009 9010 9011
9010 9012 9011
9012 9010 9013
9010 9004 9013
9014 9012 9013
9013 9004 9014
9012 9014 9015
9014 9016 9015
9016 9014 9017
9017 9018 9016
9018 9017 9019
9019 9020 9018
9020 9019 9021
9022 9020 9021
9020 9022 9023
9024 9023 9022
9023 9024 9025
9022 9021 9026
9021 9019 9026
9022 9026 9024
9026 9019 9027
9027 9019 9017
9027 9017 9014
9027 9014 9004
9004 9028 9027
9026 9027 9028
9004 9003 9028
9002 9029 9003
9029 9002 9006
9030 9031 9032
9033 9031 9030
9034 9031 9033
9035 9031 9034
9036 9031 9035
9037 9031 9036
9038 9031 9037
9039 9031 9038
9040 9031 9039
9041 9031 9040
9042 9031 9041
9032 9031 9042
9043 9044 9045
9044 9043 9046
9046 9047 9044
9047 9046 9048
9048 9049 9047
9049 9048 9050
9051 9049 9050
9049 9051 9052
9053 9052 9051
9052 9053 9054
9053 9055 9054
9055 9053 9056
9057 9055 9056
9055 9057 9058
9057 9059 9058
9059 9057 9060
9061 9059 9060
9059 9061 9062
9063 9062 9061
9062 9063 9064
9065 9064 9063
9064 9065 9066
9043 9066 9065
9066 9043 9045
9053 9067 9056
9056 9067 9057
9057 9067 9060
9060 9067 9061
9061 9067 9063
9063 9067 9065
9065 9067 9043
9043 9067 9046
9046 9067 9048
9048 9067 9050
9050 9067 9051
9051 9067 9053
4518 9068 4516
9069 9070 9071
9072 9070 9069
9073 9070 9072
9074 9070 9073
9075 9070 9074
9076 9070 9075
9077 9070 9076
9078 9070 9077
9079 9070 9078
9080 9070 9079
9081 9070 9080
9082 9070 9081
9083 9070 9082
9084 9070 9083
9085 9070 9084
9086 9070 9085
9087 9070 9086
9088 9070 9087
9089 9070 9088
9071 9070 9089
9090 9091 9092
9093 9090 9092
9094 9093 9092
9095 9094 9092
9096 9095 9092
9097 9096 9092
9098 9097 9092
9099 9098 9092
9100 9099 9092
9101 9100 9092
9102 9101 9092
9103 9102 9092
9104 9103 9092
9105 9104 9092
9106 9105 9092
9107 9106 9092
9108 9107 9092
9109 9108 9092
9110 9109 9092
9091 9110 9092
9111 9112 9113
9111 9114 9112
9111 9115 9114
9111 9116 9115
9111 9117 9116
9111 9118 9117
9111 9119 9118
9111 9120 9119
9111 9121 9120
9111 9122 9121
9111 9123 9122
9111 9124 9123
9111 9125 9124
9111 9126 9125
9111 9127 9126
9128 9113 9112
9129 9112 9114
9112 9129 9128
9114 9130 9129
9130 9114 9115
9115 9131 9130
9131 9115 9116
9116 9132 9131
9132 9116 9117
9117 9133 9132
9133 9117 9118
9118 9134 9133
9134 9118 9119
9120 9134 9119
9134 9120 9135
9121 9135 9120
9135 9121 9136
9122 9136 9121
9136 9122 9137
9123 9137 9122
9137 9123 9138
9124 9138 9123
9138 9124 9139
9125 9139 9124
9139 9125 9140
9126 9140 9125
9140 9126 9141
9127 9141 9126
9141 9127 9142
9143 9142 9127
9111 9143 9127
9111 9144 9143
9111 9145 9144
9111 9146 9145
9111 9113 9146
9142 9143 9147
9144 9147 9143
9147 9144 9148
9149 9144 9145
9144 9149 9148
9150 9145 9146
9145 9150 9149
9151 9146 9113
9146 9151 9150
9113 9128 9151
9152 9153 9154
9153 9155 9154
9153 9156 9155
9153 9157 9156
9153 9158 9157
9153 9159 9158
9153 9160 9159
9153 9161 9160
9153 9162 9161
9153 9163 9162
9153 9164 9163
9153 9165 9164
9153 9166 9165
9153 9167 9166
9153 9168 9167
9153 9169 9168
9153 9170 9169
9153 9152 9170
9171 9172 9173
9172 9174 9173
9172 9175 9174
9172 9176 9175
9172 9177 9176
9172 9178 9177
9172 9179 9178
9172 9180 9179
9172 9181 9180
9172 9182 9181
9172 9183 9182
9172 9184 9183
9172 9185 9184
9172 9186 9185
9172 9187 9186
9172 9188 9187
9172 9189 9188
9172 9171 9189
9190 9191 9192
9190 9192 9193
9190 9193 9194
9190 9194 9195
9190 9195 9196
9190 9196 9197
9190 9197 9198
9190 9198 9199
9190 9199 9200
9190 9200 9201
9190 9201 9202
9190 9202 9203
9190 9203 9204
9190 9204 9205
9190 9205 9206
9191 9207 9192
9208 9192 9207
9192 9208 9193
9209 9193 9208
9193 9209 9194
9210 9194 9209
9194 9210 9195
9211 9195 9210
9195 9211 9196
9212 9196 9211
9196 9212 9197
9213 9197 9212
9197 9213 9198
9213 9199 9198
9199 9213 9214
9214 9200 9199
9200 9214 9215
9215 9201 9200
9201 9215 9216
9216 9202 9201
9202 9216 9217
9217 9203 9202
9203 9217 9218
9218 9204 9203
9204 9218 9219
9219 9205 9204
9205 9219 9220
9220 9206 9205
9206 9220 9221
9221 9222 9206
9190 9206 9222
9190 9222 9223
9190 9223 9224
9190 9224 9225
9190 9225 9191
9222 9221 9226
9226 9223 9222
9223 9226 9227
9228 9223 9227
9223 9228 9224
9229 9224 9228
9224 9229 9225
9230 9225 9229
9225 9230 9191
9207 9191 9230
8060 8047 8066
8066 8047 8046
7540 7518 7516
7751 7732 7734
7739 7795 7740
7795 7814 7796
7814 7802 7796
9231 7801 9232
9231 7799 7801
9233 9232 7801
7803 9233 7801
7505 9234 7510
9234 7505 7504
3168 3166 3181
2290 2312 2284
9235 9236 9237
9236 9235 9238
9239 9238 9235
9238 9239 9240
9241 9240 9239
9241 9242 9240
9242 9241 9243
9244 9242 9243
9242 9244 9245
9245 9244 9246
9246 9247 9245
9247 9246 9248
9248 9249 9247
9249 9248 9250
9250 9251 9249
9251 9250 9252
9252 9253 9251
9253 9252 9254
9255 9256 9257
9256 9255 9258
9257 9256 9259
9257 9259 9260
9261 9260 9259
9260 9261 9262
9237 9258 9255
9258 9237 9236
9263 9262 9261
9262 9263 9264
9265 9264 9263
9264 9265 9266
9267 9266 9265
9266 9267 9268
9268 9267 9269
9269 9270 9268
9270 9269 9271
9272 9270 9271
9270 9272 9273
9272 9274 9273
9274 9275 9273
9275 9274 9276
9276 9277 9275
9277 9276 9278
9278 9279 9277
9279 9278 9280
9280 9281 9279
9281 9280 9282
9283 9284 9285
9284 9283 9286
9286 9287 9284
9287 9286 9288
9288 9289 9287
9289 9288 9290
9290 9291 9289
9291 9290 9292
9292 9293 9291
9293 9292 9294
9295 9293 9294
9293 9295 9296
9297 9296 9295
9296 9297 9298
9299 9298 9297
9298 9299 9300
9299 9301 9300
9301 9299 9302
9302 9303 9301
9303 9302 9304
9304 9305 9303
9305 9304 9306
9307 9305 9306
9305 9307 9308
9309 9308 9307
9308 9309 9310
9311 9310 9309
9310 9311 9312
9311 9313 9312
9313 9311 9314
9314 9315 9313
9315 9314 9316
9317 9315 9316
9315 9317 9318
9317 9319 9318
9319 9317 9320
9321 9319 9320
9319 9321 9322
9323 9322 9321
9322 9323 9324
9323 9325 9324
9325 9323 9326
9326 9327 9325
9327 9326 9328
9329 9330 9331
9330 9329 9332
9332 9333 9330
9333 9332 9334
9335 9333 9334
9333 9335 9336
9335 9337 9336
9337 9335 9338
9339 9337 9338
9337 9339 9340
9341 9340 9339
9340 9341 9342
9341 9343 9342
9343 9341 9344
9345 9329 9331
9329 9345 9346
9347 9346 9345
9346 9347 9348
9349 9348 9347
9348 9349 9350
9351 9350 9349
9350 9351 9352
9351 9353 9352
9353 9351 9354
9355 9353 9354
9353 9355 9356
9357 9356 9355
9356 9357 9358
9359 9358 9357
9358 9359 9360
9361 9360 9359
9360 9361 9362
9361 9363 9362
9363 9361 9364
9364 9365 9363
9365 9364 9366
9366 9367 9365
9367 9366 9368
9368 9369 9367
9369 9368 9370
9371 9369 9370
9369 9371 9372
9371 9373 9372
9373 9371 9374
9375 9376 9377
9376 9375 9378
9379 9380 9381
9380 9379 9382
9383 9381 9380
9381 9383 9384
9385 9384 9383
9384 9385 9386
9387 9386 9385
9387 9388 9386
9388 9387 9389
9390 9388 9389
9388 9390 9391
9392 9391 9390
9392 9393 9391
9393 9392 9394
9394 9395 9393
9395 9394 9396
9396 9397 9395
9397 9396 9398
9398 9399 9397
9399 9398 9400
9401 9402 9403
9402 9401 9404
9405 9403 9402
9403 9405 9406
9407 9406 9405
9406 9407 9408
9409 9408 9407
9409 9410 9408
9410 9409 9411
9412 9410 9411
9410 9412 9413
9414 9413 9412
9414 9415 9413
9415 9414 9416
9417 9415 9416
9415 9417 9418
9419 9418 9417
9418 9419 9420
9419 9421 9420
9421 9419 9422
9423 9424 9425
9424 9423 9426
9427 9428 9429
9428 9427 9430
9382 9429 9428
9429 9382 9379
9404 9430 9427
9430 9404 9401
9431 9285 9432
9285 9431 9283
9433 9344 9434
9344 9433 9343
9435 9436 9437
9436 9435 9438
9439 9438 9435
9438 9439 9440
9441 9440 9439
9441 9442 9440
9442 9441 9443
9444 9442 9443
9442 9444 9445
9445 9444 9446
9446 9447 9445
9447 9446 9448
9448 9449 9447
9449 9448 9450
9450 9451 9449
9451 9450 9452
9452 9453 9451
9453 9452 9454
9455 9456 9457
9456 9455 9458
9457 9456 9459
9457 9459 9460
9461 9460 9459
9460 9461 9462
9455 9436 9458
9436 9455 9437
9463 9462 9461
9462 9463 9464
9465 9464 9463
9464 9465 9466
9467 9466 9465
9466 9467 9468
9468 9467 9469
9469 9470 9468
9470 9469 9471
9472 9470 9471
9470 9472 9473
9472 9474 9473
9474 9475 9473
9475 9474 9476
9476 9477 9475
9477 9476 9478
9478 9479 9477
9479 9478 9480
9480 9481 9479
9481 9480 9482
9483 9484 9485
9484 9483 9486
9486 9487 9484
9487 9486 9488
9488 9489 9487
9489 9488 9490
9490 9491 9489
9491 9490 9492
9493 9491 9492
9491 9493 9494
9495 9494 9493
9494 9495 9496
9497 9496 9495
9496 9497 9498
9499 9498 9497
9498 9499 9500
9499 9501 9500
9501 9499 9502
9502 9503 9501
9503 9502 9504
9504 9505 9503
9505 9504 9506
9507 9505 9506
9505 9507 9508
9509 9508 9507
9508 9509 9510
9511 9510 9509
9510 9511 9512
9511 9513 9512
9513 9511 9514
9514 9515 9513
9515 9514 9516
9517 9515 9516
9515 9517 9518
9519 9518 9517
9518 9519 9520
9521 9520 9519
9520 9521 9522
9523 9522 9521
9522 9523 9524
9523 9525 9524
9525 9523 9526
9526 9527 9525
9527 9526 9528
9529 9530 9531
9530 9529 9532
9532 9533 9530
9533 9532 9534
9534 9535 9533
9535 9534 9536
9536 9537 9535
9537 9536 9538
9539 9537 9538
9537 9539 9540
9541 9540 9539
9540 9541 9542
9541 9543 9542
9543 9541 9544
9545 9529 9531
9529 9545 9546
9547 9546 9545
9546 9547 9548
9549 9548 9547
9548 9549 9550
9551 9550 9549
9550 9551 9552
9551 9553 9552
9553 9551 9554
9555 9553 9554
9553 9555 9556
9557 9556 9555
9556 9557 9558
9559 9558 9557
9558 9559 9560
9559 9561 9560
9561 9559 9562
9562 9563 9561
9563 9562 9564
9564 9565 9563
9565 9564 9566
9566 9567 9565
9567 9566 9568
9568 9569 9567
9569 9568 9570
9571 9569 9570
9569 9571 9572
9571 9573 9572
9573 9571 9574
9575 9576 9577
9576 9575 9578
9579 9580 9581
9580 9579 9582
9583 9581 9580
9581 9583 9584
9585 9584 9583
9584 9585 9586
9587 9586 9585
9588 9586 9587
9586 9588 9589
9590 9589 9588
9589 9590 9591
9592 9591 9590
9592 9593 9591
9593 9592 9594
9594 9595 9593
9595 9594 9596
9596 9597 9595
9597 9596 9598
9598 9599 9597
9599 9598 9600
9601 9602 9603
9602 9601 9604
9605 9603 9602
9603 9605 9606
9607 9606 9605
9606 9607 9608
9609 9608 9607
9609 9610 9608
9610 9609 9611
9611 9612 9610
9612 9611 9613
9614 9612 9613
9614 9615 9612
9615 9614 9616
9617 9615 9616
9615 9617 9618
9619 9618 9617
9618 9619 9620
9619 9621 9620
9621 9619 9622
9623 9624 9625
9624 9623 9626
9627 9628 9629
9628 9627 9630
9582 9629 9628
9629 9582 9579
9604 9630 9627
9630 9604 9601
9631 9485 9632
9485 9631 9483
9633 9544 9634
9544 9633 9543
7124 7103 7102
7201 6702 6691
9635 9636 9637
9636 9635 9638
9639 9637 9636
9637 9639 9640
9639 9641 9640
9641 9642 9640
9642 9641 9643
9643 9644 9642
9644 9643 9645
9646 9644 9645
9644 9646 9647
9648 9647 9646
9647 9648 9649
9650 9649 9648
9650 9651 9649
9651 9650 9652
9651 9652 9653
9651 9653 9654
9654 9655 9651
9655 9654 9656
9656 9657 9655
9656 9658 9657
9658 9659 9657
9659 9658 9660
9660 9661 9659
9661 9660 9662
9638 9661 9662
9661 9638 9635
9663 9664 9665
9664 9663 9666
9665 9667 9663
9667 9665 9668
9668 9669 9667
9669 9668 9670
9666 9671 9664
9671 9666 9672
9673 9671 9672
9671 9673 9674
9675 9674 9673
9674 9675 9676
9669 9670 9677
9673 9678 9675
9679 9675 9678
9678 9680 9679
9680 9678 9681
9682 9681 9678
9678 9673 9682
9672 9682 9673
9681 9682 9683
9684 9683 9682
9682 9672 9684
9683 9684 9685
9686 9683 9685
9683 9686 9687
9687 9681 9683
9688 9680 9681
9681 9687 9688
9680 9688 9689
9689 9690 9680
9690 9679 9680
9690 9689 9691
9679 9690 9692
9692 9693 9679
9684 9694 9685
9686 9685 9694
9694 9684 9695
9695 9696 9694
9696 9697 9694
9686 9694 9697
9697 9696 9698
9699 9698 9696
9700 9699 9696
9696 9695 9700
9699 9700 9701
9702 9699 9701
9699 9702 9703
9704 9703 9702
9703 9704 9705
9705 9706 9703
9706 9705 9707
9703 9708 9699
9708 9703 9706
9698 9699 9708
9709 9707 9705
9707 9709 9710
9711 9710 9709
9712 9711 9709
9705 9712 9709
9712 9705 9704
9711 9712 9713
9713 9714 9711
9714 9713 9715
9715 9716 9714
9716 9715 9717
9710 9711 9718
9714 9718 9711
9718 9714 9719
9716 9719 9714
9719 9716 9720
9721 9720 9716
9720 9721 9722
9723 9713 9712
9704 9723 9712
9723 9704 9677
9724 9723 9677
9702 9677 9704
9677 9702 9669
9702 9667 9669
9667 9702 9701
9701 9663 9667
9663 9701 9700
9700 9666 9663
9666 9700 9695
9695 9672 9666
9672 9695 9684
9724 9677 9670
9725 9723 9724
9725 9726 9723
9725 9727 9726
9727 9725 9728
9728 9729 9727
9730 9729 9728
9729 9730 9731
9713 9723 9726
9726 9715 9713
9715 9726 9727
9727 9717 9715
9717 9727 9729
9731 9717 9729
9717 9731 9732
9733 9717 9732
9733 9716 9717
9733 9721 9716
9734 9735 9736
9735 9734 9737
9676 9736 9735
9736 9676 9675
9675 9679 9736
9736 9679 9693
9693 9738 9736
9738 9734 9736
9693 9739 9738
9740 9741 9742
9741 9740 9743
9744 9743 9740
9743 9744 9745
9744 9746 9745
9746 9744 9747
9748 9742 9741
9742 9748 9749
9747 9750 9746
9750 9747 9751
9752 9750 9751
9750 9752 9753
9748 9754 9749
9754 9748 9755
9756 9754 9755
9754 9756 9757
9758 9759 9760
9759 9758 9761
9760 9762 9758
9762 9760 9763
9761 9764 9759
9764 9761 9765
9765 9766 9764
9766 9765 9767
9763 9768 9762
9768 9763 9769
9767 9770 9766
9770 9767 9771
9772 9770 9771
9770 9772 9773
9772 9774 9773
9774 9772 9775
9776 9777 9778
9777 9776 9779
9778 9780 9776
9780 9778 9781
9780 9781 9782
9783 9782 9781
9782 9783 9784
9785 9784 9783
9784 9785 9786
9785 9787 9786
9787 9785 9788
9788 9789 9787
9789 9788 9790
9791 9789 9790
9792 9791 9790
9791 9792 9793
9792 9794 9793
9792 9795 9794
9796 9795 9792
9795 9796 9797
9797 9796 9798
9797 9798 9799
9800 9799 9798
9799 9800 9801
9802 9801 9800
9801 9802 9803
9802 9779 9803
9779 9802 9777
9804 9805 9806
9805 9804 9807
9808 9806 9805
9806 9808 9809
9810 9809 9808
9809 9810 9811
9812 9807 9804
9807 9812 9813
9812 9814 9813
9814 9812 9815
9815 9816 9814
9816 9815 9817
9810 9818 9811
9819 9814 9816
9816 9820 9819
9821 9819 9820
9819 9821 9822
9822 9823 9819
9814 9819 9823
9823 9813 9814
9823 9822 9824
9824 9825 9823
9813 9823 9825
9825 9824 9826
9824 9827 9826
9827 9824 9828
9822 9828 9824
9821 9829 9822
9828 9822 9829
9829 9821 9830
9831 9830 9821
9820 9831 9821
9830 9831 9832
9831 9820 9833
9833 9820 9834
9835 9825 9826
9827 9835 9826
9825 9835 9836
9837 9836 9835
9838 9837 9835
9827 9838 9835
9837 9838 9839
9839 9840 9837
9840 9841 9837
9836 9837 9841
9841 9840 9842
9840 9843 9842
9843 9840 9844
9844 9845 9843
9845 9844 9846
9847 9846 9844
9846 9847 9848
9844 9849 9847
9849 9844 9840
9840 9839 9849
9848 9850 9846
9850 9848 9851
9851 9852 9850
9852 9853 9850
9853 9846 9850
9846 9853 9845
9853 9852 9854
9855 9854 9852
9854 9855 9856
9857 9856 9855
9856 9857 9858
9852 9851 9859
9859 9855 9852
9855 9859 9860
9860 9857 9855
9857 9860 9861
9861 9862 9857
9862 9861 9863
9854 9864 9853
9864 9845 9853
9845 9864 9818
9865 9818 9864
9866 9865 9864
9818 9843 9845
9843 9818 9810
9808 9843 9810
9843 9808 9842
9805 9842 9808
9842 9805 9841
9807 9841 9805
9841 9807 9836
9813 9836 9807
9836 9813 9825
9865 9811 9818
9866 9864 9867
9868 9866 9867
9866 9868 9869
9869 9868 9870
9870 9871 9869
9871 9870 9872
9867 9856 9868
9856 9867 9854
9864 9854 9867
9858 9868 9856
9868 9858 9870
9858 9872 9870
9872 9858 9873
9874 9873 9858
9874 9858 9857
9874 9857 9862
9875 9876 9877
9876 9875 9878
9877 9817 9875
9817 9877 9816
9820 9816 9877
9877 9834 9820
9834 9877 9879
9879 9877 9876
9834 9879 9880
9881 9882 9883
9882 9881 9884
9883 9885 9881
9885 9883 9886
9887 9885 9886
9885 9887 9888
9884 9889 9882
9889 9884 9890
9891 9888 9887
9888 9891 9892
9891 9893 9892
9893 9891 9894
9895 9889 9890
9889 9895 9896
9895 9897 9896
9897 9895 9898
9899 9900 9901
9901 9902 9899
9902 9901 9903
9904 9900 9899
9900 9904 9905
9906 9904 9899
9906 9899 9907
9902 9907 9899
9904 9906 9908
9907 9902 9909
9910 9909 9902
9909 9910 9911
9902 9912 9910
9912 9902 9903
9904 9913 9905
9913 9904 9914
9913 9914 9915
9916 9915 9914
9915 9916 9917
9904 9918 9914
9918 9904 9908
9914 9918 9919
9919 9916 9914
9916 9919 9920
9920 9921 9916
9921 9920 9922
9923 9916 9921
9916 9923 9917
9924 9925 9926
9925 9924 9927
9927 9928 9925
9928 9927 9929
9926 9930 9924
9930 9926 9931
9932 9927 9924
9927 9932 9933
9933 9929 9927
9934 9924 9930
9924 9934 9932
9929 9933 9935
9936 9928 9929
9935 9937 9929
9937 9936 9929
9937 9935 9938
9937 9938 9939
9939 9940 9937
9936 9937 9940
9940 9939 9941
9942 9930 9931
9930 9942 9943
9943 9934 9930
9944 9943 9942
9943 9944 9945
9946 9945 9944
9945 9946 9947
9945 9948 9943
9934 9943 9948
9948 9945 9949
9949 9945 9947
9947 9950 9949
9947 9946 9951
9952 9950 9947
9951 9952 9947
9950 9952 9953
9952 9954 9953
9955 9954 9952
9952 9951 9955
9954 9955 9956
9957 9958 9959
9958 9957 9960
9958 9961 9959
9961 9958 9962
9960 9963 9958
9963 9962 9958
9963 9960 9964
9960 9957 9965
9961 9962 9966
9962 9963 9967
9968 9964 9960
9965 9968 9960
9964 9968 9969
9968 9965 9970
9971 9966 9962
9969 9968 9972
9973 9968 9970
9968 9973 9972
9962 9974 9971
9967 9974 9962
9972 9975 9969
9974 9967 9976
9972 9973 9977
9978 9975 9972
9977 9978 9972
9978 9976 9975
9976 9978 9974
9978 9977 9979
9978 9980 9974
9980 9978 9979
9981 9982 9983
9982 9981 9984
9984 9985 9982
9985 9984 9986
9987 9981 9983
9981 9987 9988
9989 9984 9981
9989 9981 9988
9990 9986 9984
9984 9989 9990
9986 9991 9985
9991 9986 9992
9993 9986 9990
9986 9993 9992
9987 9994 9988
9994 9989 9988
9994 9987 9995
9989 9994 9996
9992 9997 9991
9997 9992 9998
9998 9992 9993
9993 9999 9998
9999 9993 10000
9996 9994 10001
9994 9995 10001
9998 10002 9997
10002 9998 9999
10000 10003 9999
9999 10004 10002
10004 9999 10003
10001 10005 9996
10005 10001 10006
10001 10007 10006
9995 10007 10001
10008 10003 10000
10003 10008 10009
10003 10010 10004
10010 10003 10009
10011 10005 10006
10012 10013 10014
10013 10012 10015
10016 10012 10014
10012 10016 10017
10015 10018 10013
10018 10019 10013
10019 10018 10020
10020 10021 10019
10021 10020 10022
10021 10022 10023
10024 10021 10023
10025 10026 10027
10026 10025 10028
10029 10027 10026
10027 10029 10030
10031 10028 10025
10028 10031 10032
10033 10032 10031
10032 10033 10034
10035 10034 10033
10034 10035 10036
10037 10036 10035
10036 10037 10038
10039 10040 10041
10040 10039 10042
10043 10039 10041
10039 10043 10044
10045 10042 10039
10044 10045 10039
10042 10045 10046
10047 10040 10042
10044 10043 10048
10045 10044 10049
10046 10050 10042
10050 10047 10042
10050 10046 10051
10047 10050 10052
10053 10044 10048
10051 10054 10050
10055 10050 10054
10050 10055 10052
10044 10053 10056
10056 10049 10044
10054 10051 10057
10049 10056 10058
10059 10055 10054
10060 10054 10057
10060 10059 10054
10060 10058 10056
10058 10060 10057
10059 10060 10061
10062 10060 10056
10060 10062 10061
10063 10064 10065
10064 10063 10066
10067 10065 10064
10065 10067 10068
10063 10069 10066
10069 10063 10070
10071 10063 10065
10071 10070 10063
10072 10065 10068
10065 10072 10071
10073 10068 10067
10068 10073 10074
10075 10072 10068
10068 10074 10075
10076 10069 10070
10071 10076 10070
10069 10076 10077
10076 10071 10078
10079 10074 10073
10074 10079 10080
10080 10075 10074
10081 10075 10080
10075 10081 10082
10076 10078 10083
10077 10076 10083
10084 10080 10079
10080 10084 10081
10085 10077 10083
10082 10081 10086
10087 10081 10084
10081 10087 10086
10088 10083 10078
10083 10088 10089
10083 10089 10085
10086 10090 10082
10090 10086 10091
10092 10086 10087
10086 10092 10091
10093 10089 10088
10094 10095 10096
10095 10094 10097
10095 10098 10096
10098 10095 10099
10098 10099 10100
10097 10094 10101
10102 10101 10094
10101 10102 10103
10100 10103 10102
10103 10100 10104
10100 10099 10104
10105 6265 6266
3108 3127 3109
3105 3127 3108
10106 5250 5252
10106 5252 5275
5259 5275 5252
10107 10108 10109
10110 5186 5183
10111 10112 10113
10114 10115 10116
10115 10114 10117
10115 10118 10116
10118 10115 10119
10119 10120 10118
10120 10119 10121
10121 10122 10120
10122 10121 10123
10123 10124 10122
10124 10123 10125
10125 10126 10124
10126 10125 10127
10127 10128 10126
10128 10127 10129
10129 10130 10128
10130 10129 10131
10132 10130 10131
10130 10132 10133
10132 10134 10133
10135 10134 10132
10136 10134 10135
10134 10136 10137
10138 10137 10136
10137 10138 10139
10138 10140 10139
10141 10140 10138
10141 10114 10140
10114 10141 10117
10142 10143 10144
10143 10145 10144
10143 10146 10145
10146 10147 10145
10147 10148 10145
10142 10144 10149
10147 10150 10148
10151 10142 10149
10152 10151 10149
10151 10152 10153
10154 10152 10149
10149 10155 10154
10144 10155 10149
10156 10154 10155
10154 10156 10157
10158 10154 10157
10159 10158 10157
10160 10153 10152
10160 10152 10154
10161 10160 10154
10158 10161 10154
10162 10161 10158
10158 10163 10162
10158 10159 10163
10163 10164 10162
10164 10163 10165
10163 10166 10165
10166 10163 10167
10167 10163 10159
10167 10159 10168
10169 10166 10167
10168 10170 10167
10164 10171 10162
10162 10171 10161
10171 10164 10172
10173 10171 10172
10171 10173 10174
10171 10175 10161
10175 10171 10174
10161 10175 10160
10174 10176 10175
10176 10174 10177
10177 10174 10178
10178 10174 10173
10176 10179 10175
10180 10170 10168
10180 10181 10170
10168 10182 10180
10182 10183 10180
10183 10181 10180
10183 10182 10184
10185 10184 10182
10185 10186 10184
10186 10185 10187
10188 10186 10187
10186 10188 10189
10190 10184 10186
10184 10190 10183
10186 10189 10190
10188 10191 10189
10192 10191 10188
10188 10193 10192
10191 10194 10189
10189 10194 10190
10194 10191 10195
10196 10194 10195
10197 10194 10196
10190 10194 10197
10197 10198 10190
10190 10198 10183
10199 10198 10197
10188 10200 10193
10200 10188 10187
10200 10187 10201
10201 10202 10200
10203 10197 10196
10204 10198 10199
10205 10204 10199
10206 10204 10205
10207 10204 10206
10208 10206 10205
10208 10205 10209
10205 10210 10209
10205 10199 10210
10203 10209 10210
10210 10197 10203
10199 10197 10210
10209 10211 10208
10211 10212 10208
10213 10212 10211
10208 10214 10206
10214 10207 10206
10215 10207 10214
10215 10216 10207
10217 10215 10214
10217 10214 10208
10215 10217 10218
10218 10216 10215
10217 10208 10219
10212 10219 10208
10216 10218 10220
10220 10221 10216
10222 10216 10221
10207 10216 10222
10222 10223 10207
10221 10220 10224
10220 10225 10224
10225 10220 10226
10218 10226 10220
10226 10218 10227
10218 10228 10227
10217 10219 10228
10217 10228 10218
10219 10229 10228
10223 10204 10207
10223 10181 10204
10223 10170 10181
10230 10170 10223
10222 10230 10223
10231 10230 10222
10222 10221 10231
10230 10232 10170
10230 10169 10232
10230 10233 10169
10233 10230 10231
10181 10198 10204
10183 10198 10181
10167 10170 10232
10169 10167 10232
10229 10234 10235
10234 10236 10235
10236 10237 10235
10237 10236 10238
10239 10237 10238
10237 10239 10240
10241 10240 10239
10240 10241 10242
10241 10243 10242
10243 10241 10244
10244 10245 10243
10245 10244 10246
10244 10247 10246
10247 10248 10246
10248 10247 10249
10250 10249 10247
10247 10251 10250
10251 10252 10250
10250 10252 10253
10250 10253 10249
10252 10251 10254
10254 10255 10252
10255 10254 10256
10257 10256 10254
10251 10257 10254
10256 10257 10258
10259 10257 10251
10257 10260 10258
10261 10258 10260
10258 10261 10262
10262 10256 10258
10260 10257 10263
10263 10257 10259
10264 10263 10259
10264 10265 10263
10265 10260 10263
10266 10262 10261
10262 10266 10267
10260 10268 10261
10268 10266 10261
10268 10260 10269
10260 10265 10269
10269 10265 10270
10269 10270 10268
10256 10262 10271
10262 10267 10271
10266 10268 10272
10268 10191 10272
10191 10273 10272
10272 10273 10274
10266 10272 10274
10275 10274 10273
10276 10275 10273
10275 10277 10274
10275 10276 10278
10275 10278 10279
10279 10280 10275
10280 10277 10275
10281 10279 10278
10279 10281 10282
10282 10280 10279
10276 10283 10278
10278 10283 10284
10278 10284 10281
10285 10281 10284
10281 10285 10286
10286 10282 10281
10284 10287 10285
10287 10284 10288
10288 10284 10283
10150 10287 10288
10288 10289 10150
10289 10288 10283
10282 10286 10290
10290 10291 10282
10280 10282 10291
10291 10290 10292
10293 10291 10292
10283 10294 10289
10283 10276 10294
10150 10289 10148
10289 10294 10148
10294 10276 10193
10276 10273 10193
10193 10273 10192
10192 10273 10191
10294 10202 10148
10148 10202 10145
10145 10202 10201
10295 10145 10201
10295 10144 10145
10295 10155 10144
10202 10294 10200
10294 10193 10200
10201 10187 10295
10295 10187 10185
10295 10185 10156
10156 10155 10295
10156 10185 10296
10156 10296 10157
10185 10182 10296
10168 10296 10182
10159 10296 10168
10157 10296 10159
10195 10191 10268
10268 10270 10195
10196 10195 10270
10196 10270 10203
10203 10270 10297
10298 10203 10297
10298 10297 10299
10213 10298 10299
10213 10299 10300
10236 10213 10300
10211 10298 10213
10211 10301 10298
10298 10301 10203
10234 10213 10236
10270 10265 10297
10297 10265 10302
10297 10302 10299
10300 10299 10302
10300 10302 10303
10303 10236 10300
10236 10303 10238
10209 10301 10211
10203 10301 10209
10234 10212 10213
10234 10304 10212
10212 10304 10219
10304 10229 10219
10304 10234 10229
10302 10305 10303
10302 10264 10305
10302 10265 10264
10264 10306 10305
10303 10305 10239
10303 10239 10238
10241 10305 10306
10239 10305 10241
10264 10259 10306
10307 10306 10259
10307 10244 10306
10306 10244 10241
10307 10259 10251
10244 10307 10247
10247 10307 10251
10308 10309 10310
10309 10308 10311
10312 10310 10309
10313 10310 10312
10310 10313 10314
10314 10308 10310
10315 10313 10312
10312 10316 10315
10312 10309 10316
10314 10317 10308
10318 10309 10311
10319 10317 10314
10317 10319 10320
10314 10321 10319
10321 10314 10313
10322 10320 10319
10320 10322 10323
10324 10319 10321
10319 10324 10322
10321 10325 10324
10325 10326 10324
10325 10321 10327
10321 10313 10327
10327 10313 10328
10315 10328 10313
10315 10329 10328
10328 10329 10327
10330 10325 10327
10327 10329 10330
10329 10331 10330
10331 10329 10332
10332 10329 10333
10332 10333 10334
10325 10330 10335
10331 10335 10330
10336 10325 10335
10336 10326 10325
10335 10331 10337
10338 10323 10322
10338 10322 10339
10340 10339 10322
10340 10322 10324
10341 10336 10335
10341 10335 10342
10342 10335 10337
10343 10342 10337
10344 10337 10331
10337 10344 10345
10343 10337 10345
10346 10343 10345
10343 10346 10347
10346 10348 10347
10348 10346 10349
10350 10348 10349
10348 10350 10351
10352 10348 10351
10348 10352 10353
10353 10347 10348
10347 10353 10354
10354 10343 10347
10343 10354 10355
10355 10342 10343
10342 10355 10356
10341 10342 10356
10357 10351 10350
10358 10351 10357
10358 10357 10359
10291 10358 10359
10293 10351 10358
10293 10358 10291
10293 10352 10351
10360 10291 10359
10360 10280 10291
10360 10361 10280
10362 10280 10361
10280 10362 10277
10363 10277 10362
10363 10274 10277
10363 10364 10274
10365 10364 10363
10364 10365 10366
10364 10366 10334
10366 10332 10334
10332 10366 10367
10332 10367 10368
10368 10331 10332
10368 10344 10331
10364 10266 10274
10266 10364 10267
10334 10267 10364
10271 10267 10334
10334 10333 10271
10271 10333 10255
10315 10255 10333
10369 10255 10315
10315 10316 10369
10316 10370 10369
10316 10371 10370
10371 10316 10372
10373 10370 10371
10371 10374 10373
10374 10371 10375
10371 10318 10375
10371 10372 10318
10376 10373 10374
10376 10377 10373
10370 10373 10378
10373 10377 10378
10370 10378 10253
10378 10377 10249
10378 10249 10253
10379 10249 10377
10249 10379 10248
10377 10376 10380
10377 10380 10379
10376 10381 10380
10381 10376 10382
10376 10374 10382
10381 10383 10380
10383 10381 10384
10379 10385 10248
10385 10379 10386
10386 10380 10383
10380 10386 10379
10385 10246 10248
10246 10385 10245
10253 10252 10387
10252 10369 10387
10370 10253 10387
10369 10370 10387
10255 10369 10252
10271 10255 10256
10388 10323 10338
10389 10160 10179
10153 10160 10389
10179 10160 10175
10390 10391 10392
10391 10390 10393
10392 10394 10390
10394 10392 10395
10395 10396 10394
10396 10395 10397
10398 10390 10394
10390 10398 10399
10399 10393 10390
10400 10399 10398
10401 10400 10398
10401 10394 10396
10394 10401 10398
10400 10401 10402
10401 10403 10402
10403 10401 10404
10405 10402 10403
10402 10405 10406
10406 10400 10402
10406 10405 10407
10407 10408 10406
10400 10406 10408
10408 10407 10409
10410 10400 10408
10400 10410 10411
10400 10411 10399
10408 10412 10410
10412 10408 10409
10407 10413 10409
10413 10414 10409
10414 10412 10409
10413 10415 10414
10415 10413 10416
10416 10417 10415
10417 10416 10418
10418 10419 10417
10419 10418 10420
10420 10421 10419
10421 10420 10422
10422 10423 10421
10423 10422 10424
10425 10423 10424
10426 10425 10424
10427 10426 10424
10428 10424 10422
10424 10428 10427
10428 10429 10427
10429 10428 10430
10431 10430 10428
10431 10422 10420
10422 10431 10428
10430 10431 10432
10433 10432 10431
10420 10433 10431
10433 10420 10418
10432 10433 10434
10435 10434 10433
10434 10435 10436
10435 10437 10436
10437 10435 10438
10407 10437 10438
10437 10407 10439
10416 10438 10435
10438 10416 10413
10407 10438 10413
10435 10418 10416
10418 10435 10433
10405 10439 10407
10440 10427 10429
10427 10440 10426
10441 10426 10440
10426 10441 10442
10442 10425 10426
10425 10442 10443
10444 10443 10442
10441 10444 10442
10443 10444 10445
10445 10446 10443
10446 10445 10447
10447 10448 10446
10448 10449 10446
10449 10443 10446
10443 10449 10425
10449 10448 10450
10451 10447 10445
10444 10451 10445
10447 10451 10452
10451 10444 10453
10454 10451 10453
10451 10454 10455
10456 10455 10454
10455 10456 10457
10458 10455 10457
10455 10458 10459
10451 10459 10452
10459 10451 10455
10460 10452 10459
10458 10460 10459
10452 10460 10461
10447 10452 10461
10447 10461 10448
10460 10458 10462
10458 10463 10462
10457 10463 10458
10463 10464 10462
10464 10463 10465
10466 10457 10456
10457 10466 10467
10467 10465 10463
10463 10457 10467
10468 10467 10466
10467 10468 10469
10465 10467 10469
10470 10469 10468
10469 10470 10471
10471 10465 10469
10465 10471 10472
10472 10464 10465
10473 10472 10471
10472 10473 10474
10471 10475 10473
10470 10475 10471
10476 10473 10475
10473 10476 10477
10477 10474 10473
10474 10477 10478
10479 10477 10476
10477 10479 10480
10480 10478 10477
10478 10480 10481
10482 10480 10479
10480 10482 10483
10483 10481 10480
10484 10470 10468
10470 10484 10485
10486 10476 10475
10486 10485 10487
10487 10488 10486
10476 10486 10488
10488 10479 10476
10488 10487 10489
10489 10490 10488
10479 10488 10490
10490 10489 10491
10491 10492 10490
10479 10492 10482
10492 10479 10490
10492 10491 10493
10485 10486 10470
10486 10475 10470
10481 10483 10494
10468 10495 10484
10495 10468 10466
10456 10495 10466
10495 10456 10496
10454 10496 10456
10496 10454 10497
10454 10498 10497
10498 10454 10453
10453 10499 10498
10499 10453 10444
10444 10441 10499
10500 10494 10501
10494 10500 10481
10500 10502 10481
10503 10481 10502
10481 10503 10478
10504 10478 10503
10478 10504 10474
10505 10474 10504
10474 10505 10472
10472 10505 10506
10464 10472 10506
10507 10508 10411
10509 10507 10411
10509 10510 10507
10509 10511 10510
10512 10510 10511
10510 10512 10513
10514 10513 10512
10512 10415 10514
10415 10515 10514
10516 10514 10515
10514 10516 10517
10513 10514 10517
10515 10415 10417
10417 10518 10515
10515 10518 10519
10515 10519 10516
10518 10417 10419
10419 10520 10518
10520 10419 10421
10421 10521 10520
10521 10522 10520
10522 10521 10523
10521 10421 10423
10423 10449 10521
10523 10521 10449
10449 10423 10425
10520 10524 10518
10524 10520 10522
10519 10518 10524
10525 10523 10449
10449 10450 10525
10526 10527 10528
10526 10529 10527
10529 10530 10527
10530 10529 10531
10532 10531 10529
10531 10532 10533
10533 10534 10531
10534 10533 10535
10531 10536 10530
10536 10531 10534
10536 10537 10530
10537 10538 10530
10538 10527 10530
10527 10538 10528
10539 10537 10536
10539 10536 10540
10534 10540 10536
10541 10539 10540
10542 10541 10540
10540 10543 10542
10543 10540 10544
10535 10544 10534
10540 10534 10544
10544 10545 10543
10545 10544 10546
10544 10535 10546
10547 10539 10541
10548 10537 10539
10548 10539 10547
10537 10548 10549
10549 10538 10537
10548 10550 10549
10551 10549 10550
10550 10548 10552
10547 10552 10548
10552 10547 10553
10553 10554 10552
10395 10551 10550
10551 10395 10392
10392 10555 10551
10556 10551 10555
10551 10556 10557
10557 10549 10551
10538 10549 10557
10538 10557 10556
10555 10392 10391
10553 10558 10554
10559 10554 10558
10554 10559 10560
10404 10560 10559
10560 10397 10554
10554 10397 10552
10397 10560 10396
10404 10401 10560
10401 10396 10560
10550 10397 10395
10397 10550 10552
10561 10555 10391
10393 10561 10391
10561 10393 10562
10508 10562 10393
10393 10399 10508
10508 10399 10411
10562 10508 10563
10563 10508 10507
10509 10411 10410
10410 10511 10509
10511 10410 10412
10414 10511 10412
10512 10511 10414
10415 10512 10414
10555 10561 10564
10564 10556 10555
10556 10564 10565
10566 10556 10565
10538 10556 10566
10538 10566 10528
10532 10567 10568
10567 10532 10529
10529 10526 10567
10569 10570 10571
10570 10569 10572
10572 10569 10573
10574 10572 10573
10572 10574 10575
10574 10576 10575
10576 10574 10577
10577 10578 10576
10578 10577 10579
10580 10578 10579
10581 10578 10580
10582 10581 10580
10580 10583 10582
10583 10580 10579
10584 10582 10583
10582 10584 10585
10586 10585 10584
10585 10586 10587
10587 10586 10588
10588 10586 10589
10590 10589 10586
10584 10590 10586
10589 10590 10591
10592 10591 10590
10591 10592 10593
10592 10594 10593
10592 10595 10594
10595 10596 10594
10594 10596 10597
10596 10598 10597
10598 10596 10595
10598 10599 10597
10599 10598 10600
10600 10601 10599
10589 10602 10588
10602 10587 10588
10603 10592 10590
10592 10603 10604
10603 10605 10604
10603 10606 10605
10603 10583 10606
10606 10583 10579
10607 10606 10579
10608 10607 10579
10608 10609 10607
10609 10604 10605
10606 10609 10605
10609 10606 10607
10610 10609 10608
10608 10611 10610
10577 10611 10608
10608 10579 10577
10611 10577 10574
10583 10603 10584
10604 10609 10612
10604 10612 10613
10592 10604 10613
10613 10612 10595
10592 10613 10595
10612 10598 10595
10614 10612 10609
10610 10614 10609
10611 10614 10610
10615 10612 10614
10612 10615 10600
10612 10600 10598
10616 10600 10615
10600 10616 10601
10617 10614 10611
10618 10617 10611
10617 10618 10619
10618 10620 10619
10615 10620 10621
10620 10618 10621
10620 10615 10622
10614 10617 10623
10623 10615 10614
10615 10623 10622
10624 10622 10623
10617 10624 10623
10624 10617 10619
10620 10624 10619
10622 10624 10620
10618 10625 10621
10625 10618 10573
10611 10573 10618
10573 10611 10574
10621 10625 10626
10573 10569 10625
10616 10627 10601
10627 10599 10601
10599 10627 10628
10621 10626 10629
10621 10629 10615
10616 10615 10629
10627 10616 10630
10629 10630 10616
10630 10629 10626
10628 10631 10599
10632 10631 10628
10628 10633 10632
10631 10632 10634
10632 10633 10634
10633 10635 10634
10636 10635 10633
10635 10591 10634
10591 10635 10589
10636 10589 10635
10634 10591 10593
10631 10634 10593
10594 10631 10593
10631 10594 10597
10636 10602 10589
10637 10602 10636
10637 10636 10638
10638 10636 10633
10637 10639 10602
10640 10639 10637
10640 10641 10639
10641 10640 10642
10643 10642 10640
10587 10639 10641
10587 10602 10639
10641 10585 10587
10585 10641 10644
10642 10644 10641
10582 10585 10644
10582 10644 10645
10644 10646 10645
10646 10647 10645
10646 10648 10647
10648 10578 10647
10648 10649 10578
10649 10576 10578
10650 10576 10649
10650 10649 10651
10652 10650 10651
10570 10652 10651
10652 10570 10653
10572 10653 10570
10653 10572 10654
10572 10655 10654
10655 10572 10575
10576 10650 10575
10650 10655 10575
10655 10656 10654
10654 10656 10653
10653 10656 10652
10656 10657 10652
10650 10652 10657
10655 10650 10657
10657 10656 10655
10658 10649 10648
10658 10659 10649
10651 10649 10659
10651 10659 10660
10659 10658 10660
10660 10658 10661
10570 10651 10571
10651 10660 10571
10661 10658 10662
10658 10663 10662
10663 10664 10662
10646 10664 10663
10664 10646 10644
10663 10648 10646
10648 10663 10658
10644 10642 10664
10643 10664 10642
10662 10664 10643
10647 10581 10645
10578 10581 10647
10582 10645 10581
10590 10584 10603
10372 10309 10318
10316 10309 10372
10315 10333 10329
10631 10597 10599
10324 10326 10665
10340 10324 10665
10666 10667 10668
10667 10666 10669
10670 10667 10669
10667 10670 10671
10672 10671 10670
10671 10672 10673
10674 10673 10672
10673 10674 10675
10676 10675 10674
10675 10676 10677
10678 10677 10676
10677 10678 10679
10680 10679 10678
10679 10680 10681
10682 10681 10680
10681 10682 10683
10682 10684 10683
10684 10682 10685
10684 10685 10686
10687 10684 10686
10686 10688 10687
10688 10686 10689
10689 10690 10688
10690 10689 10691
10690 10691 10692
10693 10690 10692
10666 10693 10692
10693 10666 10668
10694 10695 10696
10696 10695 10697
10696 10697 10698
10698 10697 10699
10699 10697 10700
10694 10701 10695
10699 10700 10702
10703 10701 10694
10703 10704 10701
10704 10703 10705
10706 10701 10704
10701 10706 10707
10695 10701 10707
10706 10708 10707
10708 10706 10709
10710 10709 10706
10711 10709 10710
10705 10712 10704
10712 10706 10704
10713 10706 10712
10710 10706 10713
10714 10710 10713
10710 10714 10715
10710 10715 10711
10716 10715 10714
10715 10716 10717
10718 10715 10717
10715 10718 10719
10719 10711 10715
10719 10720 10711
10721 10719 10718
10720 10719 10722
10723 10716 10714
10714 10713 10723
10716 10723 10724
10723 10725 10724
10725 10723 10726
10723 10727 10726
10727 10723 10713
10713 10712 10727
10726 10727 10728
10728 10729 10726
10729 10730 10726
10730 10725 10726
10728 10727 10731
10732 10720 10722
10732 10722 10733
10720 10732 10734
10735 10734 10732
10735 10732 10733
10734 10735 10736
10737 10734 10736
10738 10737 10736
10737 10738 10739
10738 10740 10739
10740 10738 10741
10742 10736 10735
10736 10742 10738
10738 10742 10741
10740 10741 10743
10744 10740 10743
10740 10744 10745
10746 10743 10741
10741 10742 10746
10743 10746 10747
10748 10747 10746
10749 10748 10746
10742 10749 10746
10749 10742 10750
10742 10735 10750
10751 10749 10750
10740 10745 10752
10752 10739 10740
10752 10753 10739
10753 10752 10754
10755 10748 10749
10756 10751 10750
10757 10751 10756
10758 10757 10756
10759 10758 10756
10760 10757 10758
10760 10761 10757
10757 10761 10762
10757 10762 10751
10755 10762 10761
10762 10755 10749
10751 10762 10749
10761 10760 10763
10763 10760 10764
10765 10763 10764
10760 10758 10766
10766 10758 10759
10767 10766 10759
10767 10759 10768
10767 10769 10766
10769 10760 10766
10769 10767 10770
10768 10770 10767
10769 10771 10760
10764 10760 10771
10770 10768 10772
10773 10772 10768
10774 10773 10768
10759 10774 10768
10774 10759 10775
10772 10773 10776
10777 10772 10776
10772 10777 10778
10778 10770 10772
10770 10778 10779
10770 10779 10780
10769 10780 10771
10769 10770 10780
10771 10780 10781
10782 10771 10781
10764 10771 10782
10783 10764 10782
10782 10781 10783
10783 10765 10764
10783 10784 10765
10784 10785 10765
10765 10785 10786
10783 10787 10784
10781 10787 10783
10788 10784 10787
10784 10788 10789
10788 10790 10789
10790 10788 10791
10791 10792 10790
10792 10791 10793
10794 10792 10793
10792 10794 10795
10796 10795 10794
10795 10796 10797
10795 10797 10798
10799 10798 10797
10798 10799 10800
10801 10798 10800
10798 10801 10802
10803 10802 10801
10801 10804 10803
10801 10800 10804
10802 10803 10805
10806 10805 10803
10805 10806 10807
10807 10808 10805
10802 10805 10808
10808 10807 10809
10810 10802 10808
10811 10808 10809
10809 10812 10811
10812 10809 10813
10807 10813 10809
10808 10811 10814
10814 10810 10808
10815 10810 10814
10815 10814 10816
10811 10816 10814
10813 10817 10812
10817 10813 10818
10819 10811 10812
10817 10819 10812
10811 10819 10820
10816 10811 10820
10820 10821 10816
10820 10819 10821
10813 10807 10822
10813 10822 10818
10819 10817 10823
10819 10823 10743
10743 10823 10824
10823 10825 10824
10817 10825 10823
10826 10824 10825
10827 10824 10826
10826 10825 10828
10826 10829 10827
10826 10830 10829
10830 10826 10831
10831 10826 10828
10830 10832 10829
10832 10830 10833
10831 10833 10830
10827 10829 10834
10829 10835 10834
10829 10832 10835
10832 10836 10835
10836 10832 10837
10833 10837 10832
10838 10835 10836
10835 10838 10839
10839 10834 10835
10702 10839 10838
10839 10702 10840
10840 10834 10839
10837 10833 10841
10842 10841 10833
10833 10831 10842
10841 10842 10843
10844 10843 10842
10834 10840 10845
10834 10845 10827
10702 10700 10840
10840 10700 10845
10845 10745 10827
10827 10745 10824
10745 10744 10824
10744 10743 10824
10845 10700 10754
10700 10697 10754
10697 10753 10754
10846 10753 10697
10846 10697 10695
10846 10695 10707
10754 10752 10845
10845 10752 10745
10753 10846 10739
10846 10737 10739
10846 10708 10737
10708 10846 10707
10708 10847 10737
10708 10709 10847
10737 10847 10734
10720 10734 10847
10711 10720 10847
10709 10711 10847
10747 10819 10743
10819 10747 10821
10748 10821 10747
10748 10755 10821
10755 10848 10821
10849 10848 10755
10849 10786 10848
10765 10786 10849
10763 10765 10849
10763 10849 10850
10849 10755 10850
10821 10848 10816
10848 10851 10816
10848 10786 10851
10761 10763 10850
10755 10761 10850
10785 10851 10786
10785 10852 10851
10784 10852 10785
10852 10784 10789
10851 10852 10853
10851 10853 10815
10851 10815 10816
10815 10853 10854
10852 10790 10853
10852 10789 10790
10792 10854 10853
10790 10792 10853
10815 10854 10810
10855 10810 10854
10855 10854 10795
10854 10792 10795
10855 10802 10810
10795 10798 10855
10798 10802 10855
10856 10775 10722
10856 10722 10857
10856 10857 10721
10856 10721 10858
10775 10733 10722
10775 10756 10733
10775 10759 10756
10774 10775 10856
10859 10774 10856
10858 10859 10856
10774 10859 10773
10733 10756 10750
10735 10733 10750
10719 10857 10722
10721 10857 10719
10860 10861 10862
10861 10860 10863
10864 10860 10862
10862 10865 10864
10865 10862 10866
10866 10862 10861
10867 10864 10865
10864 10867 10868
10864 10868 10860
10866 10861 10869
10870 10863 10860
10869 10871 10866
10871 10869 10872
10873 10866 10871
10866 10873 10865
10872 10874 10871
10874 10872 10875
10876 10871 10874
10871 10876 10873
10877 10873 10876
10877 10876 10878
10873 10877 10879
10873 10879 10865
10879 10880 10865
10867 10865 10880
10867 10880 10881
10880 10879 10881
10877 10882 10879
10879 10882 10881
10883 10881 10882
10881 10883 10884
10884 10885 10881
10884 10886 10885
10882 10877 10887
10887 10883 10882
10888 10887 10877
10888 10877 10878
10883 10887 10889
10890 10874 10875
10891 10890 10875
10890 10892 10874
10893 10874 10892
10893 10876 10874
10894 10887 10888
10894 10895 10887
10895 10889 10887
10896 10889 10895
10897 10886 10884
10898 10886 10897
10884 10899 10897
10884 10900 10899
10898 10897 10901
10900 10884 10883
10900 10883 10902
10889 10902 10883
10902 10889 10903
10896 10903 10889
10896 10904 10903
10904 10896 10905
10906 10904 10905
10904 10906 10907
10906 10908 10907
10908 10906 10909
10901 10910 10898
10910 10825 10898
10910 10828 10825
10910 10911 10828
10911 10831 10828
10831 10911 10912
10913 10831 10912
10906 10914 10909
10914 10906 10915
10905 10915 10906
10915 10905 10916
10896 10916 10905
10916 10896 10917
10895 10917 10896
10917 10895 10918
10894 10918 10895
10817 10898 10825
10913 10842 10831
10913 10919 10842
10842 10919 10920
10920 10919 10921
10920 10921 10909
10844 10920 10909
10844 10842 10920
10921 10908 10909
10844 10909 10914
10898 10817 10818
10886 10898 10818
10822 10886 10818
10886 10822 10885
10822 10806 10885
10867 10885 10806
10922 10867 10806
10867 10922 10868
10868 10922 10923
10924 10868 10923
10868 10924 10925
10923 10926 10924
10927 10924 10926
10924 10927 10928
10924 10928 10870
10924 10870 10925
10929 10927 10926
10929 10926 10930
10926 10923 10931
10926 10931 10930
10923 10804 10931
10931 10800 10930
10931 10804 10800
10800 10932 10930
10932 10800 10799
10930 10933 10929
10930 10932 10933
10934 10929 10933
10929 10934 10935
10929 10935 10927
10936 10934 10933
10934 10936 10937
10938 10932 10799
10932 10938 10939
10939 10933 10932
10933 10939 10936
10797 10938 10799
10938 10797 10796
10804 10940 10803
10803 10940 10922
10923 10940 10804
10922 10940 10923
10806 10803 10922
10822 10807 10806
10941 10731 10712
10712 10705 10941
10731 10727 10712
10942 10943 10944
10943 10942 10945
10946 10944 10943
10944 10946 10947
10948 10947 10946
10947 10948 10949
10943 10950 10946
10950 10943 10951
10945 10951 10943
10952 10950 10951
10952 10953 10950
10953 10946 10950
10946 10953 10948
10953 10952 10954
10955 10953 10954
10953 10955 10956
10954 10957 10955
10957 10954 10958
10952 10958 10954
10958 10959 10957
10960 10959 10958
10958 10952 10960
10959 10960 10961
10952 10962 10960
10962 10952 10963
10952 10951 10963
10964 10960 10962
10960 10964 10961
10959 10961 10965
10965 10961 10966
10966 10961 10964
10967 10965 10966
10965 10967 10968
10969 10968 10967
10968 10969 10970
10971 10970 10969
10970 10971 10972
10973 10972 10971
10972 10973 10974
10975 10974 10973
10974 10975 10976
10977 10976 10975
10978 10976 10977
10979 10976 10978
10980 10976 10979
10976 10980 10974
10981 10980 10979
10980 10981 10982
10982 10983 10980
10983 10974 10980
10974 10983 10972
10983 10982 10984
10984 10985 10983
10972 10985 10970
10985 10972 10983
10985 10984 10986
10986 10987 10985
10987 10986 10988
10989 10987 10988
10987 10989 10990
10989 10959 10990
10959 10989 10991
10990 10968 10987
10968 10990 10965
10959 10965 10990
10987 10970 10985
10970 10987 10968
10957 10959 10991
10979 10992 10981
10992 10979 10978
10978 10993 10992
10993 10978 10994
10977 10994 10978
10994 10977 10995
10995 10996 10994
10996 10993 10994
10996 10995 10997
10998 10997 10995
10997 10998 10999
10999 10998 11000
11001 11000 10998
11001 10995 10977
10995 11001 10998
11000 11001 11002
10999 11003 10997
11003 10996 10997
11003 10999 11004
10996 11003 11005
11003 11006 11005
11006 11003 11007
11007 11008 11006
11008 11007 11009
11007 11010 11009
11010 11007 11011
11011 11003 11004
11003 11011 11007
11004 11012 11011
11012 11010 11011
11012 11004 11013
10999 11013 11004
10999 11000 11013
11010 11012 11014
11010 11014 11015
11015 11009 11010
11016 11015 11014
11015 11016 11017
11009 11018 11008
11018 11009 11019
11017 11019 11015
11009 11015 11019
11019 11020 11018
11020 11019 11021
11019 11017 11021
11021 11022 11020
11022 11021 11023
11017 11023 11021
11023 11017 11024
11016 11024 11017
11024 11025 11023
11025 11024 11026
11023 11025 11027
11022 11023 11027
11025 11028 11027
11028 11025 11029
11026 11029 11025
11029 11026 11030
11029 11031 11028
11031 11029 11032
11030 11032 11029
11032 11030 11033
11032 11034 11031
11034 11032 11035
11033 11035 11032
11022 11036 11020
11036 11022 11037
11028 11038 11027
11037 11038 11039
11040 11039 11038
11038 11028 11040
11031 11040 11028
11039 11040 11041
11042 11041 11040
11040 11031 11042
11041 11042 11043
11044 11043 11042
11031 11044 11042
11044 11031 11034
11043 11044 11045
11038 11037 11022
11038 11022 11027
11035 11033 11046
11047 11020 11036
11020 11047 11018
11047 11008 11018
11008 11047 11048
11048 11006 11008
11006 11048 11049
11050 11006 11049
11006 11050 11005
11051 11005 11050
11005 11051 10996
10993 10996 11051
11052 11046 11033
11046 11052 11053
11052 11033 11054
11033 11055 11054
11055 11033 11030
11030 11056 11055
11056 11030 11026
11026 11057 11056
11057 11026 11024
11024 11058 11057
11024 11016 11058
11059 10963 11060
11061 10963 11059
11061 11059 11062
11061 11062 11063
11062 11064 11063
11064 11062 11065
11065 11066 11064
10967 11064 11066
11067 10967 11066
11066 11068 11067
11068 11066 11069
11066 11065 11069
10967 11067 10969
11070 10969 11067
11067 11071 11070
11067 11068 11071
10969 11070 10971
11072 10971 11070
10971 11072 10973
11073 10973 11072
11074 11073 11072
11073 11074 11075
10973 11073 10975
11001 10975 11073
11075 11001 11073
10975 11001 10977
11072 11076 11074
11076 11072 11070
11071 11076 11070
11077 11001 11075
11001 11077 11002
11078 11079 11080
11081 11078 11080
11082 11081 11080
11081 11082 11083
11083 11084 11081
11084 11083 11085
11086 11085 11083
11085 11086 11087
11083 11088 11086
11088 11083 11082
11088 11082 11089
11089 11082 11090
11090 11082 11080
11080 11079 11090
11091 11088 11089
11091 11092 11088
11092 11086 11088
11093 11092 11091
11094 11092 11093
11095 11092 11094
11092 11095 11096
11096 11087 11086
11086 11092 11096
11097 11096 11095
11096 11097 11098
11087 11096 11098
11099 11093 11091
11089 11100 11091
11100 11099 11091
11100 11089 11101
11090 11101 11089
11102 11100 11101
11103 11102 11101
11100 11102 11104
11104 11099 11100
11099 11104 11105
11105 11104 11106
11103 10947 11102
10947 11103 10944
11107 10944 11103
11103 11108 11107
11108 11103 11109
11109 11103 11101
11101 11090 11109
11090 11108 11109
10944 11107 10942
11105 11106 11110
11106 11111 11110
11111 11106 11112
10956 11111 11112
10949 11112 11106
11106 11104 10949
11112 10949 10948
10956 11112 10953
10953 11112 10948
10949 11102 10947
11102 10949 11104
11107 11113 10942
11113 10945 10942
10945 11113 11114
11114 11060 10945
10951 10945 11060
11060 10963 10951
11060 11114 11115
11115 11059 11060
11061 10962 10963
11063 10962 11061
10962 11063 10964
10966 10964 11063
11064 10966 11063
11064 10967 10966
11113 11107 11116
11108 11116 11107
11116 11108 11117
11118 11117 11108
11090 11118 11108
11090 11079 11118
11084 11119 11081
11119 11084 11120
11078 11081 11119
11121 11122 11123
11123 11124 11121
11124 11125 11121
11124 11126 11125
11126 11124 11127
11128 11126 11127
11126 11128 11129
11130 11129 11128
11129 11130 11131
11132 11131 11130
11133 11132 11130
11134 11132 11133
11132 11134 11135
11135 11131 11132
11134 11136 11135
11136 11134 11137
11137 11138 11136
11138 11137 11139
11139 11140 11138
11140 11141 11138
11141 11142 11138
11142 11136 11138
11142 11141 11143
11143 11144 11142
11144 11143 11145
11144 11145 11146
11144 11146 11147
11147 11146 11148
11146 11149 11148
11148 11149 11150
11150 11147 11148
11151 11150 11149
11150 11151 11152
11152 11151 11153
11141 11140 11154
11154 11140 11139
11144 11155 11142
11155 11144 11156
11155 11156 11157
11155 11157 11158
11135 11155 11158
11158 11131 11135
11159 11131 11158
11160 11131 11159
11160 11159 11161
11161 11157 11156
11158 11157 11161
11161 11159 11158
11162 11160 11161
11160 11162 11163
11163 11129 11160
11160 11129 11131
11129 11163 11126
11155 11135 11136
11156 11164 11161
11156 11165 11164
11144 11165 11156
11165 11147 11164
11144 11147 11165
11164 11147 11150
11166 11161 11164
11162 11161 11166
11163 11162 11166
11164 11167 11166
11167 11164 11152
11164 11150 11152
11152 11168 11167
11168 11152 11153
11166 11169 11163
11169 11170 11163
11170 11169 11171
11172 11170 11171
11172 11167 11173
11170 11172 11173
11167 11172 11174
11169 11166 11175
11167 11175 11166
11175 11167 11174
11176 11175 11174
11169 11175 11176
11176 11171 11169
11172 11171 11176
11174 11172 11176
11177 11170 11173
11170 11177 11125
11125 11163 11170
11163 11125 11126
11173 11178 11177
11125 11177 11121
11179 11168 11153
11151 11179 11153
11179 11151 11180
11168 11179 11181
11181 11182 11168
11182 11181 11178
11168 11182 11167
11173 11167 11182
11173 11182 11178
11180 11151 11183
11184 11180 11183
11180 11184 11185
11183 11186 11184
11184 11186 11185
11185 11186 11187
11188 11185 11187
11143 11187 11186
11187 11143 11141
11188 11187 11141
11186 11145 11143
11183 11145 11186
11183 11146 11145
11146 11183 11149
11188 11141 11154
11189 11188 11154
11189 11190 11188
11190 11185 11188
11189 11154 11191
11192 11189 11191
11193 11192 11191
11192 11193 11194
11195 11192 11194
11139 11193 11191
11139 11191 11154
11137 11193 11139
11193 11137 11196
11196 11194 11193
11134 11196 11137
11134 11197 11196
11196 11197 11198
11198 11197 11199
11198 11199 11200
11200 11199 11130
11200 11130 11201
11201 11130 11128
11128 11202 11201
11202 11203 11201
11202 11204 11203
11204 11123 11203
11123 11204 11205
11205 11124 11123
11124 11205 11206
11207 11124 11206
11124 11207 11127
11202 11128 11127
11207 11202 11127
11207 11206 11208
11206 11205 11208
11205 11204 11208
11208 11204 11209
11204 11202 11209
11202 11207 11209
11209 11207 11208
11210 11200 11201
11210 11201 11211
11203 11211 11201
11203 11212 11211
11211 11212 11210
11212 11213 11210
11123 11122 11203
11203 11122 11212
11213 11214 11210
11210 11214 11215
11215 11214 11216
11216 11198 11215
11198 11216 11196
11200 11215 11198
11215 11200 11210
11194 11196 11216
11195 11194 11216
11214 11195 11216
11199 11197 11133
11130 11199 11133
11134 11133 11197
11136 11142 11155
10925 10870 10860
10868 10925 10860
10867 10881 10885
11183 11151 11149
10876 11217 10878
10893 11217 10876
11218 11219 11220
11219 11218 11221
11222 11220 11219
11220 11222 11223
11224 11223 11222
11223 11224 11225
11226 11225 11224
11225 11226 11227
11226 11228 11227
11228 11226 11229
11229 11230 11228
11230 11229 11231
11231 11232 11230
11232 11231 11233
11233 11234 11232
11234 11233 11235
11235 11236 11234
11236 11235 11237
11238 11236 11237
11236 11238 11239
11238 11240 11239
11240 11238 11241
11241 11242 11240
11242 11241 11243
11243 11244 11242
11244 11243 11245
11245 11246 11244
11246 11245 11247
11248 11246 11247
11246 11248 11249
11248 11250 11249
11250 11248 11251
11252 11250 11251
11218 11253 11221
11254 11255 11256
11255 11257 11256
11257 11255 11258
11257 11258 11259
4978 4988 4998
4978 4998 4975
4943 4975 4998
4943 4889 4896
4676 4687 4700
